cnpj_dest,chave,valor,numero,serie,dh_emit,duplicated,events
10064946770,35260643861450000181550010000860711066136743,32.9,86071,1,2026-06-06T08:59:03-03:00,True,[]
10064946770,35260643861450000181550020004497781955209029,32.9,449778,2,2026-06-04T18:37:29-03:00,True,[]
14227450748,35260643861450000181550010000863351373275414,45.99,86335,1,2026-06-09T14:06:41-03:00,True,[]
14227450748,35260643861450000181550020004513351486435500,45.99,451335,2,2026-06-09T03:36:54-03:00,True,[]
14227450748,35260643861450000181550020004510841905398290,45.99,451084,2,2026-06-08T12:55:05-03:00,True,[]
07001589799,35260643861450000181550010000863381373363617,31.04,86338,1,2026-06-09T14:07:25-03:00,True,[]
07001589799,35260643861450000181550020004529201353928054,31.04,452920,2,2026-06-14T09:10:51-03:00,True,[]
02374719000118,35260643861450000181550010000863411373455932,30.6,86341,1,2026-06-09T14:08:12-03:00,True,[]
02374719000118,35260643861450000181550020004510291550492668,30.6,451029,2,2026-06-08T10:23:02-03:00,True,[]
39883288808,35260643861450000181550010000863441373578416,267.99,86344,1,2026-06-09T14:09:12-03:00,True,[]
39883288808,35260643861450000181550020004496951225978604,267.99,449695,2,2026-06-04T13:42:20-03:00,True,[]
37164680000199,35260643861450000181550010000863471373821770,30.6,86347,1,2026-06-09T14:11:14-03:00,True,[]
37164680000199,35260643861450000181550020004509311072486869,30.6,450931,2,2026-06-08T03:00:39-03:00,True,[]
04459495708,35260643861450000181550010000863501373866478,45.99,86350,1,2026-06-09T14:11:35-03:00,True,[]
04459495708,35260643861450000181550020004500721678765160,45.99,450072,2,2026-06-05T14:02:07-03:00,True,[]
88945235949,35260643861450000181550010000863531374303100,45.99,86353,1,2026-06-09T14:15:12-03:00,True,[]
88945235949,35260643861450000181550020004508971337148725,45.99,450897,2,2026-06-08T00:38:57-03:00,True,[]
07582054652,35260643861450000181550010000863561374510743,33.19,86356,1,2026-06-09T14:16:58-03:00,True,[]
07582054652,35260643861450000181550020004504191324846625,33.19,450419,2,2026-06-06T14:58:00-03:00,True,[]
22470215811,35260643861450000181550010000863591374567186,22.99,86359,1,2026-06-09T14:17:26-03:00,True,[]
22470215811,35260643861450000181550020004514301806488322,22.99,451430,2,2026-06-09T11:05:30-03:00,True,[]
04374471464,35260643861450000181550010000863621374774420,45.99,86362,1,2026-06-09T14:19:11-03:00,True,[]
04374471464,35260643861450000181550020004514881769935430,45.99,451488,2,2026-06-09T14:19:47-03:00,True,[]
34606377810,35260643861450000181550010000863331373237798,31.04,86333,1,2026-06-09T14:06:24-03:00,True,[]
34606377810,35260643861450000181550020004512191855650750,31.04,451219,2,2026-06-08T20:27:57-03:00,True,[]
12827907739,35260643861450000181550010000863361373327179,45.99,86336,1,2026-06-09T14:07:07-03:00,True,[]
12827907739,35260643861450000181550020004508651098323390,45.99,450865,2,2026-06-07T23:00:53-03:00,True,[]
83492615104,35260643861450000181550010000863421373526853,31.04,86342,1,2026-06-09T14:08:46-03:00,True,[]
83492615104,35260643861450000181550020004501041298429059,31.04,450104,2,2026-06-05T15:12:44-03:00,True,[]
03435736607,35260643861450000181550010000863451373725610,62.08,86345,1,2026-06-09T14:10:28-03:00,True,[]
03435736607,35260643861450000181550020004514801419909555,62.08,451480,2,2026-06-09T14:10:47-03:00,True,[]
11124975799,35260643861450000181550010000863481373842376,22.99,86348,1,2026-06-09T14:11:24-03:00,True,[]
11124975799,35260643861450000181550020004505671668146120,22.99,450567,2,2026-06-07T01:39:08-03:00,True,[]
08942812910,35260643861450000181550010000863511374139283,64.99,86351,1,2026-06-09T14:13:49-03:00,True,[]
08942812910,35260643861450000181550020004514841288869724,64.99,451484,2,2026-06-09T14:14:13-03:00,True,[]
51524594857,35260643861450000181550010000863541374358270,31.04,86354,1,2026-06-09T14:15:39-03:00,True,[]
51524594857,35260643861450000181550020004514861610034820,31.04,451486,2,2026-06-09T14:15:45-03:00,True,[]
05476647708,35260643861450000181550010000863571374513448,261.62,86357,1,2026-06-09T14:16:59-03:00,True,[]
05476647708,35260643861450000181550020004505151829023835,261.62,450515,2,2026-06-06T22:28:48-03:00,True,[]
08605249650,35260643861450000181550010000863601374580914,22.99,86360,1,2026-06-09T14:17:33-03:00,True,[]
08605249650,35260643861450000181550020004513651802997109,22.99,451365,2,2026-06-09T07:19:57-03:00,True,[]
37411111805,35260643861450000181550010000863341373270245,30.6,86334,1,2026-06-09T14:06:39-03:00,True,[]
37411111805,35260643861450000181550020004509151218495111,30.6,450915,2,2026-06-08T02:12:13-03:00,True,[]
21612511805,35260643861450000181550010000863371373362001,45.99,86337,1,2026-06-09T14:07:24-03:00,True,[]
21612511805,35260643861450000181550020004514781720225807,45.99,451478,2,2026-06-09T14:07:22-03:00,True,[]
08283879820,35260643861450000181550010000863401373439859,44.99,86340,1,2026-06-09T14:08:04-03:00,True,[]
08283879820,35260643861450000181550020004508831523278492,44.99,450883,2,2026-06-08T00:04:42-03:00,True,[]
91938546768,35260643861450000181550010000863431373539596,66.38,86343,1,2026-06-09T14:08:53-03:00,True,[]
91938546768,35260643861450000181550020004506531426792942,66.38,450653,2,2026-06-07T09:15:38-03:00,True,[]
14052816773,35260643861450000181550010000863461373785327,33.19,86346,1,2026-06-09T14:10:57-03:00,True,[]
14052816773,35260643861450000181550020004508771394134670,33.19,450877,2,2026-06-07T23:34:05-03:00,True,[]
39106559808,35260643861450000181550010000863491373862439,31.04,86349,1,2026-06-09T14:11:34-03:00,True,[]
39106559808,35260643861450000181550020004510511798073139,31.04,451051,2,2026-06-08T11:22:24-03:00,True,[]
13549653883,35260643861450000181550010000863521374152872,33.19,86352,1,2026-06-09T14:13:56-03:00,True,[]
13549653883,35260643861450000181550020004514821133499082,33.19,451482,2,2026-06-09T14:13:59-03:00,True,[]
08628341633,35260643861450000181550010000863551374401939,33.19,86355,1,2026-06-09T14:16:01-03:00,True,[]
08628341633,35260643861450000181550020004509251587870114,33.19,450925,2,2026-06-08T02:49:24-03:00,True,[]
39927965826,35260643861450000181550010000863581374535295,22.99,86358,1,2026-06-09T14:17:11-03:00,True,[]
39927965826,35260643861450000181550020004513591558009619,22.99,451359,2,2026-06-09T05:46:40-03:00,True,[]
37970917372,35260643861450000181550010000863611374762530,91.98,86361,1,2026-06-09T14:19:05-03:00,True,[]
37970917372,35260643861450000181550020004503831680662080,91.98,450383,2,2026-06-06T13:12:09-03:00,True,[]
04250775607,35260643861450000181550010000863641375153849,30.6,86364,1,2026-06-09T14:22:10-03:00,True,[]
04250775607,35260643861450000181550020004508951591217089,30.6,450895,2,2026-06-08T00:34:29-03:00,True,[]
08751291614,35260643861450000181550010000863651375170686,31.04,86365,1,2026-06-09T14:22:18-03:00,True,[]
08751291614,35260643861450000181550020004514521188822773,31.04,451452,2,2026-06-09T12:28:06-03:00,True,[]
21802826000144,35260643861450000181550010000863681375519400,93.12,86368,1,2026-06-09T14:25:09-03:00,True,[]
21802826000144,35260643861450000181550020004514921326242950,93.12,451492,2,2026-06-09T14:25:44-03:00,True,[]
21802826000144,35260643861450000181550020004515211412546958,93.12,451521,2,2026-06-09T15:46:15-03:00,True,[]
24724280000149,35260643861450000181550010000863711375639967,194.97,86371,1,2026-06-09T14:26:07-03:00,True,[]
24724280000149,35260643861450000181550020004519621606830567,194.97,451962,2,2026-06-11T00:13:46-03:00,True,[]
36877002830,35260643861450000181550010000863741375697306,43.9,86374,1,2026-06-09T14:26:34-03:00,True,[]
36877002830,35260643861450000181550020004512591964439249,43.9,451259,2,2026-06-09T00:01:42-03:00,True,[]
22495141000165,35260643861450000181550010000863771376194482,124.16,86377,1,2026-06-09T14:30:38-03:00,True,[]
22495141000165,35260643861450000181550020004514941231684586,124.16,451494,2,2026-06-09T14:31:50-03:00,True,[]
35690612804,35260643861450000181550010000863831376435215,31.04,86383,1,2026-06-09T14:32:29-03:00,True,[]
35690612804,35260643861450000181550020004514961244448759,31.04,451496,2,2026-06-09T14:32:23-03:00,True,[]
25449261802,35260643861450000181550010000863861376721171,33.19,86386,1,2026-06-09T14:34:44-03:00,True,[]
25449261802,35260643861450000181550020004514981530731232,33.19,451498,2,2026-06-09T14:35:25-03:00,True,[]
55537553000170,35260643861450000181550010000863891376917582,31.04,86389,1,2026-06-09T14:36:18-03:00,True,[]
55537553000170,35260643861450000181550020004512711801293681,31.04,451271,2,2026-06-09T00:32:49-03:00,True,[]
30416444873,35260643861450000181550010000863921377260523,31.04,86392,1,2026-06-09T14:38:56-03:00,True,[]
30416444873,35260643861450000181550020004509371919506362,31.04,450937,2,2026-06-08T03:20:40-03:00,True,[]
07566725629,35260643861450000181550010000863951377662895,31.04,86395,1,2026-06-09T14:41:56-03:00,True,[]
07566725629,35260643861450000181550020004507271507329105,31.04,450727,2,2026-06-07T15:08:31-03:00,True,[]
35207438840,35260643861450000181550010000863981378054149,661.98,86398,1,2026-06-09T14:45:07-03:00,True,[]
35207438840,35260643861450000181550020004511791334332396,661.98,451179,2,2026-06-08T17:43:53-03:00,True,[]
36587917801,35260643861450000181550010000864011378245774,62.08,86401,1,2026-06-09T14:46:34-03:00,True,[]
36587917801,35260643861450000181550020004514111112271900,62.08,451411,2,2026-06-09T10:19:42-03:00,True,[]
27213499882,35260643861450000181550010000864041378691830,33.19,86404,1,2026-06-09T14:50:13-03:00,True,[]
27213499882,35260643861450000181550020004514421233516455,33.19,451442,2,2026-06-09T11:55:21-03:00,True,[]
01835720501,35260643861450000181550010000864071378821884,33.19,86407,1,2026-06-09T14:51:14-03:00,True,[]
01835720501,35260643861450000181550020004514221354262400,33.19,451422,2,2026-06-09T10:46:35-03:00,True,[]
71928475183,35260643861450000181550010000863661375173852,31.04,86366,1,2026-06-09T14:22:19-03:00,True,[]
71928475183,35260643861450000181550020004513251745790258,31.04,451325,2,2026-06-09T03:04:47-03:00,True,[]
51391783972,35260643861450000181550010000863691375554874,45.99,86369,1,2026-06-09T14:25:25-03:00,True,[]
51391783972,35260643861450000181550020004505411328015490,45.99,450541,2,2026-06-07T00:36:12-03:00,True,[]
03591834505,35260643861450000181550010000863721375647428,45.99,86372,1,2026-06-09T14:26:10-03:00,True,[]
03591834505,35260643861450000181550020004508311964744103,45.99,450831,2,2026-06-07T20:21:53-03:00,True,[]
06489221110,35260643861450000181550010000863781376200811,22.99,86378,1,2026-06-09T14:30:41-03:00,True,[]
06489221110,35260643861450000181550020004509231229594118,22.99,450923,2,2026-06-08T02:49:04-03:00,True,[]
38463596886,35260643861450000181550010000863811376329950,22.99,86381,1,2026-06-09T14:31:43-03:00,True,[]
38463596886,35260643861450000181550020004514561608660540,22.99,451456,2,2026-06-09T12:58:25-03:00,True,[]
59138696800,35260643861450000181550010000863871376724100,31.04,86387,1,2026-06-09T14:34:45-03:00,True,[]
59138696800,35260643861450000181550020004509331744251000,31.04,450933,2,2026-06-08T03:10:25-03:00,True,[]
09017370700,35260643861450000181550010000863901376961345,31.04,86390,1,2026-06-09T14:36:37-03:00,True,[]
09017370700,35260643861450000181550020004515001247205231,31.04,451500,2,2026-06-09T14:36:54-03:00,True,[]
08985403990,35260643861450000181550010000863931377398360,62.08,86393,1,2026-06-09T14:39:58-03:00,True,[]
08985403990,35260643861450000181550020004514091917752695,62.08,451409,2,2026-06-09T10:18:33-03:00,True,[]
13701718709,35260643861450000181550010000863961377912112,33.19,86396,1,2026-06-09T14:43:55-03:00,True,[]
13701718709,35260643861450000181550020004511831030046124,33.19,451183,2,2026-06-08T18:00:28-03:00,True,[]
19887423823,35260643861450000181550010000863991378242112,31.04,86399,1,2026-06-09T14:46:32-03:00,True,[]
19887423823,35260643861450000181550020004511611806726991,31.04,451161,2,2026-06-08T17:06:55-03:00,True,[]
45481023881,35260643861450000181550010000864021378314374,31.04,86402,1,2026-06-09T14:47:07-03:00,True,[]
45481023881,35260643861450000181550020004511531055222512,31.04,451153,2,2026-06-08T16:40:17-03:00,True,[]
29612659000180,35260643861450000181550010000864051378707882,31.04,86405,1,2026-06-09T14:51:39-03:00,True,[]
29612659000180,35260643861450000181550020004518341085591667,31.04,451834,2,2026-06-10T14:14:46-03:00,True,[]
37834650874,35260643861450000181550010000863671375212839,31.04,86367,1,2026-06-09T14:22:37-03:00,True,[]
37834650874,35260643861450000181550020004514901399994486,31.04,451490,2,2026-06-09T14:22:45-03:00,True,[]
40001422839,35260643861450000181550010000863701375557718,31.04,86370,1,2026-06-09T14:25:26-03:00,True,[]
40001422839,35260643861450000181550020004508471348669959,31.04,450847,2,2026-06-07T20:55:35-03:00,True,[]
41022828000128,35260643861450000181550010000863731375695144,31.04,86373,1,2026-06-09T14:26:33-03:00,True,[]
41022828000128,35260643861450000181550020004510311855971282,31.04,451031,2,2026-06-08T10:30:09-03:00,True,[]
10768914892,35260643861450000181550010000863761376154599,45.99,86376,1,2026-06-09T14:30:17-03:00,True,[]
10768914892,35260643861450000181550020004509291921228844,45.99,450929,2,2026-06-08T02:57:54-03:00,True,[]
26091925091,35260643861450000181550010000863821376384079,45.98,86382,1,2026-06-09T14:32:09-03:00,True,[]
26091925091,35260643861450000181550020004513931169732800,45.98,451393,2,2026-06-09T09:40:43-03:00,True,[]
06935653657,35260643861450000181550010000863851376572748,77.03,86385,1,2026-06-09T14:33:33-03:00,True,[]
06935653657,35260643861450000181550020004506751832107754,77.03,450675,2,2026-06-07T11:01:00-03:00,True,[]
11936548666,35260643861450000181550010000863881376845886,31.04,86388,1,2026-06-09T14:35:44-03:00,True,[]
11936548666,35260643861450000181550020004512691042497890,31.04,451269,2,2026-06-09T00:30:32-03:00,True,[]
09128923901,35260643861450000181550010000863911377196771,31.04,86391,1,2026-06-09T14:38:28-03:00,True,[]
09128923901,35260643861450000181550020004515021892037364,31.04,451502,2,2026-06-09T14:38:22-03:00,True,[]
14353878999,35260643861450000181550010000863941377439323,45.99,86394,1,2026-06-09T14:40:17-03:00,True,[]
14353878999,35260643861450000181550020004511551178709937,45.99,451155,2,2026-06-08T16:56:49-03:00,True,[]
07331823990,35260643861450000181550010000863971377923618,45.99,86397,1,2026-06-09T14:44:01-03:00,True,[]
07331823990,35260643861450000181550020004511911356588452,45.99,451191,2,2026-06-08T18:14:12-03:00,True,[]
13940849863,35260643861450000181550010000864001378243316,31.04,86400,1,2026-06-09T14:46:33-03:00,True,[]
13940849863,35260643861450000181550020004503271477298833,31.04,450327,2,2026-06-06T09:13:27-03:00,True,[]
04451978033,35260643861450000181550010000864031378481529,31.04,86403,1,2026-06-09T14:48:31-03:00,True,[]
04451978033,35260643861450000181550020004507691737668807,31.04,450769,2,2026-06-07T17:21:51-03:00,True,[]
92218369087,35260643861450000181550010000864061378756031,45.99,86406,1,2026-06-09T14:50:44-03:00,True,[]
92218369087,35260643861450000181550020004514011496223405,45.99,451401,2,2026-06-09T10:10:59-03:00,True,[]
00414584198,35260643861450000181550020004514541838935679,31.04,451454,2,2026-06-09T12:35:34-03:00,True,[]
00414584198,35260643861450000181550010000878051893544986,31.04,87805,1,2026-06-15T19:15:38-03:00,True,[]
03791790323,35260643861450000181550020004514661757681961,45.99,451466,2,2026-06-09T13:13:56-03:00,True,[]
03791790323,35260643861450000181550010000871191635864136,45.99,87119,1,2026-06-12T08:09:02-03:00,True,[]
32222166810,35260643861450000181550020004514151683209874,137.97,451415,2,2026-06-09T10:32:54-03:00,True,[]
32222166810,35260643861450000181550010000870031597807236,137.97,87003,1,2026-06-11T16:33:00-03:00,True,[]
32335862804,35260643861450000181550020004514241414185320,33.19,451424,2,2026-06-09T10:59:00-03:00,True,[]
32335862804,35260643861450000181550010000869311576162766,33.19,86931,1,2026-06-11T13:21:09-03:00,True,[]
17822812823,35260643861450000181550020004514621041394389,45.99,451462,2,2026-06-09T13:02:23-03:00,True,[]
17822812823,35260643861450000181550010000865811510768275,45.99,86581,1,2026-06-10T19:39:40-03:00,True,[]
22039394869,35260643861450000181550020004513631476316251,31.04,451363,2,2026-06-09T07:07:33-03:00,True,[]
22039394869,35260643861450000181550010000869091571831944,31.04,86909,1,2026-06-11T12:38:55-03:00,True,[]
12651355844,35260643861450000181550020004513111076031687,64.99,451311,2,2026-06-09T02:04:36-03:00,True,[]
12651355844,35260643861450000181550010000868301547261007,64.99,86830,1,2026-06-11T09:20:52-03:00,True,[]
06574540445,35260643861450000181550020004513291200929508,45.99,451329,2,2026-06-09T03:22:15-03:00,True,[]
06574540445,35260643861450000181550010000868871567830174,45.99,86887,1,2026-06-11T11:59:31-03:00,True,[]
33063807842,35260643861450000181550020004513971782914185,64.99,451397,2,2026-06-09T09:53:08-03:00,True,[]
33063807842,35260643861450000181550010000865711510043070,64.99,86571,1,2026-06-10T19:26:38-03:00,True,[]
07892087338,35260643861450000181550020004514031167901602,33.19,451403,2,2026-06-09T10:11:19-03:00,True,[]
07892087338,35260643861450000181550010000865611509420497,33.19,86561,1,2026-06-10T19:13:42-03:00,True,[]
60524328000139,35260643861450000181550020004513191140984277,45.99,451319,2,2026-06-09T02:26:19-03:00,True,[]
60524328000139,35260643861450000181550010000868451555987472,45.99,86845,1,2026-06-11T10:25:31-03:00,True,[]
12381139745,35260643861450000181550020004513371262714426,64.99,451337,2,2026-06-09T03:41:27-03:00,True,[]
12381139745,35260643861450000181550010000876261832138715,64.99,87626,1,2026-06-15T11:07:59-03:00,True,[]
90178467472,35260643861450000181550020004513441323920815,62.08,451344,2,2026-06-09T03:54:23-03:00,True,[]
90178467472,35260643861450000181550010000868411553155241,62.08,86841,1,2026-06-11T10:04:47-03:00,True,[]
34448111873,35260643861450000181550020004512641042442402,33.19,451264,2,2026-06-09T00:21:35-03:00,True,[]
34448111873,35260643861450000181550010000869401578129056,33.19,86940,1,2026-06-11T13:40:11-03:00,True,[]
08678686197,35260643861450000181550020004512951986064732,22.99,451295,2,2026-06-09T01:08:28-03:00,True,[]
08678686197,35260643861450000181550010000867951533028568,22.99,86795,1,2026-06-11T07:21:33-03:00,True,[]
96851511568,35260643861450000181550020004513011689197273,31.04,451301,2,2026-06-09T01:14:55-03:00,True,[]
96851511568,35260643861450000181550010000871411648951750,31.04,87141,1,2026-06-12T09:59:50-03:00,True,[]
35148363886,35260643861450000181550020004512651526645791,33.19,451265,2,2026-06-09T00:21:36-03:00,True,[]
35148363886,35260643861450000181550010000866521517575280,33.19,86652,1,2026-06-10T21:31:52-03:00,True,[]
06178881320,35260643861450000181550020004512911556441027,30.6,451291,2,2026-06-09T01:04:13-03:00,True,[]
06178881320,35260643861450000181550010000867931532290540,30.6,86793,1,2026-06-11T07:11:07-03:00,True,[]
34357327172,35260643861450000181550020004511371722367839,45.98,451137,2,2026-06-08T16:01:33-03:00,True,[]
34357327172,35260643861450000181550010000867911531231197,45.98,86791,1,2026-06-11T06:47:35-03:00,True,[]
46955507842,35260643861450000181550020004511721143660550,45.99,451172,2,2026-06-08T17:29:51-03:00,True,[]
46955507842,35260643861450000181550010000869061571663772,45.99,86906,1,2026-06-11T12:37:01-03:00,True,[]
02624086609,35260643861450000181550020004512071164284236,32.9,451207,2,2026-06-08T19:30:11-03:00,True,[]
02624086609,35260643861450000181550010000871151634182504,32.9,87115,1,2026-06-12T07:52:06-03:00,True,[]
10357086635,35260643861450000181550020004512811171167514,45.99,451281,2,2026-06-09T00:54:32-03:00,True,[]
10357086635,35260643861450000181550010000865621509515649,45.99,86562,1,2026-06-10T19:15:56-03:00,True,[]
10232046654,35260643861450000181550020004511451677730854,22.99,451145,2,2026-06-08T16:16:03-03:00,True,[]
10232046654,35260643861450000181550010000868481556712819,22.99,86848,1,2026-06-11T10:30:49-03:00,True,[]
33244308520,35260643861450000181550020004511651986040308,31.04,451165,2,2026-06-08T17:25:59-03:00,True,[]
33244308520,35260643861450000181550010000868571560459927,31.04,86857,1,2026-06-11T10:58:29-03:00,True,[]
21666611816,35260643861450000181550020004512091601176049,22.99,451209,2,2026-06-08T19:35:48-03:00,True,[]
21666611816,35260643861450000181550010000867901530853847,22.99,86790,1,2026-06-11T06:34:59-03:00,True,[]
12396405608,35260643861450000181550020004510431173259465,31.04,451043,2,2026-06-08T11:05:53-03:00,True,[]
12396405608,35260643861450000181550010000867961533279363,31.04,86796,1,2026-06-11T07:24:57-03:00,True,[]
89795172034,35260643861450000181550020004510591276391080,31.04,451059,2,2026-06-08T11:34:06-03:00,True,[]
89795172034,35260643861450000181550010000867991534260331,31.04,86799,1,2026-06-11T07:37:30-03:00,True,[]
50249487187,35260643861450000181550020004509571178750167,64.99,450957,2,2026-06-08T07:47:22-03:00,True,[]
50249487187,35260643861450000181550010000868061538669699,64.99,86806,1,2026-06-11T08:15:17-03:00,True,[]
63528166000103,35260643861450000181550020004509651322540618,45.99,450965,2,2026-06-08T08:12:56-03:00,True,[]
63528166000103,35260643861450000181550010000868191543957263,45.99,86819,1,2026-06-11T08:56:02-03:00,True,[]
44844041843,35260643861450000181550020004509891062464404,22.99,450989,2,2026-06-08T09:16:53-03:00,True,[]
44844041843,35260643861450000181550010000880361975860781,22.99,88036,1,2026-06-16T14:47:16-03:00,True,[]
11748648187,35260643861450000181550020004509951487386290,129.98,450995,2,2026-06-08T09:23:19-03:00,True,[]
11748648187,35260643861450000181550010000871301642311870,129.98,87130,1,2026-06-12T09:06:23-03:00,True,[]
67483151072,35260643861450000181550020004510861849224940,31.04,451086,2,2026-06-08T12:57:12-03:00,True,[]
67483151072,35260643861450000181550010000868101541697757,31.04,86810,1,2026-06-11T08:38:11-03:00,True,[]
62064564390,35260643861450000181550020004511281726640247,32.72,451128,2,2026-06-08T15:17:03-03:00,True,[]
62064564390,35260643861450000181550010000868151542474979,32.72,86815,1,2026-06-11T08:44:04-03:00,True,[]
30736931813,35260643861450000181550020004509931772469013,124.16,450993,2,2026-06-08T09:21:16-03:00,True,[]
30736931813,35260643861450000181550010000868401552115400,124.16,86840,1,2026-06-11T09:56:52-03:00,True,[]
07231103000101,35260643861450000181550020004510371045068520,261.62,451037,2,2026-06-08T10:50:44-03:00,True,[]
07231103000101,35260643861450000181550010000872671702802250,261.62,87267,1,2026-06-12T20:19:54-03:00,True,[]
14871214745,35260643861450000181550020004509051045070711,45.99,450905,2,2026-06-08T01:42:43-03:00,True,[]
14871214745,35260643861450000181550010000880241971873977,45.99,88024,1,2026-06-16T14:12:27-03:00,True,[]
44528337991,35260643861450000181550020004509111020858363,30.6,450911,2,2026-06-08T02:00:47-03:00,True,[]
44528337991,35260643861450000181550010000876721853797443,30.6,87672,1,2026-06-15T13:38:07-03:00,True,[]
11041275714,35260643861450000181550020004509171649623245,31.04,450917,2,2026-06-08T02:12:44-03:00,True,[]
11041275714,35260643861450000181550010000869321576305858,31.04,86932,1,2026-06-11T13:22:24-03:00,True,[]
22669201890,35260643861450000181550020004509351098197880,31.04,450935,2,2026-06-08T03:13:48-03:00,True,[]
22669201890,35260643861450000181550010000876531847445950,31.04,87653,1,2026-06-15T12:48:03-03:00,True,[]
33347745892,35260643861450000181550020004508051552253897,31.04,450805,2,2026-06-07T19:21:10-03:00,True,[]
33347745892,35260643861450000181550010000868931568290286,31.04,86893,1,2026-06-11T12:03:40-03:00,True,[]
01469809567,35260643861450000181550020004510271249263456,45.99,451027,2,2026-06-08T10:21:27-03:00,True,[]
01469809567,35260643861450000181550010000870641614033774,45.99,87064,1,2026-06-11T20:14:06-03:00,True,[]
49214500720,35260643861450000181550020004509011256866207,45.99,450901,2,2026-06-08T01:18:34-03:00,True,[]
49214500720,35260643861450000181550010000868051538274751,45.99,86805,1,2026-06-11T08:12:28-03:00,True,[]
09491257765,35260643861450000181550020004509451008974462,45.99,450945,2,2026-06-08T03:50:43-03:00,True,[]
09491257765,35260643861450000181550010000869051571607620,45.99,86905,1,2026-06-11T12:36:25-03:00,True,[]
08071079804,35260643861450000181550020004506371070932150,31.04,450637,2,2026-06-07T08:21:05-03:00,True,[]
08071079804,35260643861450000181550010000868811566946949,31.04,86881,1,2026-06-11T11:51:44-03:00,True,[]
01906138230,35260643861450000181550020004507131297162352,65.8,450713,2,2026-06-07T14:26:59-03:00,True,[]
01906138230,35260643861450000181550010000871071629870200,65.8,87107,1,2026-06-12T06:34:09-03:00,True,[]
44216095879,35260643861450000181550020004506331819436677,64.99,450633,2,2026-06-07T08:10:42-03:00,True,[]
44216095879,35260643861450000181550010000877211867403627,64.99,87721,1,2026-06-15T15:19:42-03:00,True,[]
63012502653,35260643861450000181550020004505931463113573,45.99,450593,2,2026-06-07T03:12:35-03:00,True,[]
63012502653,35260643861450000181550010000871221636078873,45.99,87122,1,2026-06-12T08:11:01-03:00,True,[]
04786337501,35260643861450000181550020004504951259670361,45.99,450495,2,2026-06-06T21:27:53-03:00,True,[]
04786337501,35260643861450000181550010000868221544369719,45.99,86822,1,2026-06-11T08:59:22-03:00,True,[]
03396961501,35260643861450000181550020004507091383158713,31.04,450709,2,2026-06-07T14:19:03-03:00,True,[]
03396961501,35260643861450000181550010000869281575674865,31.04,86928,1,2026-06-11T13:16:39-03:00,True,[]
47502600000111,35260643861450000181550020004506031589611821,32.9,450603,2,2026-06-07T04:04:59-03:00,True,[]
47502600000111,35260643861450000181550010000868461556561719,32.9,86846,1,2026-06-11T10:29:41-03:00,True,[]
33618249829,35260643861450000181550020004505071971197951,31.04,450507,2,2026-06-06T22:11:25-03:00,True,[]
33618249829,35260643861450000181550010000874881769578530,31.04,87488,1,2026-06-14T11:52:04-03:00,True,[]
71391614020,35260643861450000181550020004505351174293013,31.04,450535,2,2026-06-07T00:24:38-03:00,True,[]
71391614020,35260643861450000181550010000870341605078699,31.04,87034,1,2026-06-11T17:42:54-03:00,True,[]
17298765442,35260643861450000181550020004504711856787232,28.18,450471,2,2026-06-06T20:09:05-03:00,True,[]
17298765442,35260643861450000181550010000879411922312270,28.18,87941,1,2026-06-16T07:31:17-03:00,True,[]
05219057103,35260643861450000181550020004505491834826329,203.69,450549,2,2026-06-07T00:44:34-03:00,True,[]
05219057103,35260643861450000181550010000867921531705650,203.69,86792,1,2026-06-11T07:00:43-03:00,True,[]
10629939187,35260643861450000181550020004504471842158623,30.6,450447,2,2026-06-06T18:00:38-03:00,True,[]
10629939187,35260643861450000181550010000871551654589796,30.6,87155,1,2026-06-12T10:48:01-03:00,True,[]
00744024200,35260643861450000181550020004505331883280091,155.2,450533,2,2026-06-07T00:23:37-03:00,True,[]
00744024200,35260643861450000181550010000868081540043526,155.2,86808,1,2026-06-11T08:25:14-03:00,True,[]
03339500622,35260643861450000181550020004503231471188808,31.04,450323,2,2026-06-06T08:36:49-03:00,True,[]
03339500622,35260643861450000181550010000882641069775742,31.04,88264,1,2026-06-17T13:56:12-03:00,True,[]
22869960832,35260643861450000181550020004502701996695634,31.04,450270,2,2026-06-06T03:21:12-03:00,True,[]
22869960832,35260643861450000181550010000882191048810101,31.04,88219,1,2026-06-17T10:43:46-03:00,True,[]
74430416249,35260643861450000181550020004502161640284264,31.04,450216,2,2026-06-05T23:09:02-03:00,True,[]
74430416249,35260643861450000181550010000871141633281960,31.04,87114,1,2026-06-12T07:41:21-03:00,True,[]
43215080885,35260643861450000181550020004498941388440135,45.99,449894,2,2026-06-05T01:33:14-03:00,True,[]
43215080885,35260643861450000181550010000876551848242462,45.99,87655,1,2026-06-15T12:54:44-03:00,True,[]
44182390814,35260643861450000181550020004499231710168810,30.6,449923,2,2026-06-05T03:18:29-03:00,True,[]
44182390814,35260643861450000181550010000869101572248011,30.6,86910,1,2026-06-11T12:43:16-03:00,True,[]
66133025034,35260643861450000181550020004498121898878692,22.99,449812,2,2026-06-04T20:24:20-03:00,True,[]
66133025034,35260643861450000181550010000869751591153475,22.99,86975,1,2026-06-11T15:34:24-03:00,True,[]
10399384421,35260643861450000181550020004498401822113932,22.99,449840,2,2026-06-04T22:16:59-03:00,True,[]
10399384421,35260643861450000181550010000868231545203692,22.99,86823,1,2026-06-11T09:05:44-03:00,True,[]
60427760704,35260643861450000181550020004497621693633317,22.99,449762,2,2026-06-04T17:23:22-03:00,True,[]
60427760704,35260643861450000181550010000866171513171851,22.99,86617,1,2026-06-10T20:21:14-03:00,True,[]
06292825876,35260643861450000181550020004497681898279896,31.04,449768,2,2026-06-04T17:54:07-03:00,True,[]
06292825876,35260643861450000181550010000867301524927461,31.04,86730,1,2026-06-11T00:21:39-03:00,True,[]
93727640278,35260643861450000181550020004497201045479264,91.98,449720,2,2026-06-04T14:49:52-03:00,True,[]
93727640278,35260643861450000181550010000869501581460325,91.98,86950,1,2026-06-11T14:10:59-03:00,True,[]
01405698632,35260643861450000181550020004495231300535382,27.99,449523,2,2026-06-04T02:50:12-03:00,True,[]
01405698632,35260643861450000181550010000880721990736316,27.99,88072,1,2026-06-16T16:57:05-03:00,True,[]
55510868872,35260643861450000181550020004492201216858500,30.6,449220,2,2026-06-03T10:42:37-03:00,True,[]
55510868872,35260643861450000181550010000877031858182968,30.6,87703,1,2026-06-15T14:10:34-03:00,True,[]
34681853836,35260643861450000181550020004491391126334648,45.99,449139,2,2026-06-03T05:14:06-03:00,True,[]
34681853836,35260643861450000181550010000877951890733763,45.99,87795,1,2026-06-15T18:40:37-03:00,True,[]
03623635790,35260643861450000181550010000864631406948765,31.04,86463,1,2026-06-09T19:34:45-03:00,True,[]
03623635790,35260643861450000181550020004516831714693439,31.04,451683,2,2026-06-10T02:46:22-03:00,True,[]
24643631899,35260643861450000181550010000864661408176729,45.99,86466,1,2026-06-09T19:56:10-03:00,True,[]
24643631899,35260643861450000181550020004530921496135559,45.99,453092,2,2026-06-15T00:11:12-03:00,True,[]
31250581800,35260643861450000181550010000865601509360560,31.04,86560,1,2026-06-10T19:12:24-03:00,True,[]
31250581800,35260643861450000181550020004518961152864260,31.04,451896,2,2026-06-10T17:31:54-03:00,True,[]
69370087915,35260643861450000181550010000865631509554005,124.16,86563,1,2026-06-10T19:16:53-03:00,True,[]
69370087915,35260643861450000181550020004518321631793535,124.16,451832,2,2026-06-10T14:14:31-03:00,True,[]
02567856943,35260643861450000181550010000865641509554118,31.04,86564,1,2026-06-10T19:16:53-03:00,True,[]
02567856943,35260643861450000181550020004518401520925605,31.04,451840,2,2026-06-10T14:30:19-03:00,True,[]
05512676741,35260643861450000181550010000865651509671189,31.04,86565,1,2026-06-10T19:19:44-03:00,True,[]
05512676741,35260643861450000181550020004516471558875052,31.04,451647,2,2026-06-10T00:30:42-03:00,True,[]
39957937898,35260643861450000181550010000865671509710650,45.99,86567,1,2026-06-10T19:20:35-03:00,True,[]
39957937898,35260643861450000181550020004516231769856498,45.99,451623,2,2026-06-09T22:29:07-03:00,True,[]
42356815830,35260643861450000181550010000865691509891536,31.04,86569,1,2026-06-10T19:23:53-03:00,True,[]
42356815830,35260643861450000181550020004515871011260834,31.04,451587,2,2026-06-09T20:52:22-03:00,True,[]
12213823812,35260643861450000181550010000865721510106745,66.38,86572,1,2026-06-10T19:27:44-03:00,True,[]
12213823812,35260643861450000181550020004517761635568357,66.38,451776,2,2026-06-10T11:31:40-03:00,True,[]
38755757847,35260643861450000181550010000865741510312439,45.99,86574,1,2026-06-10T19:31:27-03:00,True,[]
38755757847,35260643861450000181550020004519221001464264,45.99,451922,2,2026-06-10T19:31:26-03:00,True,[]
14356500857,35260643861450000181550010000865771510508920,33.19,86577,1,2026-06-10T19:35:02-03:00,True,[]
14356500857,35260643861450000181550020004519141723805928,33.19,451914,2,2026-06-10T18:56:40-03:00,True,[]
45856778871,35260643861450000181550010000865791510674078,45.99,86579,1,2026-06-10T19:37:54-03:00,True,[]
45856778871,35260643861450000181550020004518521893221922,45.99,451852,2,2026-06-10T14:53:44-03:00,True,[]
07344478846,35260643861450000181550010000865801510732915,31.04,86580,1,2026-06-10T19:39:00-03:00,True,[]
07344478846,35260643861450000181550020004519241671125545,31.04,451924,2,2026-06-10T19:39:02-03:00,True,[]
04357738601,35260643861450000181550010000865821510809327,45.99,86582,1,2026-06-10T19:40:22-03:00,True,[]
04357738601,35260643861450000181550020004517821463133916,45.99,451782,2,2026-06-10T11:56:35-03:00,True,[]
06585658507,35260643861450000181550010000865831510854788,31.04,86583,1,2026-06-10T19:41:07-03:00,True,[]
06585658507,35260643861450000181550020004518261913605496,31.04,451826,2,2026-06-10T13:39:43-03:00,True,[]
02473310580,35260643861450000181550010000865841510857482,31.04,86584,1,2026-06-10T19:41:08-03:00,True,[]
02473310580,35260643861450000181550020004518171351392011,31.04,451817,2,2026-06-10T13:38:01-03:00,True,[]
41887322000181,35260643861450000181550010000865851510865040,62.08,86585,1,2026-06-10T19:41:14-03:00,True,[]
41887322000181,35260643861450000181550020004518361219372993,62.08,451836,2,2026-06-10T14:15:19-03:00,True,[]
08594535880,35260643861450000181550010000865871510945006,62.08,86587,1,2026-06-10T19:42:34-03:00,True,[]
08594535880,35260643861450000181550020004517371097086845,62.08,451737,2,2026-06-10T08:55:12-03:00,True,[]
34236033801,35260643861450000181550010000865881510991820,31.04,86588,1,2026-06-10T19:43:24-03:00,True,[]
34236033801,35260643861450000181550020004517441551767193,31.04,451744,2,2026-06-10T09:14:53-03:00,True,[]
29091947000137,35260643861450000181550010000865891510998996,45.99,86589,1,2026-06-10T19:43:33-03:00,True,[]
29091947000137,35260643861450000181550020004518621716220237,45.99,451862,2,2026-06-10T15:53:10-03:00,True,[]
09982674650,35260643861450000181550010000865911511097516,62.08,86591,1,2026-06-10T19:45:28-03:00,True,[]
09982674650,35260643861450000181550020004519121276271975,62.08,451912,2,2026-06-10T18:32:27-03:00,True,[]
57784415000110,35260643861450000181550010000865921511110480,65.44,86592,1,2026-06-10T19:45:41-03:00,True,[]
57784415000110,35260643861450000181550020004517781287764340,65.44,451778,2,2026-06-10T11:32:23-03:00,True,[]
08447512436,35260643861450000181550010000865941511240965,45.99,86594,1,2026-06-10T19:48:02-03:00,True,[]
08447512436,35260643861450000181550020004517641951299149,45.99,451764,2,2026-06-10T10:11:53-03:00,True,[]
05872823711,35260643861450000181550010000865951511318384,31.04,86595,1,2026-06-10T19:49:30-03:00,True,[]
05872823711,35260643861450000181550020004516591195376386,31.04,451659,2,2026-06-10T01:09:09-03:00,True,[]
64391116472,35260643861450000181550010000865961511322680,31.04,86596,1,2026-06-10T19:49:35-03:00,True,[]
64391116472,35260643861450000181550020004518801088408343,31.04,451880,2,2026-06-10T17:03:06-03:00,True,[]
33844652884,35260643861450000181550010000865991511548508,91.98,86599,1,2026-06-10T19:52:52-03:00,True,[]
33844652884,35260643861450000181550020004518461064801876,91.98,451846,2,2026-06-10T14:34:59-03:00,True,[]
41955629889,35260643861450000181550010000866001511649889,32.72,86600,1,2026-06-10T19:54:48-03:00,True,[]
41955629889,35260643861450000181550020004519921137671800,32.72,451992,2,2026-06-11T01:40:41-03:00,True,[]
05686418926,35260643861450000181550010000866011511679602,31.04,86601,1,2026-06-10T19:55:18-03:00,True,[]
05686418926,35260643861450000181550020004515571440492550,31.04,451557,2,2026-06-09T18:40:36-03:00,True,[]
37504916668,35260643861450000181550010000866021511717110,62.08,86602,1,2026-06-10T19:56:01-03:00,True,[]
37504916668,35260643861450000181550020004516911156153123,62.08,451691,2,2026-06-10T03:01:50-03:00,True,[]
02908354020,35260643861450000181550010000866031511742376,31.04,86603,1,2026-06-10T19:56:22-03:00,True,[]
02908354020,35260643861450000181550020004517981522193860,31.04,451798,2,2026-06-10T12:23:15-03:00,True,[]
60236233874,35260643861450000181550010000866041511752700,22.99,86604,1,2026-06-10T19:56:32-03:00,True,[]
60236233874,35260643861450000181550020004515791120652073,22.99,451579,2,2026-06-09T20:15:22-03:00,True,[]
28796061871,35260643861450000181550010000866051511764595,31.04,86605,1,2026-06-10T19:56:46-03:00,True,[]
28796061871,35260643861450000181550020004518041839660339,31.04,451804,2,2026-06-10T13:11:27-03:00,True,[]
00426405129,35260643861450000181550010000866081512292508,33.19,86608,1,2026-06-10T20:06:02-03:00,True,[]
00426405129,35260643861450000181550020004515711462466259,33.19,451571,2,2026-06-09T19:24:48-03:00,True,[]
81160860734,35260643861450000181550010000866091512380650,64.99,86609,1,2026-06-10T20:07:28-03:00,True,[]
81160860734,35260643861450000181550020004515191903757810,64.99,451519,2,2026-06-09T15:35:15-03:00,True,[]
44104449000175,35260643861450000181550010000866111512636997,31.04,86611,1,2026-06-10T20:11:58-03:00,True,[]
44104449000175,35260643861450000181550020004518781059779411,31.04,451878,2,2026-06-10T16:49:59-03:00,True,[]
51630954802,35260643861450000181550010000866121512661840,31.04,86612,1,2026-06-10T20:12:23-03:00,True,[]
51630954802,35260643861450000181550020004518931227848990,31.04,451893,2,2026-06-10T17:26:52-03:00,True,[]
04448744612,35260643861450000181550010000866131512684783,31.04,86613,1,2026-06-10T20:12:48-03:00,True,[]
04448744612,35260643861450000181550020004540361061764361,31.04,454036,2,2026-06-18T00:30:15-03:00,True,[]
84995335668,35260643861450000181550010000866141512799987,31.04,86614,1,2026-06-10T20:15:02-03:00,True,[]
84995335668,35260643861450000181550020004516351205193651,31.04,451635,2,2026-06-09T23:16:30-03:00,True,[]
12298622698,35260643861450000181550010000866151512987438,45.99,86615,1,2026-06-10T20:18:08-03:00,True,[]
12298622698,35260643861450000181550020004518941988930262,45.99,451894,2,2026-06-10T17:27:28-03:00,True,[]
43516886889,35260643861450000181550010000866201513231264,31.04,86620,1,2026-06-10T20:22:09-03:00,True,[]
43516886889,35260643861450000181550020004517661861900930,31.04,451766,2,2026-06-10T10:12:59-03:00,True,[]
03045540000180,35260643861450000181550010000866211513322240,66.38,86621,1,2026-06-10T20:23:39-03:00,True,[]
03045540000180,35260643861450000181550020004518561344604155,66.38,451856,2,2026-06-10T14:58:40-03:00,True,[]
08479547731,35260643861450000181550010000866221513332120,31.04,86622,1,2026-06-10T20:23:50-03:00,True,[]
08479547731,35260643861450000181550020004519281101967512,31.04,451928,2,2026-06-10T20:23:47-03:00,True,[]
00499262336,35260643861450000181550010000866231513406368,45.99,86623,1,2026-06-10T20:25:04-03:00,True,[]
00499262336,35260643861450000181550020004516291620629279,45.99,451629,2,2026-06-09T22:53:00-03:00,True,[]
05617240919,35260643861450000181550010000866241513544903,45.99,86624,1,2026-06-10T20:27:10-03:00,True,[]
05617240919,35260643861450000181550020004519041633471978,45.99,451904,2,2026-06-10T18:06:31-03:00,True,[]
06614262548,35260643861450000181550010000866251513602196,45.99,86625,1,2026-06-10T20:28:07-03:00,True,[]
06614262548,35260643861450000181550020004519301031639668,45.99,451930,2,2026-06-10T20:28:05-03:00,True,[]
00530512000240,35260643861450000181550010000866261513698832,93.12,86626,1,2026-06-10T20:29:47-03:00,True,[]
00530512000240,35260643861450000181550020004516791157499622,93.12,451679,2,2026-06-10T02:24:20-03:00,True,[]
00516462342,35260643861450000181550010000866291514043700,91.98,86629,1,2026-06-10T20:35:19-03:00,True,[]
00516462342,35260643861450000181550020004518701878139011,91.98,451870,2,2026-06-10T16:09:43-03:00,True,[]
29122404848,35260643861450000181550010000866301514188270,31.04,86630,1,2026-06-10T20:37:33-03:00,True,[]
29122404848,35260643861450000181550020004519321622729914,31.04,451932,2,2026-06-10T20:37:32-03:00,True,[]
05684208100,35260643861450000181550010000866311514375824,45.99,86631,1,2026-06-10T20:40:34-03:00,True,[]
05684208100,35260643861450000181550020004518981659046302,45.99,451898,2,2026-06-10T17:34:46-03:00,True,[]
37951134821,35260643861450000181550010000866341515051501,45.99,86634,1,2026-06-10T20:51:42-03:00,True,[]
37951134821,35260643861450000181550020004517091877162619,45.99,451709,2,2026-06-10T03:54:01-03:00,True,[]
17405557759,35260643861450000181550010000866361515135793,45.99,86636,1,2026-06-10T20:53:08-03:00,True,[]
17405557759,35260643861450000181550020004515511841519960,45.99,451551,2,2026-06-09T18:03:16-03:00,True,[]
12109014717,35260643861450000181550010000866381515307114,56.99,86638,1,2026-06-10T20:56:05-03:00,True,[]
12109014717,35260643861450000181550020004516751428638918,56.99,451675,2,2026-06-10T02:13:09-03:00,True,[]
34629526846,35260643861450000181550010000866401515370434,31.04,86640,1,2026-06-10T20:57:03-03:00,True,[]
34629526846,35260643861450000181550020004515911655324610,31.04,451591,2,2026-06-09T21:18:41-03:00,True,[]
32180728832,35260643861450000181550010000866411515455666,33.19,86641,1,2026-06-10T20:58:34-03:00,True,[]
32180728832,35260643861450000181550020004519341121547532,33.19,451934,2,2026-06-10T20:58:35-03:00,True,[]
08949799901,35260643861450000181550010000866441516403106,45.99,86644,1,2026-06-10T21:13:00-03:00,True,[]
08949799901,35260643861450000181550020004519361411965994,45.99,451936,2,2026-06-10T21:12:57-03:00,True,[]
71311220178,35260643861450000181550010000866451516605938,267.99,86645,1,2026-06-10T21:16:17-03:00,True,[]
71311220178,35260643861450000181550020004515931408717750,267.99,451593,2,2026-06-09T21:30:25-03:00,True,[]
42428626876,35260643861450000181550010000866461516884109,31.04,86646,1,2026-06-10T21:20:42-03:00,True,[]
42428626876,35260643861450000181550020004515311049063429,31.04,451531,2,2026-06-09T16:37:50-03:00,True,[]
37040690861,35260643861450000181550010000866471517146109,45.99,86647,1,2026-06-10T21:24:59-03:00,True,[]
37040690861,35260643861450000181550020004520681654186418,45.99,452068,2,2026-06-11T09:24:01-03:00,True,[]
36865882857,35260643861450000181550010000866551517806380,45.99,86655,1,2026-06-10T21:35:52-03:00,True,[]
36865882857,35260643861450000181550020004517541315139369,45.99,451754,2,2026-06-10T09:29:53-03:00,True,[]
03410793917,35260643861450000181550010000866561517849397,31.04,86656,1,2026-06-10T21:36:32-03:00,True,[]
03410793917,35260643861450000181550020004519081509598596,31.04,451908,2,2026-06-10T18:08:22-03:00,True,[]
10147559995,35260643861450000181550010000866571517994092,31.04,86657,1,2026-06-10T21:39:01-03:00,True,[]
10147559995,35260643861450000181550020004519381766521710,31.04,451938,2,2026-06-10T21:39:00-03:00,True,[]
05684635873,35260643861450000181550010000866591518254160,31.04,86659,1,2026-06-10T21:43:19-03:00,True,[]
05684635873,35260643861450000181550020004519201992750763,31.04,451920,2,2026-06-10T19:07:49-03:00,True,[]
39001441840,35260643861450000181550010000866601518268447,32.72,86660,1,2026-06-10T21:43:33-03:00,True,[]
39001441840,35260643861450000181550020004518241836595920,32.72,451824,2,2026-06-10T13:34:27-03:00,True,[]
03950023976,35260643861450000181550010000866621518690852,30.99,86662,1,2026-06-10T21:50:56-03:00,True,[]
03950023976,35260643861450000181550020004518841620090771,30.99,451884,2,2026-06-10T17:10:28-03:00,True,[]
01055847030,35260643861450000181550010000866631518767305,33.19,86663,1,2026-06-10T21:52:11-03:00,True,[]
01055847030,35260643861450000181550020004517031096168238,33.19,451703,2,2026-06-10T03:44:45-03:00,True,[]
68262779053,35260643861450000181550010000866641518768279,45.99,86664,1,2026-06-10T21:52:12-03:00,True,[]
68262779053,35260643861450000181550020004516211256039247,45.99,451621,2,2026-06-09T22:24:58-03:00,True,[]
27362394829,35260643861450000181550010000866651518872499,33.19,86665,1,2026-06-10T21:54:04-03:00,True,[]
27362394829,35260643861450000181550020004516131463459738,33.19,451613,2,2026-06-09T22:05:49-03:00,True,[]
10107728648,35260643861450000181550010000866661518909926,64.99,86666,1,2026-06-10T21:54:46-03:00,True,[]
10107728648,35260643861450000181550020004516171565297116,64.99,451617,2,2026-06-09T22:16:01-03:00,True,[]
21445729849,35260643861450000181550010000866671518959190,31.04,86667,1,2026-06-10T21:55:46-03:00,True,[]
21445729849,35260643861450000181550020004531581660122713,31.04,453158,2,2026-06-15T03:11:30-03:00,True,[]
00519985052,35260643861450000181550010000866681518991775,31.04,86668,1,2026-06-10T21:56:21-03:00,True,[]
00519985052,35260643861450000181550020004518181780329467,31.04,451818,2,2026-06-10T13:33:16-03:00,True,[]
09033389630,35260643861450000181550010000866691519018920,64.99,86669,1,2026-06-10T21:56:51-03:00,True,[]
09033389630,35260643861450000181550020004516251703457727,64.99,451625,2,2026-06-09T22:44:55-03:00,True,[]
02733257366,35260643861450000181550010000866701519048285,44.99,86670,1,2026-06-10T21:57:25-03:00,True,[]
02733257366,35260643861450000181550020004516091475252502,44.99,451609,2,2026-06-09T22:05:10-03:00,True,[]
02100927779,35260643861450000181550010000866711519136750,64.99,86671,1,2026-06-10T21:59:19-03:00,True,[]
02100927779,35260643861450000181550020004516051699444120,64.99,451605,2,2026-06-09T22:03:10-03:00,True,[]
03577141565,35260643861450000181550010000866741519946029,45.99,86674,1,2026-06-10T22:14:45-03:00,True,[]
03577141565,35260643861450000181550020004521971714780601,45.99,452197,2,2026-06-11T17:23:12-03:00,True,[]
74227327687,35260643861450000181550010000866761520531508,31.04,86676,1,2026-06-10T22:25:52-03:00,True,[]
74227327687,35260643861450000181550020004518901031599413,31.04,451890,2,2026-06-10T17:14:56-03:00,True,[]
96968400120,35260643861450000181550010000866771520578846,64.99,86677,1,2026-06-10T22:26:43-03:00,True,[]
96968400120,35260643861450000181550020004521951290164718,64.99,452195,2,2026-06-11T17:21:56-03:00,True,[]
54213745805,35260643861450000181550010000866781520584487,31.04,86678,1,2026-06-10T22:26:50-03:00,True,[]
54213745805,35260643861450000181550020004520081431938250,31.04,452008,2,2026-06-11T02:38:47-03:00,True,[]
09523989669,35260643861450000181550010000866801520972663,45.99,86680,1,2026-06-10T22:34:32-03:00,True,[]
09523989669,35260643861450000181550020004519401985279689,45.99,451940,2,2026-06-10T22:34:38-03:00,True,[]
00372274323,35260643861450000181550010000866821521254742,32.72,86682,1,2026-06-10T22:40:18-03:00,True,[]
00372274323,35260643861450000181550020004546481726597183,32.72,454648,2,2026-06-19T03:05:12-03:00,True,[]
09546400637,35260643861450000181550010000866831521628461,31.04,86683,1,2026-06-10T22:47:43-03:00,True,[]
09546400637,35260643861450000181550020004531221003508027,31.04,453122,2,2026-06-15T01:04:15-03:00,True,[]
10942916689,35260643861450000181550010000866841521683613,45.99,86684,1,2026-06-10T22:48:54-03:00,True,[]
10942916689,35260643861450000181550020004555251786221648,45.99,455525,2,2026-06-22T00:30:29-03:00,True,[]
02554809119,35260643861450000181550010000866851521727901,209.99,86685,1,2026-06-10T22:49:59-03:00,True,[]
02554809119,35260643861450000181550020004518821105918566,209.99,451882,2,2026-06-10T17:04:37-03:00,True,[]
41125323850,35260643861450000181550010000866861521876408,93.12,86686,1,2026-06-10T22:53:11-03:00,True,[]
41125323850,35260643861450000181550020004517901661343838,93.12,451790,2,2026-06-10T12:03:57-03:00,True,[]
22713689791,35260643861450000181550010000866871521896430,31.04,86687,1,2026-06-10T22:53:42-03:00,True,[]
22713689791,35260643861450000181550020004518231009612710,31.04,451823,2,2026-06-10T13:39:16-03:00,True,[]
41421362000133,35260643861450000181550010000866881521896969,62.08,86688,1,2026-06-10T22:53:43-03:00,True,[]
41421362000133,35260643861450000181550020004517701662168212,62.08,451770,2,2026-06-10T10:50:14-03:00,True,[]
11232207000108,35260643861450000181550010000866901521986060,33.19,86690,1,2026-06-10T22:55:46-03:00,True,[]
11232207000108,35260643861450000181550020004518721854513708,33.19,451872,2,2026-06-10T16:13:49-03:00,True,[]
03501673973,35260643861450000181550010000866931522287184,31.04,86693,1,2026-06-10T23:02:32-03:00,True,[]
03501673973,35260643861450000181550020004519461254073850,31.04,451946,2,2026-06-10T23:02:32-03:00,True,[]
20793262000168,35260643861450000181550010000866971522538208,33.19,86697,1,2026-06-10T23:08:40-03:00,True,[]
20793262000168,35260643861450000181550020004519521609179160,33.19,451952,2,2026-06-10T23:09:02-03:00,True,[]
44872900820,35260643861450000181550010000866981522542091,31.04,86698,1,2026-06-10T23:08:45-03:00,True,[]
44872900820,35260643861450000181550020004519501605487043,31.04,451950,2,2026-06-10T23:08:51-03:00,True,[]
09363065995,35260643861450000181550010000866991522746247,31.04,86699,1,2026-06-10T23:13:47-03:00,True,[]
09363065995,35260643861450000181550020004519541649931053,31.04,451954,2,2026-06-10T23:13:47-03:00,True,[]
31407270893,35260643861450000181550010000867011522806347,31.04,86701,1,2026-06-10T23:15:30-03:00,True,[]
31407270893,35260643861450000181550020004516551707146288,31.04,451655,2,2026-06-10T01:03:51-03:00,True,[]
26501109884,35260643861450000181550010000867021522808762,31.04,86702,1,2026-06-10T23:15:35-03:00,True,[]
26501109884,35260643861450000181550020004518441823331328,31.04,451844,2,2026-06-10T14:32:12-03:00,True,[]
41408537869,35260643861450000181550010000867031522820093,33.19,86703,1,2026-06-10T23:15:53-03:00,True,[]
41408537869,35260643861450000181550020004518251189643974,33.19,451825,2,2026-06-10T13:41:23-03:00,True,[]
07535355994,35260643861450000181550010000867041522892598,31.04,86704,1,2026-06-10T23:17:39-03:00,True,[]
07535355994,35260643861450000181550020004521741955688555,31.04,452174,2,2026-06-11T16:13:02-03:00,True,[]
07485898647,35260643861450000181550010000867061523174634,45.99,86706,1,2026-06-10T23:26:03-03:00,True,[]
07485898647,35260643861450000181550020004522651245878622,45.99,452265,2,2026-06-12T00:31:09-03:00,True,[]
05724987481,35260643861450000181550010000867071523245601,45.99,86707,1,2026-06-10T23:28:10-03:00,True,[]
05724987481,35260643861450000181550020004517011806236395,45.99,451701,2,2026-06-10T03:28:36-03:00,True,[]
12172115789,35260643861450000181550010000867081523422241,33.19,86708,1,2026-06-10T23:33:33-03:00,True,[]
12172115789,35260643861450000181550020004517051833898432,33.19,451705,2,2026-06-10T03:45:13-03:00,True,[]
07815872980,35260643861450000181550010000867101523825174,31.04,86710,1,2026-06-10T23:47:08-03:00,True,[]
07815872980,35260643861450000181550020004516731097731849,31.04,451673,2,2026-06-10T02:12:56-03:00,True,[]
07760822138,35260643861450000181550010000867111524019233,31.04,86711,1,2026-06-10T23:54:09-03:00,True,[]
07760822138,35260643861450000181550020004516411272749124,31.04,451641,2,2026-06-10T00:08:01-03:00,True,[]
09177976800,35260643861450000181550010000867121524022231,31.04,86712,1,2026-06-10T23:54:14-03:00,True,[]
09177976800,35260643861450000181550020004516531556344774,31.04,451653,2,2026-06-10T00:57:02-03:00,True,[]
96865660234,35260643861450000181550010000867131524034970,31.04,86713,1,2026-06-10T23:54:42-03:00,True,[]
96865660234,35260643861450000181550020004517391584777945,31.04,451739,2,2026-06-10T09:04:34-03:00,True,[]
82459116000158,35260643861450000181550010000867141524114289,64.99,86714,1,2026-06-10T23:57:23-03:00,True,[]
82459116000158,35260643861450000181550020004516391558407480,64.99,451639,2,2026-06-10T00:00:30-03:00,True,[]
08341085852,35260643861450000181550010000867151524117366,31.04,86715,1,2026-06-10T23:57:30-03:00,True,[]
08341085852,35260643861450000181550020004516451690455540,31.04,451645,2,2026-06-10T00:13:45-03:00,True,[]
02950822835,35260643861450000181550010000867161524120283,66.38,86716,1,2026-06-10T23:57:37-03:00,True,[]
02950822835,35260643861450000181550020004516611509308637,66.38,451661,2,2026-06-10T01:14:58-03:00,True,[]
43245762895,35260643861450000181550010000867171524139461,45.99,86717,1,2026-06-10T23:58:24-03:00,True,[]
43245762895,35260643861450000181550020004516851561167439,45.99,451685,2,2026-06-10T02:47:22-03:00,True,[]
66242789604,35260643861450000181550010000867181524143059,129.98,86718,1,2026-06-10T23:58:33-03:00,True,[]
66242789604,35260643861450000181550020004517251945348020,129.98,451725,2,2026-06-10T07:07:44-03:00,True,[]
13722495830,35260643861450000181550010000867191524149305,31.04,86719,1,2026-06-10T23:58:46-03:00,True,[]
13722495830,35260643861450000181550020004527481691401764,31.04,452748,2,2026-06-13T15:05:09-03:00,True,[]
79414125868,35260643861450000181550010000867201524185817,30.6,86720,1,2026-06-11T00:00:20-03:00,True,[]
79414125868,35260643861450000181550020004519601818980770,30.6,451960,2,2026-06-11T00:00:14-03:00,True,[]
36321478504,35260643861450000181550010000867231524423779,31.04,86723,1,2026-06-11T00:06:40-03:00,True,[]
36321478504,35260643861450000181550020004516571171322265,31.04,451657,2,2026-06-10T01:04:37-03:00,True,[]
27472564800,35260643861450000181550010000867241524465630,61.2,86724,1,2026-06-11T00:07:51-03:00,True,[]
27472564800,35260643861450000181550020004520361508863512,61.2,452036,2,2026-06-11T03:49:05-03:00,True,[]
51433221896,35260643861450000181550010000867251524690828,45.99,86725,1,2026-06-11T00:14:38-03:00,True,[]
51433221896,35260643861450000181550020004519641170994821,45.99,451964,2,2026-06-11T00:15:28-03:00,True,[]
40467646864,35260643861450000181550010000867271524774864,31.04,86727,1,2026-06-11T00:16:53-03:00,True,[]
40467646864,35260643861450000181550020004519681017567555,31.04,451968,2,2026-06-11T00:17:33-03:00,True,[]
16644053645,35260643861450000181550010000867281524777984,66.38,86728,1,2026-06-11T00:16:58-03:00,True,[]
16644053645,35260643861450000181550020004518021483083056,66.38,451802,2,2026-06-10T12:59:16-03:00,True,[]
12309762806,35260643861450000181550010000867311524956957,31.04,86731,1,2026-06-11T00:22:39-03:00,True,[]
12309762806,35260643861450000181550020004519721016552077,31.04,451972,2,2026-06-11T00:22:52-03:00,True,[]
87058626472,35260643861450000181550010000867331524992885,62.08,86733,1,2026-06-11T00:23:51-03:00,True,[]
87058626472,35260643861450000181550020004520121261375252,62.08,452012,2,2026-06-11T02:48:40-03:00,True,[]
40022188649,35260643861450000181550010000867341525187436,31.04,86734,1,2026-06-11T00:30:20-03:00,True,[]
40022188649,35260643861450000181550020004519761676558993,31.04,451976,2,2026-06-11T00:30:18-03:00,True,[]
11236271939,35260643861450000181550010000867351525190698,31.04,86735,1,2026-06-11T00:30:25-03:00,True,[]
11236271939,35260643861450000181550020004517721969778580,31.04,451772,2,2026-06-10T11:01:14-03:00,True,[]
08223136694,35260643861450000181550010000867361525190970,31.04,86736,1,2026-06-11T00:30:26-03:00,True,[]
08223136694,35260643861450000181550020004519781381825936,31.04,451978,2,2026-06-11T00:30:29-03:00,True,[]
07953598612,35260643861450000181550010000867371525207919,45.99,86737,1,2026-06-11T00:30:56-03:00,True,[]
07953598612,35260643861450000181550020004519801623076725,45.99,451980,2,2026-06-11T00:31:19-03:00,True,[]
06300986110,35260643861450000181550010000867381525291020,33.19,86738,1,2026-06-11T00:33:38-03:00,True,[]
06300986110,35260643861450000181550020004516631900780513,33.19,451663,2,2026-06-10T01:26:31-03:00,True,[]
09851337676,35260643861450000181550010000867391525316135,31.04,86739,1,2026-06-11T00:34:28-03:00,True,[]
09851337676,35260643861450000181550020004519821221483550,31.04,451982,2,2026-06-11T00:34:33-03:00,True,[]
37999843806,35260643861450000181550010000867411525407325,65.44,86741,1,2026-06-11T00:37:30-03:00,True,[]
37999843806,35260643861450000181550020004518051049725630,65.44,451805,2,2026-06-10T13:07:59-03:00,True,[]
28046868841,35260643861450000181550010000867421525510891,45.99,86742,1,2026-06-11T00:40:49-03:00,True,[]
28046868841,35260643861450000181550020004519841049446412,45.99,451984,2,2026-06-11T00:41:02-03:00,True,[]
32929219882,35260643861450000181550010000867431525601720,62.08,86743,1,2026-06-11T00:44:03-03:00,True,[]
32929219882,35260643861450000181550020004516671612384506,62.08,451667,2,2026-06-10T01:58:49-03:00,True,[]
50708309453,35260643861450000181550010000867441525678762,31.04,86744,1,2026-06-11T00:47:12-03:00,True,[]
50708309453,35260643861450000181550020004516991720177579,31.04,451699,2,2026-06-10T03:26:40-03:00,True,[]
63006634772,35260643861450000181550010000867461525866784,66.38,86746,1,2026-06-11T00:56:26-03:00,True,[]
63006634772,35260643861450000181550020004519021833253376,66.38,451902,2,2026-06-10T18:03:57-03:00,True,[]
06200221243,35260643861450000181550010000867471526083039,31.04,86747,1,2026-06-11T01:08:36-03:00,True,[]
06200221243,35260643861450000181550020004519861394036112,31.04,451986,2,2026-06-11T01:08:42-03:00,True,[]
04367479870,35260643861450000181550010000867491526116799,22.99,86749,1,2026-06-11T01:10:34-03:00,True,[]
04367479870,35260643861450000181550020004519881377204341,22.99,451988,2,2026-06-11T01:10:40-03:00,True,[]
36290072870,35260643861450000181550010000867501526135085,33.19,86750,1,2026-06-11T01:11:33-03:00,True,[]
36290072870,35260643861450000181550020004519181720780435,33.19,451918,2,2026-06-10T19:07:09-03:00,True,[]
60633192392,35260643861450000181550010000867511526154524,31.04,86751,1,2026-06-11T01:12:42-03:00,True,[]
60633192392,35260643861450000181550020004519901508905800,31.04,451990,2,2026-06-11T01:12:47-03:00,True,[]
95830103320,35260643861450000181550010000867521526224368,45.99,86752,1,2026-06-11T01:16:44-03:00,True,[]
95830103320,35260643861450000181550020004519061561604351,45.99,451906,2,2026-06-10T18:08:08-03:00,True,[]
36421463843,35260643861450000181550010000867531526315948,31.04,86753,1,2026-06-11T01:22:06-03:00,True,[]
36421463843,35260643861450000181550020004520161904884536,31.04,452016,2,2026-06-11T02:56:34-03:00,True,[]
23389608826,35260643861450000181550010000867541526606249,45.98,86754,1,2026-06-11T01:42:51-03:00,True,[]
23389608826,35260643861450000181550020004516711327177649,45.98,451671,2,2026-06-10T02:06:53-03:00,True,[]
10592158705,35260643861450000181550010000867561526695378,31.04,86756,1,2026-06-11T01:50:48-03:00,True,[]
10592158705,35260643861450000181550020004518421715384330,31.04,451842,2,2026-06-10T14:31:51-03:00,True,[]
03597418198,35260643861450000181550010000867571526710501,31.04,86757,1,2026-06-11T01:52:19-03:00,True,[]
03597418198,35260643861450000181550020004519961333265185,31.04,451996,2,2026-06-11T01:52:23-03:00,True,[]
13314599587,35260643861450000181550010000867581526710665,31.04,86758,1,2026-06-11T01:52:20-03:00,True,[]
13314599587,35260643861450000181550020004519941271564538,31.04,451994,2,2026-06-11T01:52:18-03:00,True,[]
05694328981,35260643861450000181550010000867601526719628,33.19,86760,1,2026-06-11T01:53:03-03:00,True,[]
05694328981,35260643861450000181550020004516811143513227,33.19,451681,2,2026-06-10T02:38:19-03:00,True,[]
11526387859,35260643861450000181550010000867611526723266,45.99,86761,1,2026-06-11T01:53:17-03:00,True,[]
11526387859,35260643861450000181550020004517411078062521,45.99,451741,2,2026-06-10T09:10:20-03:00,True,[]
00964350000178,35260643861450000181550010000867621526807785,30.6,86762,1,2026-06-11T02:00:49-03:00,True,[]
00964350000178,35260643861450000181550020004519981835454086,30.6,451998,2,2026-06-11T02:00:39-03:00,True,[]
37611603809,35260643861450000181550010000867631527315816,45.98,86763,1,2026-06-11T02:02:54-03:00,True,[]
37611603809,35260643861450000181550020004520001347303933,45.98,452000,2,2026-06-11T02:02:46-03:00,True,[]
15717605633,35260643861450000181550010000867641528121796,45.99,86764,1,2026-06-11T02:20:16-03:00,True,[]
15717605633,35260643861450000181550020004520041139986844,45.99,452004,2,2026-06-11T02:20:14-03:00,True,[]
16593870862,35260643861450000181550010000867661528227890,31.04,86766,1,2026-06-11T02:33:31-03:00,True,[]
16593870862,35260643861450000181550020004516951049243667,31.04,451695,2,2026-06-10T03:23:13-03:00,True,[]
26426101877,35260643861450000181550010000867671528228622,31.04,86767,1,2026-06-11T02:33:39-03:00,True,[]
26426101877,35260643861450000181550020004516931371835700,31.04,451693,2,2026-06-10T03:17:04-03:00,True,[]
22241831867,35260643861450000181550010000867681528345103,33.19,86768,1,2026-06-11T02:48:41-03:00,True,[]
22241831867,35260643861450000181550020004520141987113490,33.19,452014,2,2026-06-11T02:48:51-03:00,True,[]
22861783800,35260643861450000181550010000867691528372116,45.99,86769,1,2026-06-11T02:52:48-03:00,True,[]
22861783800,35260643861450000181550020004517511898799040,45.99,451751,2,2026-06-10T09:24:45-03:00,True,[]
36520584886,35260643861450000181550010000867701528379324,45.99,86770,1,2026-06-11T02:54:26-03:00,True,[]
36520584886,35260643861450000181550020004518211173775303,45.99,451821,2,2026-06-10T13:37:57-03:00,True,[]
21981631879,35260643861450000181550010000867711528390724,128.01,86771,1,2026-06-11T02:56:04-03:00,True,[]
21981631879,35260643861450000181550020004517611515635003,128.01,451761,2,2026-06-10T10:10:59-03:00,True,[]
52669779000136,35260643861450000181550010000867731528421861,137.97,86773,1,2026-06-11T03:00:54-03:00,True,[]
52669779000136,35260643861450000181550020004518601458097808,137.97,451860,2,2026-06-10T15:46:21-03:00,True,[]
32386537846,35260643861450000181550010000867741528422520,45.99,86774,1,2026-06-11T03:00:59-03:00,True,[]
32386537846,35260643861450000181550020004517151929575444,45.99,451715,2,2026-06-10T05:13:48-03:00,True,[]
37641569889,35260643861450000181550010000867751528471839,64.99,86775,1,2026-06-11T03:06:44-03:00,True,[]
37641569889,35260643861450000181550020004520181675823873,64.99,452018,2,2026-06-11T03:06:54-03:00,True,[]
36650111830,35260643861450000181550010000867761528472832,45.99,86776,1,2026-06-11T03:06:49-03:00,True,[]
36650111830,35260643861450000181550020004520201263530842,45.99,452020,2,2026-06-11T03:07:16-03:00,True,[]
01415570108,35260643861450000181550010000867771528507579,77.03,86777,1,2026-06-11T03:10:41-03:00,True,[]
01415570108,35260643861450000181550020004520221229122227,77.03,452022,2,2026-06-11T03:11:03-03:00,True,[]
11602474710,35260643861450000181550010000867781528538404,31.04,86778,1,2026-06-11T03:14:31-03:00,True,[]
11602474710,35260643861450000181550020004520241099809850,31.04,452024,2,2026-06-11T03:14:35-03:00,True,[]
02075889104,35260643861450000181550010000867791528547982,45.99,86779,1,2026-06-11T03:15:43-03:00,True,[]
02075889104,35260643861450000181550020004530081647998840,45.99,453008,2,2026-06-14T17:16:02-03:00,True,[]
02075889104,35260643861450000181550020004530181254025371,45.99,453018,2,2026-06-14T17:39:48-03:00,True,[]
08482634569,35260643861450000181550010000867801528614478,31.04,86780,1,2026-06-11T03:22:33-03:00,True,[]
08482634569,35260643861450000181550020004520261136664088,31.04,452026,2,2026-06-11T03:22:41-03:00,True,[]
33994829810,35260643861450000181550010000867811528704440,31.04,86781,1,2026-06-11T03:32:29-03:00,True,[]
33994829810,35260643861450000181550020004520281814538621,31.04,452028,2,2026-06-11T03:32:31-03:00,True,[]
05124725648,35260643861450000181550010000867821528746581,45.99,86782,1,2026-06-11T03:36:38-03:00,True,[]
05124725648,35260643861450000181550020004520301387611930,45.99,452030,2,2026-06-11T03:36:53-03:00,True,[]
45188904772,35260643861450000181550010000867831528787269,31.04,86783,1,2026-06-11T03:40:39-03:00,True,[]
45188904772,35260643861450000181550020004520321806179424,31.04,452032,2,2026-06-11T03:40:59-03:00,True,[]
51212414000115,35260643861450000181550010000867841528871496,91.98,86784,1,2026-06-11T03:48:55-03:00,True,[]
51212414000115,35260643861450000181550020004520341982397328,91.98,452034,2,2026-06-11T03:48:54-03:00,True,[]
03088384163,35260643861450000181550010000867851529032002,31.04,86785,1,2026-06-11T04:09:21-03:00,True,[]
03088384163,35260643861450000181550020004520381442855546,31.04,452038,2,2026-06-11T04:09:24-03:00,True,[]
33126181000156,35260643861450000181550010000867861529064149,91.98,86786,1,2026-06-11T04:12:36-03:00,True,[]
33126181000156,35260643861450000181550020004520401689111642,91.98,452040,2,2026-06-11T04:12:40-03:00,True,[]
61644536315,35260643861450000181550010000867871529347644,31.04,86787,1,2026-06-11T05:00:32-03:00,True,[]
61644536315,35260643861450000181550020004520421318056958,31.04,452042,2,2026-06-11T05:00:22-03:00,True,[]
81067046534,35260643861450000181550010000867881529816544,31.04,86788,1,2026-06-11T05:41:17-03:00,True,[]
81067046534,35260643861450000181550020004520441544019094,31.04,452044,2,2026-06-11T05:42:55-03:00,True,[]
11038791464,35260643861450000181550010000867891530202128,45.99,86789,1,2026-06-11T06:06:21-03:00,True,[]
11038791464,35260643861450000181550020004520461213864000,45.99,452046,2,2026-06-11T06:06:19-03:00,True,[]
85733539453,35260643861450000181550010000867941532808392,45.99,86794,1,2026-06-11T07:18:38-03:00,True,[]
85733539453,35260643861450000181550020004523071945843505,45.99,452307,2,2026-06-12T03:38:54-03:00,True,[]
58347515000142,35260643861450000181550010000867971533613074,310.4,86797,1,2026-06-11T07:29:07-03:00,True,[]
58347515000142,35260643861450000181550020004520501115275096,310.4,452050,2,2026-06-11T07:28:53-03:00,True,[]
10674138000120,35260643861450000181550010000868011535505222,310.4,86801,1,2026-06-11T07:51:14-03:00,True,[]
10674138000120,35260643861450000181550020004515451181188352,310.4,451545,2,2026-06-09T17:25:35-03:00,True,[]
02546626094,35260643861450000181550010000868031537287758,45.99,86803,1,2026-06-11T08:05:44-03:00,True,[]
02546626094,35260643861450000181550020004515391545235370,45.99,451539,2,2026-06-09T17:20:13-03:00,True,[]
03742231901,35260643861450000181550010000868071538994147,31.04,86807,1,2026-06-11T08:17:38-03:00,True,[]
03742231901,35260643861450000181550020004528241969336776,31.04,452824,2,2026-06-13T23:11:02-03:00,True,[]
15417940607,35260643861450000181550010000868111541803031,31.04,86811,1,2026-06-11T08:38:58-03:00,True,[]
15417940607,35260643861450000181550020004517451750166251,31.04,451745,2,2026-06-10T09:14:54-03:00,True,[]
00595037000100,35260643861450000181550010000868141542216360,310.4,86814,1,2026-06-11T08:42:08-03:00,True,[]
00595037000100,35260643861450000181550020004520861229790731,310.4,452086,2,2026-06-11T11:07:54-03:00,True,[]
00595037000100,35260643861450000181550020004560931823112220,310.4,456093,2,2026-06-23T11:02:18-03:00,True,[]
27561171000146,35260643861450000181550010000868161542811042,194.97,86816,1,2026-06-11T08:46:46-03:00,True,[]
27561171000146,35260643861450000181550020004518581566236343,194.97,451858,2,2026-06-10T15:19:53-03:00,True,[]
04654002561,35260643861450000181550010000868171543435327,45.99,86817,1,2026-06-11T08:51:40-03:00,True,[]
04654002561,35260643861450000181550020004522731563096468,45.99,452273,2,2026-06-12T01:24:33-03:00,True,[]
02254755960,35260643861450000181550010000868181543809429,45.99,86818,1,2026-06-11T08:54:50-03:00,True,[]
02254755960,35260643861450000181550020004520581688605344,45.99,452058,2,2026-06-11T08:54:50-03:00,True,[]
18404621837,35260643861450000181550010000868201544313271,31.04,86820,1,2026-06-11T08:58:52-03:00,True,[]
18404621837,35260643861450000181550020004518301283757333,31.04,451830,2,2026-06-10T14:09:16-03:00,True,[]
07464116852,35260643861450000181550010000868211544329604,64.99,86821,1,2026-06-11T08:59:00-03:00,True,[]
07464116852,35260643861450000181550020004518281106842780,64.99,451828,2,2026-06-10T14:04:41-03:00,True,[]
07980822919,35260643861450000181550010000868241545381504,32.99,86824,1,2026-06-11T09:07:00-03:00,True,[]
07980822919,35260643861450000181550020004517261675691786,32.99,451726,2,2026-06-10T07:05:17-03:00,True,[]
73832375104,35260643861450000181550010000868251545735516,45.99,86825,1,2026-06-11T09:09:42-03:00,True,[]
73832375104,35260643861450000181550020004520601061022434,45.99,452060,2,2026-06-11T09:09:40-03:00,True,[]
30181217830,35260643861450000181550010000868261546322093,45.99,86826,1,2026-06-11T09:13:57-03:00,True,[]
30181217830,35260643861450000181550020004520621555644880,45.99,452062,2,2026-06-11T09:14:01-03:00,True,[]
45948258000152,35260643861450000181550010000868281546664266,274.0,86828,1,2026-06-11T09:16:23-03:00,True,[]
45948258000152,35260643861450000181550020004517841217872192,274.0,451784,2,2026-06-10T11:58:54-03:00,True,[]
45948258000152,35260643861450000181550020004560551643942348,274.0,456055,2,2026-06-23T09:34:39-03:00,True,[]
29479055805,35260643861450000181550010000868291547231204,45.99,86829,1,2026-06-11T09:20:38-03:00,True,[]
29479055805,35260643861450000181550020004520661106200470,45.99,452066,2,2026-06-11T09:20:29-03:00,True,[]
61869040759,35260643861450000181550010000868321548874899,31.04,86832,1,2026-06-11T09:32:42-03:00,True,[]
61869040759,35260643861450000181550020004517801855064059,31.04,451780,2,2026-06-10T11:48:58-03:00,True,[]
00610037196,35260643861450000181550010000868331549321475,56.99,86833,1,2026-06-11T09:36:00-03:00,True,[]
00610037196,35260643861450000181550020004520721489042969,56.99,452072,2,2026-06-11T09:35:59-03:00,True,[]
01265014086,35260643861450000181550010000868351549953867,31.04,86835,1,2026-06-11T09:40:42-03:00,True,[]
01265014086,35260643861450000181550020004520741990916482,31.04,452074,2,2026-06-11T09:40:44-03:00,True,[]
00277069157,35260643861450000181550010000868361550196567,45.99,86836,1,2026-06-11T09:42:29-03:00,True,[]
00277069157,35260643861450000181550020004519001575277460,45.99,451900,2,2026-06-10T17:41:29-03:00,True,[]
70075915405,35260643861450000181550010000868381551738627,45.99,86838,1,2026-06-11T09:54:05-03:00,True,[]
70075915405,35260643861450000181550020004522091036742460,45.99,452209,2,2026-06-11T18:14:14-03:00,True,[]
02947277791,35260643861450000181550010000868431554415675,31.04,86843,1,2026-06-11T10:14:02-03:00,True,[]
02947277791,35260643861450000181550020004526241119602728,31.04,452624,2,2026-06-13T09:14:24-03:00,True,[]
41707729115,35260643861450000181550010000868511558269330,31.04,86851,1,2026-06-11T10:42:06-03:00,True,[]
41707729115,35260643861450000181550020004520801086373047,31.04,452080,2,2026-06-11T10:40:34-03:00,True,[]
16148872846,35260643861450000181550010000868521558663702,155.2,86852,1,2026-06-11T10:45:06-03:00,True,[]
16148872846,35260643861450000181550020004517741862417428,155.2,451774,2,2026-06-10T11:09:08-03:00,True,[]
31470549859,35260643861450000181550010000868531558990492,45.99,86853,1,2026-06-11T10:47:28-03:00,True,[]
31470549859,35260643861450000181550020004520821137506400,45.99,452082,2,2026-06-11T10:47:29-03:00,True,[]
47360929806,35260643861450000181550010000868541559107883,33.19,86854,1,2026-06-11T10:48:18-03:00,True,[]
47360929806,35260643861450000181550020004518381614972242,33.19,451838,2,2026-06-10T14:27:09-03:00,True,[]
26975793034,35260643861450000181550010000868551559794632,31.04,86855,1,2026-06-11T10:53:31-03:00,True,[]
26975793034,35260643861450000181550020004516891246764921,31.04,451689,2,2026-06-10T02:54:58-03:00,True,[]
48015168821,35260643861450000181550010000868591561030694,45.99,86859,1,2026-06-11T11:02:52-03:00,True,[]
48015168821,35260643861450000181550020004520841435688110,45.99,452084,2,2026-06-11T11:02:53-03:00,True,[]
71278651403,35260643861450000181550010000868621563005358,31.04,86862,1,2026-06-11T11:18:23-03:00,True,[]
71278651403,35260643861450000181550020004520881660345673,31.04,452088,2,2026-06-11T11:17:39-03:00,True,[]
26807935870,35260643861450000181550010000868641563281619,45.99,86864,1,2026-06-11T11:20:37-03:00,True,[]
26807935870,35260643861450000181550020004524861889870912,45.99,452486,2,2026-06-13T00:16:52-03:00,True,[]
48646412857,35260643861450000181550010000868651563830997,31.04,86865,1,2026-06-11T11:25:14-03:00,True,[]
48646412857,35260643861450000181550020004520901559216101,31.04,452090,2,2026-06-11T11:25:17-03:00,True,[]
18518262704,35260643861450000181550010000868671564290419,31.04,86867,1,2026-06-11T11:29:01-03:00,True,[]
18518262704,35260643861450000181550020004517941402415769,31.04,451794,2,2026-06-10T12:15:37-03:00,True,[]
52283794000141,35260643861450000181550010000868701565243398,31.04,86870,1,2026-06-11T11:37:03-03:00,True,[]
52283794000141,35260643861450000181550020004520961923953557,31.04,452096,2,2026-06-11T11:37:06-03:00,True,[]
26912665837,35260643861450000181550010000868711565513570,45.99,86871,1,2026-06-11T11:39:24-03:00,True,[]
26912665837,35260643861450000181550020004530981267555278,45.99,453098,2,2026-06-15T00:15:48-03:00,True,[]
38018187304,35260643861450000181550010000868721565828544,209.99,86872,1,2026-06-11T11:41:59-03:00,True,[]
38018187304,35260643861450000181550020004525301495812107,209.99,452530,2,2026-06-13T06:07:04-03:00,True,[]
63353919000189,35260643861450000181550010000868731566089890,45.99,86873,1,2026-06-11T11:44:18-03:00,True,[]
63353919000189,35260643861450000181550020004520981424882853,45.99,452098,2,2026-06-11T11:44:25-03:00,True,[]
05095952432,35260643861450000181550010000868751566374280,31.04,86875,1,2026-06-11T11:46:46-03:00,True,[]
05095952432,35260643861450000181550020004517191720244084,31.04,451719,2,2026-06-10T06:11:35-03:00,True,[]
44455244840,35260643861450000181550010000868791566858499,32.72,86879,1,2026-06-11T11:51:00-03:00,True,[]
44455244840,35260643861450000181550020004521001355237150,32.72,452100,2,2026-06-11T11:50:56-03:00,True,[]
20557820880,35260643861450000181550010000868841567709861,31.04,86884,1,2026-06-11T11:58:22-03:00,True,[]
20557820880,35260643861450000181550020004516191413935203,31.04,451619,2,2026-06-09T22:21:10-03:00,True,[]
02323491008,35260643861450000181550010000868851567760864,186.24,86885,1,2026-06-11T11:58:52-03:00,True,[]
02323491008,35260643861450000181550020004517881089933029,186.24,451788,2,2026-06-10T12:02:04-03:00,True,[]
66416459000189,35260643861450000181550010000868861567828008,31.04,86886,1,2026-06-11T11:59:30-03:00,True,[]
66416459000189,35260643861450000181550020004521241356830450,31.04,452124,2,2026-06-11T13:19:55-03:00,True,[]
48529798805,35260643861450000181550010000868891567890546,31.04,86889,1,2026-06-11T12:00:08-03:00,True,[]
48529798805,35260643861450000181550020004521021974019044,31.04,452102,2,2026-06-11T12:00:51-03:00,True,[]
36532798878,35260643861450000181550010000868901567925642,31.04,86890,1,2026-06-11T12:00:26-03:00,True,[]
36532798878,35260643861450000181550020004521041802229282,31.04,452104,2,2026-06-11T12:01:31-03:00,True,[]
35175514814,35260643861450000181550010000868951568896340,31.04,86895,1,2026-06-11T12:09:16-03:00,True,[]
35175514814,35260643861450000181550020004521061500742232,31.04,452106,2,2026-06-11T12:09:07-03:00,True,[]
37252927873,35260643861450000181550010000869001569868849,31.04,86900,1,2026-06-11T12:18:28-03:00,True,[]
37252927873,35260643861450000181550020004521121776482739,31.04,452112,2,2026-06-11T12:18:27-03:00,True,[]
03791005502,35260643861450000181550010000869011570117859,22.99,86901,1,2026-06-11T12:20:47-03:00,True,[]
03791005502,35260643861450000181550020004521141838372260,22.99,452114,2,2026-06-11T12:20:45-03:00,True,[]
05682570731,35260643861450000181550010000869031570759871,32.72,86903,1,2026-06-11T12:27:33-03:00,True,[]
05682570731,35260643861450000181550020004521991769445175,32.72,452199,2,2026-06-11T17:26:09-03:00,True,[]
17534285720,35260643861450000181550010000869071571672450,31.04,86907,1,2026-06-11T12:37:07-03:00,True,[]
17534285720,35260643861450000181550020004522901420957134,31.04,452290,2,2026-06-12T02:18:18-03:00,True,[]
03730117092,35260643861450000181550010000869111572300479,31.04,86911,1,2026-06-11T12:43:47-03:00,True,[]
03730117092,35260643861450000181550020004522011054033477,31.04,452201,2,2026-06-11T17:26:49-03:00,True,[]
01978327765,35260643861450000181550010000869121572337922,45.99,86912,1,2026-06-11T12:44:12-03:00,True,[]
01978327765,35260643861450000181550020004515531112954981,45.99,451553,2,2026-06-09T18:04:03-03:00,True,[]
42713896843,35260643861450000181550010000869131572598103,45.99,86913,1,2026-06-11T12:46:54-03:00,True,[]
42713896843,35260643861450000181550020004522911897724031,45.99,452291,2,2026-06-12T02:18:19-03:00,True,[]
01561296635,35260643861450000181550010000869141572847992,31.04,86914,1,2026-06-11T12:49:33-03:00,True,[]
01561296635,35260643861450000181550020004521161594771467,31.04,452116,2,2026-06-11T12:49:33-03:00,True,[]
04095199954,35260643861450000181550010000869151572970694,31.04,86915,1,2026-06-11T12:50:48-03:00,True,[]
04095199954,35260643861450000181550020004524251930969269,31.04,452425,2,2026-06-12T18:12:42-03:00,True,[]
39193955812,35260643861450000181550010000869171573028075,31.04,86917,1,2026-06-11T12:51:22-03:00,True,[]
39193955812,35260643861450000181550020004521181968134910,31.04,452118,2,2026-06-11T12:51:21-03:00,True,[]
00804976910,35260643861450000181550010000869191573594571,30.99,86919,1,2026-06-11T12:57:28-03:00,True,[]
00804976910,35260643861450000181550020004523211805793423,30.99,452321,2,2026-06-12T08:01:12-03:00,True,[]
00804976910,35260643861450000181550020004517171192630686,30.99,451717,2,2026-06-10T06:09:59-03:00,True,[]
05398954580,35260643861450000181550010000869201573968987,45.99,86920,1,2026-06-11T13:01:21-03:00,True,[]
05398954580,35260643861450000181550020004525151783837915,45.99,452515,2,2026-06-13T03:26:15-03:00,True,[]
96503688253,35260643861450000181550010000869211574481310,62.08,86921,1,2026-06-11T13:06:07-03:00,True,[]
96503688253,35260643861450000181550020004521201313502109,62.08,452120,2,2026-06-11T13:06:03-03:00,True,[]
15633137744,35260643861450000181550010000869241574715097,31.04,86924,1,2026-06-11T13:08:17-03:00,True,[]
15633137744,35260643861450000181550020004523051802298975,31.04,452305,2,2026-06-12T03:34:38-03:00,True,[]
41578425883,35260643861450000181550010000869261575367780,33.19,86926,1,2026-06-11T13:13:54-03:00,True,[]
41578425883,35260643861450000181550020004515671245502050,33.19,451567,2,2026-06-09T19:12:56-03:00,True,[]
96734531520,35260643861450000181550010000869291576008270,31.04,86929,1,2026-06-11T13:19:45-03:00,True,[]
96734531520,35260643861450000181550020004525131700892447,31.04,452513,2,2026-06-13T03:21:06-03:00,True,[]
07325496800,35260643861450000181550010000869351576955366,31.04,86935,1,2026-06-11T13:28:44-03:00,True,[]
07325496800,35260643861450000181550020004515971020717597,31.04,451597,2,2026-06-09T21:33:09-03:00,True,[]
01536545201,35260643861450000181550010000869361577005679,31.04,86936,1,2026-06-11T13:29:16-03:00,True,[]
01536545201,35260643861450000181550020004521281347903511,31.04,452128,2,2026-06-11T13:29:16-03:00,True,[]
58185146000139,35260643861450000181550010000869371577268910,31.04,86937,1,2026-06-11T13:31:54-03:00,True,[]
58185146000139,35260643861450000181550020004521301852759536,31.04,452130,2,2026-06-11T13:31:56-03:00,True,[]
07556824918,35260643861450000181550010000869381577801178,45.99,86938,1,2026-06-11T13:36:58-03:00,True,[]
07556824918,35260643861450000181550020004524231141049647,45.99,452423,2,2026-06-12T18:09:26-03:00,True,[]
16612799889,35260643861450000181550010000869421578441135,31.04,86942,1,2026-06-11T13:43:05-03:00,True,[]
16612799889,35260643861450000181550020004515291737849133,31.04,451529,2,2026-06-09T16:33:05-03:00,True,[]
00890462000121,35260643861450000181550010000869431578474375,93.12,86943,1,2026-06-11T13:43:21-03:00,True,[]
00890462000121,35260643861450000181550020004521341435484798,93.12,452134,2,2026-06-11T13:43:22-03:00,True,[]
01717108512,35260643861450000181550010000869451579713122,31.04,86945,1,2026-06-11T13:54:47-03:00,True,[]
01717108512,35260643861450000181550020004521361460378933,31.04,452136,2,2026-06-11T13:54:42-03:00,True,[]
93854560672,35260643861450000181550010000869461579806748,45.99,86946,1,2026-06-11T13:55:40-03:00,True,[]
93854560672,35260643861450000181550020004522511919527343,45.99,452251,2,2026-06-11T22:34:36-03:00,True,[]
65037867000167,35260643861450000181550010000869471579959851,45.99,86947,1,2026-06-11T13:57:07-03:00,True,[]
65037867000167,35260643861450000181550020004518641225939775,45.99,451864,2,2026-06-10T15:57:06-03:00,True,[]
02453039016,35260643861450000181550010000869481580320831,31.04,86948,1,2026-06-11T14:00:27-03:00,True,[]
02453039016,35260643861450000181550020004521381648732941,31.04,452138,2,2026-06-11T14:00:33-03:00,True,[]
00819525030,35260643861450000181550010000869491581410262,62.08,86949,1,2026-06-11T14:10:32-03:00,True,[]
00819525030,35260643861450000181550020004516071566199448,62.08,451607,2,2026-06-09T22:03:33-03:00,True,[]
35852487000115,35260643861450000181550010000869511581574492,274.0,86951,1,2026-06-11T14:11:55-03:00,True,[]
35852487000115,35260643861450000181550020004521401155080295,274.0,452140,2,2026-06-11T14:11:54-03:00,True,[]
85159379800,35260643861450000181550010000869531582302920,31.04,86953,1,2026-06-11T14:17:59-03:00,True,[]
85159379800,35260643861450000181550020004521421607685771,31.04,452142,2,2026-06-11T14:18:06-03:00,True,[]
27692306000102,35260643861450000181550010000869541582357721,45.99,86954,1,2026-06-11T14:18:28-03:00,True,[]
27692306000102,35260643861450000181550020004521441825633611,45.99,452144,2,2026-06-11T14:18:22-03:00,True,[]
11971265977,35260643861450000181550010000869581582813998,45.99,86958,1,2026-06-11T14:22:23-03:00,True,[]
11971265977,35260643861450000181550020004521461033803369,45.99,452146,2,2026-06-11T14:22:19-03:00,True,[]
30281282000103,35260643861450000181550010000869601583092974,310.4,86960,1,2026-06-11T14:24:56-03:00,True,[]
30281282000103,35260643861450000181550020004528361532341818,310.4,452836,2,2026-06-14T00:30:30-03:00,True,[]
13755534703,35260643861450000181550010000869611583367628,32.99,86961,1,2026-06-11T14:27:25-03:00,True,[]
13755534703,35260643861450000181550020004517561904941393,32.99,451756,2,2026-06-10T10:02:15-03:00,True,[]
00874192625,35260643861450000181550010000869631585021936,45.99,86963,1,2026-06-11T14:42:00-03:00,True,[]
00874192625,35260643861450000181550020004516491441792488,45.99,451649,2,2026-06-10T00:32:33-03:00,True,[]
12436800758,35260643861450000181550010000869671587392434,31.04,86967,1,2026-06-11T15:01:56-03:00,True,[]
12436800758,35260643861450000181550020004521501878654939,31.04,452150,2,2026-06-11T15:01:46-03:00,True,[]
92765793115,35260643861450000181550010000869681587429297,62.08,86968,1,2026-06-11T15:02:15-03:00,True,[]
92765793115,35260643861450000181550020004525421315694446,62.08,452542,2,2026-06-13T07:14:18-03:00,True,[]
01877947580,35260643861450000181550010000869701589254972,31.04,86970,1,2026-06-11T15:18:11-03:00,True,[]
01877947580,35260643861450000181550020004530361734843904,31.04,453036,2,2026-06-14T20:09:36-03:00,True,[]
37518422840,35260643861450000181550010000869711589367111,45.99,86971,1,2026-06-11T15:19:14-03:00,True,[]
37518422840,35260643861450000181550020004521551876687941,45.99,452155,2,2026-06-11T15:19:18-03:00,True,[]
26749557830,35260643861450000181550010000869741590947446,45.99,86974,1,2026-06-11T15:32:36-03:00,True,[]
26749557830,35260643861450000181550020004528741674774383,45.99,452874,2,2026-06-14T03:26:52-03:00,True,[]
00825681979,35260643861450000181550010000869761591528387,45.99,86976,1,2026-06-11T15:37:43-03:00,True,[]
00825681979,35260643861450000181550020004524171723641541,45.99,452417,2,2026-06-12T17:26:34-03:00,True,[]
73771104149,35260643861450000181550010000869781592496238,124.16,86978,1,2026-06-11T15:46:05-03:00,True,[]
73771104149,35260643861450000181550020004521591603991905,124.16,452159,2,2026-06-11T15:46:01-03:00,True,[]
66204489000121,35260643861450000181550010000869791592669253,31.04,86979,1,2026-06-11T15:47:37-03:00,True,[]
66204489000121,35260643861450000181550020004531541668326645,31.04,453154,2,2026-06-15T03:10:21-03:00,True,[]
07345249786,35260643861450000181550010000869801593030559,31.04,86980,1,2026-06-11T15:50:40-03:00,True,[]
07345249786,35260643861450000181550020004535161604838964,31.04,453516,2,2026-06-16T03:07:18-03:00,True,[]
04179485060,35260643861450000181550010000869811593782868,31.04,86981,1,2026-06-11T15:57:12-03:00,True,[]
04179485060,35260643861450000181550020004527601307008988,31.04,452760,2,2026-06-13T16:19:29-03:00,True,[]
38311662851,35260643861450000181550010000869821593970920,31.04,86982,1,2026-06-11T15:58:55-03:00,True,[]
38311662851,35260643861450000181550020004521611374438047,31.04,452161,2,2026-06-11T15:58:56-03:00,True,[]
15198263702,35260643861450000181550010000869831594114782,31.04,86983,1,2026-06-11T16:00:12-03:00,True,[]
15198263702,35260643861450000181550020004523091818823127,31.04,452309,2,2026-06-12T03:40:43-03:00,True,[]
06793737481,35260643861450000181550010000869841594159562,31.04,86984,1,2026-06-11T16:00:32-03:00,True,[]
06793737481,35260643861450000181550020004530381662105826,31.04,453038,2,2026-06-14T20:13:53-03:00,True,[]
98670144000150,35260643861450000181550010000869851594162439,64.99,86985,1,2026-06-11T16:00:33-03:00,True,[]
98670144000150,35260643861450000181550020004521631952792820,64.99,452163,2,2026-06-11T16:00:19-03:00,True,[]
04905401470,35260643861450000181550010000869881594657960,22.99,86988,1,2026-06-11T16:04:44-03:00,True,[]
04905401470,35260643861450000181550020004521671094177972,22.99,452167,2,2026-06-11T16:05:03-03:00,True,[]
63056299000116,35260643861450000181550010000869901595382165,93.12,86990,1,2026-06-11T16:10:51-03:00,True,[]
63056299000116,35260643861450000181550020004521691886337531,93.12,452169,2,2026-06-11T16:10:49-03:00,True,[]
27991531000140,35260643861450000181550010000869931595580180,155.2,86993,1,2026-06-11T16:12:25-03:00,True,[]
27991531000140,35260643861450000181550020004521711659107525,155.2,452171,2,2026-06-11T16:12:41-03:00,True,[]
46027361816,35260643861450000181550010000869941596618994,31.04,86994,1,2026-06-11T16:21:51-03:00,True,[]
46027361816,35260643861450000181550020004550551613518349,31.04,455055,2,2026-06-20T16:02:27-03:00,True,[]
02733167537,35260643861450000181550010000869951596869617,45.99,86995,1,2026-06-11T16:24:17-03:00,True,[]
02733167537,35260643861450000181550020004521771083822118,45.99,452177,2,2026-06-11T16:24:13-03:00,True,[]
05431087673,35260643861450000181550010000869971596888934,91.98,86997,1,2026-06-11T16:24:28-03:00,True,[]
05431087673,35260643861450000181550020004521791127307110,91.98,452179,2,2026-06-11T16:24:19-03:00,True,[]
97349810059,35260643861450000181550010000870011597705153,31.04,87001,1,2026-06-11T16:32:06-03:00,True,[]
97349810059,35260643861450000181550020004522491372874193,31.04,452249,2,2026-06-11T22:31:02-03:00,True,[]
24734813850,35260643861450000181550010000870041598048387,45.99,87004,1,2026-06-11T16:35:08-03:00,True,[]
24734813850,35260643861450000181550020004522951362898360,45.99,452295,2,2026-06-12T02:26:13-03:00,True,[]
05557433732,35260643861450000181550010000870061598500209,62.08,87006,1,2026-06-11T16:39:05-03:00,True,[]
05557433732,35260643861450000181550020004525231314717757,62.08,452523,2,2026-06-13T04:24:33-03:00,True,[]
34475364892,35260643861450000181550010000870071598503167,45.99,87007,1,2026-06-11T16:39:06-03:00,True,[]
34475364892,35260643861450000181550020004523271330394337,45.99,452327,2,2026-06-12T09:17:58-03:00,True,[]
30388437847,35260643861450000181550010000870081598802846,91.98,87008,1,2026-06-11T16:41:55-03:00,True,[]
30388437847,35260643861450000181550020004521831579086107,91.98,452183,2,2026-06-11T16:41:51-03:00,True,[]
08194372984,35260643861450000181550010000870121600142154,45.99,87012,1,2026-06-11T16:54:13-03:00,True,[]
08194372984,35260643861450000181550020004521851291450513,45.99,452185,2,2026-06-11T16:54:08-03:00,True,[]
22605686884,35260643861450000181550010000870141600268233,64.99,87014,1,2026-06-11T16:55:27-03:00,True,[]
22605686884,35260643861450000181550020004521871029783980,64.99,452187,2,2026-06-11T16:55:31-03:00,True,[]
44815322899,35260643861450000181550010000870161600837496,45.99,87016,1,2026-06-11T17:00:49-03:00,True,[]
44815322899,35260643861450000181550020004524571416914813,45.99,452457,2,2026-06-12T21:14:26-03:00,True,[]
33028599880,35260643861450000181550010000870201601877168,31.04,87020,1,2026-06-11T17:10:27-03:00,True,[]
33028599880,35260643861450000181550020004524871640585746,31.04,452487,2,2026-06-13T00:16:55-03:00,True,[]
04524473483,35260643861450000181550010000870211602163590,209.99,87021,1,2026-06-11T17:13:10-03:00,True,[]
04524473483,35260643861450000181550020004521891679346988,209.99,452189,2,2026-06-11T17:13:03-03:00,True,[]
16232249852,35260643861450000181550010000870221602283983,31.04,87022,1,2026-06-11T17:14:23-03:00,True,[]
16232249852,35260643861450000181550020004522111360998057,31.04,452211,2,2026-06-11T18:17:53-03:00,True,[]
34446678841,35260643861450000181550010000870241602302443,45.99,87024,1,2026-06-11T17:14:35-03:00,True,[]
34446678841,35260643861450000181550020004522931958590743,45.99,452293,2,2026-06-12T02:21:07-03:00,True,[]
30737285893,35260643861450000181550010000870251602351808,209.99,87025,1,2026-06-11T17:15:06-03:00,True,[]
30737285893,35260643861450000181550020004528301957724161,209.99,452830,2,2026-06-14T00:15:43-03:00,True,[]
01872973639,35260643861450000181550010000870261602576360,31.04,87026,1,2026-06-11T17:17:21-03:00,True,[]
01872973639,35260643861450000181550020004523191125959253,31.04,452319,2,2026-06-12T07:15:19-03:00,True,[]
02839306085,35260643861450000181550010000870271602718404,45.99,87027,1,2026-06-11T17:18:45-03:00,True,[]
02839306085,35260643861450000181550020004521911864031643,45.99,452191,2,2026-06-11T17:18:39-03:00,True,[]
39576193869,35260643861450000181550010000870281602910094,45.99,87028,1,2026-06-11T17:20:34-03:00,True,[]
39576193869,35260643861450000181550020004521931856962280,45.99,452193,2,2026-06-11T17:19:30-03:00,True,[]
41599996000180,35260643861450000181550010000870321604501364,31.04,87032,1,2026-06-11T17:36:27-03:00,True,[]
41599996000180,35260643861450000181550020004527641710297240,31.04,452764,2,2026-06-13T16:21:45-03:00,True,[]
66172983000151,35260643861450000181550010000870331604533700,45.99,87033,1,2026-06-11T17:36:48-03:00,True,[]
66172983000151,35260643861450000181550020004523031813115350,45.99,452303,2,2026-06-12T03:26:45-03:00,True,[]
27457722874,35260643861450000181550010000870361605492333,45.99,87036,1,2026-06-11T17:47:24-03:00,True,[]
27457722874,35260643861450000181550020004522031321380275,45.99,452203,2,2026-06-11T17:47:25-03:00,True,[]
05319859112,35260643861450000181550010000870381606026497,45.99,87038,1,2026-06-11T17:53:47-03:00,True,[]
05319859112,35260643861450000181550020004523791512360000,45.99,452379,2,2026-06-12T14:22:17-03:00,True,[]
96558059800,35260643861450000181550010000870411606923397,45.99,87041,1,2026-06-11T18:05:56-03:00,True,[]
96558059800,35260643861450000181550020004523731307207839,45.99,452373,2,2026-06-12T13:18:40-03:00,True,[]
06839989941,35260643861450000181550010000870421607162257,209.99,87042,1,2026-06-11T18:08:48-03:00,True,[]
06839989941,35260643861450000181550020004522051315885845,209.99,452205,2,2026-06-11T18:08:45-03:00,True,[]
33337146805,35260643861450000181550010000870431607296560,31.04,87043,1,2026-06-11T18:10:31-03:00,True,[]
33337146805,35260643861450000181550020004522171856853166,31.04,452217,2,2026-06-11T18:38:35-03:00,True,[]
01731527160,35260643861450000181550010000870451608010622,45.99,87045,1,2026-06-11T18:20:51-03:00,True,[]
01731527160,35260643861450000181550020004523111896347379,45.99,452311,2,2026-06-12T04:14:29-03:00,True,[]
47325786832,35260643861450000181550010000870461608038176,31.04,87046,1,2026-06-11T18:21:15-03:00,True,[]
47325786832,35260643861450000181550020004522671246126513,31.04,452267,2,2026-06-12T00:40:23-03:00,True,[]
27482997873,35260643861450000181550010000870471608508846,45.99,87047,1,2026-06-11T18:29:07-03:00,True,[]
27482997873,35260643861450000181550020004522131712459151,45.99,452213,2,2026-06-11T18:29:07-03:00,True,[]
04478455945,35260643861450000181550010000870481608573327,31.04,87048,1,2026-06-11T18:30:18-03:00,True,[]
04478455945,35260643861450000181550020004522151339820243,31.04,452215,2,2026-06-11T18:30:17-03:00,True,[]
33686703874,35260643861450000181550010000870501609298743,31.04,87050,1,2026-06-11T18:41:45-03:00,True,[]
33686703874,35260643861450000181550020004522711206877006,31.04,452271,2,2026-06-12T01:22:29-03:00,True,[]
04398669280,35260643861450000181550010000870531609935915,31.04,87053,1,2026-06-11T18:52:57-03:00,True,[]
04398669280,35260643861450000181550020004531301755218776,31.04,453130,2,2026-06-15T01:14:35-03:00,True,[]
54199469800,35260643861450000181550010000870541610038961,31.04,87054,1,2026-06-11T18:54:56-03:00,True,[]
54199469800,35260643861450000181550020004522211490013103,31.04,452221,2,2026-06-11T18:55:00-03:00,True,[]
34654622896,35260643861450000181550010000870561610631004,31.04,87056,1,2026-06-11T19:06:06-03:00,True,[]
34654622896,35260643861450000181550020004531561258524875,31.04,453156,2,2026-06-15T03:10:26-03:00,True,[]
04112861966,35260643861450000181550010000870591613351560,45.99,87059,1,2026-06-11T20:00:37-03:00,True,[]
04112861966,35260643861450000181550020004522591733521858,45.99,452259,2,2026-06-11T23:13:20-03:00,True,[]
02786717990,35260643861450000181550010000870611613896408,62.08,87061,1,2026-06-11T20:11:28-03:00,True,[]
02786717990,35260643861450000181550020004538161707996062,62.08,453816,2,2026-06-17T07:06:02-03:00,True,[]
09687087811,35260643861450000181550010000870621613928498,45.99,87062,1,2026-06-11T20:12:06-03:00,True,[]
09687087811,35260643861450000181550020004522251969289616,45.99,452225,2,2026-06-11T20:12:10-03:00,True,[]
11062665520,35260643861450000181550010000870631614026258,56.99,87063,1,2026-06-11T20:13:56-03:00,True,[]
11062665520,35260643861450000181550020004522271276829096,56.99,452227,2,2026-06-11T20:13:48-03:00,True,[]
92858732515,35260643861450000181550010000870661614101979,45.98,87066,1,2026-06-11T20:15:29-03:00,True,[]
92858732515,35260643861450000181550020004522311721873451,45.98,452231,2,2026-06-11T20:15:26-03:00,True,[]
03220735533,35260643861450000181550010000870671614194184,45.99,87067,1,2026-06-11T20:17:06-03:00,True,[]
03220735533,35260643861450000181550020004522331833171402,45.99,452233,2,2026-06-11T20:17:08-03:00,True,[]
27292578888,35260643861450000181550010000870681614457921,64.99,87068,1,2026-06-11T20:21:48-03:00,True,[]
27292578888,35260643861450000181550020004522351977847238,64.99,452235,2,2026-06-11T20:21:54-03:00,True,[]
16912182860,35260643861450000181550010000870691614687819,209.99,87069,1,2026-06-11T20:26:10-03:00,True,[]
16912182860,35260643861450000181550020004522851730276402,209.99,452285,2,2026-06-12T02:11:22-03:00,True,[]
47132945000120,35260643861450000181550010000870731616738367,93.12,87073,1,2026-06-11T21:05:35-03:00,True,[]
47132945000120,35260643861450000181550020004522371467794935,93.12,452237,2,2026-06-11T21:05:36-03:00,True,[]
96840919587,35260643861450000181550010000870751616987663,45.99,87075,1,2026-06-11T21:10:16-03:00,True,[]
96840919587,35260643861450000181550020004522791337948940,45.99,452279,2,2026-06-12T01:41:03-03:00,True,[]
02569015970,35260643861450000181550010000870761617268498,31.04,87076,1,2026-06-11T21:15:36-03:00,True,[]
02569015970,35260643861450000181550020004522411026699755,31.04,452241,2,2026-06-11T21:15:40-03:00,True,[]
33089079844,35260643861450000181550010000870771617294615,62.08,87077,1,2026-06-11T21:16:08-03:00,True,[]
33089079844,35260643861450000181550020004522431408930019,62.08,452243,2,2026-06-11T21:16:45-03:00,True,[]
17088099705,35260643861450000181550010000870781617353066,194.97,87078,1,2026-06-11T21:17:15-03:00,True,[]
17088099705,35260643861450000181550020004522811596145427,194.97,452281,2,2026-06-12T01:42:13-03:00,True,[]
02022199251,35260643861450000181550010000870841620042642,45.99,87084,1,2026-06-11T22:12:58-03:00,True,[]
02022199251,35260643861450000181550020004522451723720909,45.99,452245,2,2026-06-11T22:12:53-03:00,True,[]
08894220958,35260643861450000181550010000870851620193290,45.99,87085,1,2026-06-11T22:16:20-03:00,True,[]
08894220958,35260643861450000181550020004522471986430787,45.99,452247,2,2026-06-11T22:16:21-03:00,True,[]
53903203000154,35260643861450000181550010000870861620523130,45.99,87086,1,2026-06-11T22:23:34-03:00,True,[]
53903203000154,35260643861450000181550020004537861121906634,45.99,453786,2,2026-06-17T02:00:38-03:00,True,[]
03629644910,35260643861450000181550010000870881621730967,33.19,87088,1,2026-06-11T22:52:51-03:00,True,[]
03629644910,35260643861450000181550020004522551396309620,33.19,452255,2,2026-06-11T22:51:25-03:00,True,[]
00564849928,35260643861450000181550010000870911623320001,31.04,87091,1,2026-06-11T23:43:15-03:00,True,[]
00564849928,35260643861450000181550020004522991487307854,31.04,452299,2,2026-06-12T02:34:41-03:00,True,[]
06475275107,35260643861450000181550010000870931623467953,45.99,87093,1,2026-06-11T23:49:23-03:00,True,[]
06475275107,35260643861450000181550020004524191348680190,45.99,452419,2,2026-06-12T17:29:01-03:00,True,[]
44287634845,35260643861450000181550010000870941623666732,31.04,87094,1,2026-06-11T23:58:01-03:00,True,[]
44287634845,35260643861450000181550020004523291158584417,31.04,452329,2,2026-06-12T09:24:21-03:00,True,[]
08398774000124,35260643861450000181550010000870961624180200,259.96,87096,1,2026-06-12T00:15:03-03:00,True,[]
08398774000124,35260643861450000181550020004522631486141470,259.96,452263,2,2026-06-12T00:15:03-03:00,True,[]
73835870149,35260643861450000181550010000871001625550013,45.99,87100,1,2026-06-12T01:13:54-03:00,True,[]
73835870149,35260643861450000181550020004522691066423301,45.99,452269,2,2026-06-12T01:13:58-03:00,True,[]
36859579889,35260643861450000181550010000871011626091222,31.04,87101,1,2026-06-12T02:00:09-03:00,True,[]
36859579889,35260643861450000181550020004522831214742891,31.04,452283,2,2026-06-12T02:01:45-03:00,True,[]
04850480942,35260643861450000181550010000871021627421320,45.99,87102,1,2026-06-12T02:12:38-03:00,True,[]
04850480942,35260643861450000181550020004522871784182095,45.99,452287,2,2026-06-12T02:13:34-03:00,True,[]
00658801961,35260643861450000181550010000871031627565192,31.04,87103,1,2026-06-12T02:30:32-03:00,True,[]
00658801961,35260643861450000181550020004522971446820900,31.04,452297,2,2026-06-12T02:30:36-03:00,True,[]
48632745808,35260643861450000181550010000871041627776379,31.04,87104,1,2026-06-12T03:05:37-03:00,True,[]
48632745808,35260643861450000181550020004523011207317560,31.04,452301,2,2026-06-12T03:05:27-03:00,True,[]
12481888707,35260643861450000181550010000871091630071999,30.99,87109,1,2026-06-12T06:42:14-03:00,True,[]
12481888707,35260643861450000181550020004515691702466322,30.99,451569,2,2026-06-09T19:16:08-03:00,True,[]
95530576672,35260643861450000181550010000871111630786856,64.99,87111,1,2026-06-12T07:03:26-03:00,True,[]
95530576672,35260643861450000181550020004523171769166026,64.99,452317,2,2026-06-12T07:02:03-03:00,True,[]
66952220291,35260643861450000181550010000871131632828810,45.99,87113,1,2026-06-12T07:35:33-03:00,True,[]
66952220291,35260643861450000181550020004524211436314770,45.99,452421,2,2026-06-12T17:30:44-03:00,True,[]
78159598220,35260643861450000181550010000871201635871354,45.99,87120,1,2026-06-12T08:09:06-03:00,True,[]
78159598220,35260643861450000181550020004523231209302096,45.99,452323,2,2026-06-12T08:09:03-03:00,True,[]
17638656733,35260643861450000181550010000871251639140733,45.99,87125,1,2026-06-12T08:38:49-03:00,True,[]
17638656733,35260643861450000181550020004517221428509184,45.99,451722,2,2026-06-10T07:05:18-03:00,True,[]
38780062504,35260643861450000181550010000871271641397546,31.04,87127,1,2026-06-12T08:58:41-03:00,True,[]
38780062504,35260643861450000181550020004551971472032254,31.04,455197,2,2026-06-21T01:04:11-03:00,True,[]
33762758824,35260643861450000181550010000871321643299800,45.99,87132,1,2026-06-12T09:14:26-03:00,True,[]
33762758824,35260643861450000181550020004528121911982046,45.99,452812,2,2026-06-13T21:10:04-03:00,True,[]
80279961715,35260643861450000181550010000871341646197078,31.04,87134,1,2026-06-12T09:37:54-03:00,True,[]
80279961715,35260643861450000181550020004523311995924750,31.04,452331,2,2026-06-12T09:37:57-03:00,True,[]
91377994449,35260643861450000181550010000871351646353336,33.19,87135,1,2026-06-12T09:39:19-03:00,True,[]
91377994449,35260643861450000181550020004525341142809008,33.19,452534,2,2026-06-13T06:14:18-03:00,True,[]
12603426702,35260643861450000181550010000871361647361321,45.99,87136,1,2026-06-12T09:47:22-03:00,True,[]
12603426702,35260643861450000181550020004523331101968901,45.99,452333,2,2026-06-12T09:47:24-03:00,True,[]
60815427000170,35260643861450000181550010000871421649196627,45.99,87142,1,2026-06-12T10:01:55-03:00,True,[]
60815427000170,35260643861450000181550020004524911797078112,45.99,452491,2,2026-06-13T00:26:14-03:00,True,[]
60815427000170,35260643861450000181550020004549911329535260,45.99,454991,2,2026-06-20T10:19:29-03:00,True,[]
61308856000113,35260643861450000181550010000871431649507395,31.04,87143,1,2026-06-12T10:04:25-03:00,True,[]
61308856000113,35260643861450000181550020004523351839397240,31.04,452335,2,2026-06-12T10:04:25-03:00,True,[]
12497182604,35260643861450000181550010000871441650470804,62.08,87144,1,2026-06-12T10:12:26-03:00,True,[]
12497182604,35260643861450000181550020004523371877292498,62.08,452337,2,2026-06-12T10:12:22-03:00,True,[]
10950252794,35260643861450000181550010000871451650614358,45.99,87145,1,2026-06-12T10:13:42-03:00,True,[]
10950252794,35260643861450000181550020004524011348822011,45.99,452401,2,2026-06-12T16:18:45-03:00,True,[]
54408040134,35260643861450000181550010000871471651215648,45.98,87147,1,2026-06-12T10:18:36-03:00,True,[]
54408040134,35260643861450000181550020004515171041238824,45.98,451517,2,2026-06-09T15:28:14-03:00,True,[]
37095533857,35260643861450000181550010000871481651772021,31.04,87148,1,2026-06-12T10:23:29-03:00,True,[]
37095533857,35260643861450000181550020004523411090448470,31.04,452341,2,2026-06-12T10:23:30-03:00,True,[]
44031826826,35260643861450000181550010000871501653050072,31.04,87150,1,2026-06-12T10:34:33-03:00,True,[]
44031826826,35260643861450000181550020004523711416980763,31.04,452371,2,2026-06-12T13:16:26-03:00,True,[]
36872295805,35260643861450000181550010000871511653478061,45.99,87151,1,2026-06-12T10:38:28-03:00,True,[]
36872295805,35260643861450000181550020004523611984872752,45.99,452361,2,2026-06-12T12:30:39-03:00,True,[]
05243016977,35260643861450000181550010000871521653682138,45.99,87152,1,2026-06-12T10:40:14-03:00,True,[]
05243016977,35260643861450000181550020004528581113463911,45.99,452858,2,2026-06-14T02:22:37-03:00,True,[]
42999590000158,35260643861450000181550010000871531654076301,45.99,87153,1,2026-06-12T10:43:36-03:00,True,[]
42999590000158,35260643861450000181550020004528321484936536,45.99,452832,2,2026-06-14T00:27:06-03:00,True,[]
44034325810,35260643861450000181550010000871571656348324,31.04,87157,1,2026-06-12T11:03:19-03:00,True,[]
44034325810,35260643861450000181550020004523431447479697,31.04,452343,2,2026-06-12T11:03:17-03:00,True,[]
59231530000193,35260643861450000181550010000871591656620720,274.0,87159,1,2026-06-12T11:05:42-03:00,True,[]
59231530000193,35260643861450000181550020004524731396749573,274.0,452473,2,2026-06-12T23:10:00-03:00,True,[]
28952990803,35260643861450000181550010000871621657835091,62.08,87162,1,2026-06-12T11:16:09-03:00,True,[]
28952990803,35260643861450000181550020004524891546092620,62.08,452489,2,2026-06-13T00:24:38-03:00,True,[]
48144093895,35260643861450000181550010000871641658369650,62.08,87164,1,2026-06-12T11:20:50-03:00,True,[]
48144093895,35260643861450000181550020004523451804839162,62.08,452345,2,2026-06-12T11:20:50-03:00,True,[]
01835179380,35260643861450000181550010000871651660165028,45.99,87165,1,2026-06-12T11:36:25-03:00,True,[]
01835179380,35260643861450000181550020004527121293268492,45.99,452712,2,2026-06-13T13:07:33-03:00,True,[]
83550895704,35260643861450000181550010000871661660487979,62.08,87166,1,2026-06-12T11:39:20-03:00,True,[]
83550895704,35260643861450000181550020004525171533458547,62.08,452517,2,2026-06-13T04:20:36-03:00,True,[]
01398205583,35260643861450000181550010000871671660770430,31.04,87167,1,2026-06-12T11:42:02-03:00,True,[]
01398205583,35260643861450000181550020004523471813258279,31.04,452347,2,2026-06-12T11:42:06-03:00,True,[]
07663683943,35260643861450000181550010000871681660928686,78.99,87168,1,2026-06-12T11:43:34-03:00,True,[]
07663683943,35260643861450000181550020004523491577178909,78.99,452349,2,2026-06-12T11:43:35-03:00,True,[]
27288744000100,35260643861450000181550010000871731662306402,62.08,87173,1,2026-06-12T11:56:40-03:00,True,[]
27288744000100,35260643861450000181550020004527761802380438,62.08,452776,2,2026-06-13T16:39:51-03:00,True,[]
01646534140,35260643861450000181550010000871741662567491,91.98,87174,1,2026-06-12T11:59:15-03:00,True,[]
01646534140,35260643861450000181550020004523511589259834,91.98,452351,2,2026-06-12T11:59:16-03:00,True,[]
11128649705,35260643861450000181550010000871761664531340,45.99,87176,1,2026-06-12T12:18:49-03:00,True,[]
11128649705,35260643861450000181550020004523561547025106,45.99,452356,2,2026-06-12T12:21:54-03:00,True,[]
39230685810,35260643861450000181550010000871781665037530,22.99,87178,1,2026-06-12T12:24:06-03:00,True,[]
39230685810,35260643861450000181550020004523591961699487,22.99,452359,2,2026-06-12T12:24:05-03:00,True,[]
08368044499,35260643861450000181550010000871791665181558,31.04,87179,1,2026-06-12T12:25:40-03:00,True,[]
08368044499,35260643861450000181550020004545201756443285,31.04,454520,2,2026-06-18T18:04:49-03:00,True,[]
05028082413,35260643861450000181550010000871841666961344,45.99,87184,1,2026-06-12T12:45:56-03:00,True,[]
05028082413,35260643861450000181550020004523651233324665,45.99,452365,2,2026-06-12T12:45:56-03:00,True,[]
44096560820,35260643861450000181550010000871851667196541,45.99,87185,1,2026-06-12T12:48:36-03:00,True,[]
44096560820,35260643861450000181550020004524691084292850,45.99,452469,2,2026-06-12T22:34:17-03:00,True,[]
26473981861,35260643861450000181550010000871861667916460,65.44,87186,1,2026-06-12T12:56:55-03:00,True,[]
26473981861,35260643861450000181550020004523671162459045,65.44,452367,2,2026-06-12T12:56:54-03:00,True,[]
21998463850,35260643861450000181550010000871871667958284,274.0,87187,1,2026-06-12T12:57:22-03:00,True,[]
21998463850,35260643861450000181550020004523691531848858,274.0,452369,2,2026-06-12T12:57:24-03:00,True,[]
36129266839,35260643861450000181550010000871881668505248,62.08,87188,1,2026-06-12T13:03:25-03:00,True,[]
36129266839,35260643861450000181550020004527541829024180,62.08,452754,2,2026-06-13T15:34:16-03:00,True,[]
43837616827,35260643861450000181550010000871891668534482,31.04,87189,1,2026-06-12T13:03:43-03:00,True,[]
43837616827,35260643861450000181550020004527421459604038,31.04,452742,2,2026-06-13T14:22:36-03:00,True,[]
09123615818,35260643861450000181550010000871911670446070,56.99,87191,1,2026-06-12T13:23:52-03:00,True,[]
09123615818,35260643861450000181550020004523751419883393,56.99,452375,2,2026-06-12T13:23:54-03:00,True,[]
13424704784,35260643861450000181550010000871971678236699,155.2,87197,1,2026-06-12T14:43:17-03:00,True,[]
13424704784,35260643861450000181550020004528761730180808,155.2,452876,2,2026-06-14T03:34:25-03:00,True,[]
14379652700,35260643861450000181550010000871981678483278,33.19,87198,1,2026-06-12T14:45:50-03:00,True,[]
14379652700,35260643861450000181550020004524771297322180,33.19,452477,2,2026-06-12T23:12:03-03:00,True,[]
73359017668,35260643861450000181550010000871991678546641,31.04,87199,1,2026-06-12T14:46:26-03:00,True,[]
73359017668,35260643861450000181550020004527521002930431,31.04,452752,2,2026-06-13T15:11:42-03:00,True,[]
15015414803,35260643861450000181550010000872041679982340,31.04,87204,1,2026-06-12T15:00:47-03:00,True,[]
15015414803,35260643861450000181550020004525011256957900,31.04,452501,2,2026-06-13T01:25:17-03:00,True,[]
14330140764,35260643861450000181550010000872051680000820,33.19,87205,1,2026-06-12T15:01:00-03:00,True,[]
14330140764,35260643861450000181550020004524751121274560,33.19,452475,2,2026-06-12T23:11:10-03:00,True,[]
15918002774,35260643861450000181550010000872071680451079,33.19,87207,1,2026-06-12T15:05:25-03:00,True,[]
15918002774,35260643861450000181550020004530401578445733,33.19,453040,2,2026-06-14T20:16:01-03:00,True,[]
05707294406,35260643861450000181550010000872091682267300,45.99,87209,1,2026-06-12T15:23:03-03:00,True,[]
05707294406,35260643861450000181550020004528781344271140,45.99,452878,2,2026-06-14T03:35:06-03:00,True,[]
08718255620,35260643861450000181550010000872101682569994,31.04,87210,1,2026-06-12T15:26:07-03:00,True,[]
08718255620,35260643861450000181550020004517601490324495,31.04,451760,2,2026-06-10T10:10:58-03:00,True,[]
54316466000120,35260643861450000181550010000872111682831041,31.04,87211,1,2026-06-12T15:28:38-03:00,True,[]
54316466000120,35260643861450000181550020004528381567702846,31.04,452838,2,2026-06-14T00:31:37-03:00,True,[]
34158034817,35260643861450000181550010000872131683606224,31.04,87213,1,2026-06-12T15:35:58-03:00,True,[]
34158034817,35260643861450000181550020004523831143932702,31.04,452383,2,2026-06-12T15:36:01-03:00,True,[]
42719278807,35260643861450000181550010000872141683619030,31.04,87214,1,2026-06-12T15:36:05-03:00,True,[]
42719278807,35260643861450000181550020004523851723863182,31.04,452385,2,2026-06-12T15:36:05-03:00,True,[]
60295958000260,35260643861450000181550010000872151683682316,31.04,87215,1,2026-06-12T15:36:35-03:00,True,[]
60295958000260,35260643861450000181550020004529221437003250,31.04,452922,2,2026-06-14T09:16:03-03:00,True,[]
05441956550,35260643861450000181550010000872161683812772,31.04,87216,1,2026-06-12T15:37:52-03:00,True,[]
05441956550,35260643861450000181550020004523871594601700,31.04,452387,2,2026-06-12T15:37:51-03:00,True,[]
35984400812,35260643861450000181550010000872171684738999,45.99,87217,1,2026-06-12T15:46:50-03:00,True,[]
35984400812,35260643861450000181550020004526261189218883,45.99,452626,2,2026-06-13T09:20:36-03:00,True,[]
14218856893,35260643861450000181550010000872181684848490,62.08,87218,1,2026-06-12T15:47:56-03:00,True,[]
14218856893,35260643861450000181550020004523891946444936,62.08,452389,2,2026-06-12T15:47:53-03:00,True,[]
57497745700,35260643861450000181550010000872191685040795,62.08,87219,1,2026-06-12T15:49:42-03:00,True,[]
57497745700,35260643861450000181550020004523911535941349,62.08,452391,2,2026-06-12T15:49:45-03:00,True,[]
29753418000151,35260643861450000181550010000872201685219834,93.12,87220,1,2026-06-12T15:51:21-03:00,True,[]
29753418000151,35260643861450000181550020004523931810804950,93.12,452393,2,2026-06-12T15:51:19-03:00,True,[]
03103549946,35260643861450000181550010000872211685476001,209.99,87221,1,2026-06-12T15:53:45-03:00,True,[]
03103549946,35260643861450000181550020004528341189261757,209.99,452834,2,2026-06-14T00:29:01-03:00,True,[]
05857306876,35260643861450000181550010000872231686841905,66.38,87223,1,2026-06-12T16:07:36-03:00,True,[]
05857306876,35260643861450000181550020004523971117182616,66.38,452397,2,2026-06-12T16:07:32-03:00,True,[]
26009940842,35260643861450000181550010000872241686864376,45.99,87224,1,2026-06-12T16:07:50-03:00,True,[]
26009940842,35260643861450000181550020004527161638998774,45.99,452716,2,2026-06-13T13:11:33-03:00,True,[]
10864976941,35260643861450000181550010000872251687165274,45.99,87225,1,2026-06-12T16:10:54-03:00,True,[]
10864976941,35260643861450000181550020004528161322798266,45.99,452816,2,2026-06-13T22:19:23-03:00,True,[]
02278445219,35260643861450000181550010000872261687452246,459.9,87226,1,2026-06-12T16:13:54-03:00,True,[]
02278445219,35260643861450000181550020004527401453439766,459.9,452740,2,2026-06-13T14:22:07-03:00,True,[]
02141592720,35260643861450000181550010000872271687648679,31.04,87227,1,2026-06-12T16:15:50-03:00,True,[]
02141592720,35260643861450000181550020004523991409061716,31.04,452399,2,2026-06-12T16:15:54-03:00,True,[]
28958786841,35260643861450000181550010000872291688993544,99.57,87229,1,2026-06-12T16:29:21-03:00,True,[]
28958786841,35260643861450000181550020004533931444648508,99.57,453393,2,2026-06-15T19:07:09-03:00,True,[]
42794348833,35260643861450000181550010000872301689674532,45.99,87230,1,2026-06-12T16:36:23-03:00,True,[]
42794348833,35260643861450000181550020004526301078934508,45.99,452630,2,2026-06-13T09:24:09-03:00,True,[]
54533865000142,35260643861450000181550010000872331690855571,31.04,87233,1,2026-06-12T16:48:58-03:00,True,[]
54533865000142,35260643861450000181550020004524031939646619,31.04,452403,2,2026-06-12T16:49:01-03:00,True,[]
24589293897,35260643861450000181550010000872341691260960,45.99,87234,1,2026-06-12T16:53:23-03:00,True,[]
24589293897,35260643861450000181550020004524051138633009,45.99,452405,2,2026-06-12T16:53:24-03:00,True,[]
13687826805,35260643861450000181550010000872371692078881,31.04,87237,1,2026-06-12T17:02:55-03:00,True,[]
13687826805,35260643861450000181550020004524091928614412,31.04,452409,2,2026-06-12T17:02:55-03:00,True,[]
41685859801,35260643861450000181550010000872381692221827,31.04,87238,1,2026-06-12T17:04:29-03:00,True,[]
41685859801,35260643861450000181550020004554071897043086,31.04,455407,2,2026-06-21T17:30:18-03:00,True,[]
24617076859,35260643861450000181550010000872391692373977,99.57,87239,1,2026-06-12T17:06:15-03:00,True,[]
24617076859,35260643861450000181550020004526481274774725,99.57,452648,2,2026-06-13T10:12:41-03:00,True,[]
32203732830,35260643861450000181550010000872401692480146,45.99,87240,1,2026-06-12T17:07:28-03:00,True,[]
32203732830,35260643861450000181550020004524131687119136,45.99,452413,2,2026-06-12T17:07:31-03:00,True,[]
24537241268,35260643861450000181550010000872421693267475,64.99,87242,1,2026-06-12T17:16:38-03:00,True,[]
24537241268,35260643861450000181550020004524151055639669,64.99,452415,2,2026-06-12T17:16:51-03:00,True,[]
01219745375,35260643861450000181550010000872441693838019,31.04,87244,1,2026-06-12T17:23:16-03:00,True,[]
01219745375,35260643861450000181550020004561391125237487,31.04,456139,2,2026-06-23T13:08:26-03:00,True,[]
06252732907,35260643861450000181550010000872451694294567,45.99,87245,1,2026-06-12T17:28:42-03:00,True,[]
06252732907,35260643861450000181550020004524931264032771,45.99,452493,2,2026-06-13T00:26:32-03:00,True,[]
13938734809,35260643861450000181550010000872471696887330,31.04,87247,1,2026-06-12T18:04:18-03:00,True,[]
13938734809,35260643861450000181550020004525031739393402,31.04,452503,2,2026-06-13T01:34:42-03:00,True,[]
05916427603,35260643861450000181550010000872491697992345,45.99,87249,1,2026-06-12T18:23:32-03:00,True,[]
05916427603,35260643861450000181550020004524271942288240,45.99,452427,2,2026-06-12T18:23:35-03:00,True,[]
16278273748,35260643861450000181550010000872511698411115,31.04,87251,1,2026-06-12T18:31:34-03:00,True,[]
16278273748,35260643861450000181550020004524291281858649,31.04,452429,2,2026-06-12T18:31:37-03:00,True,[]
07430268889,35260643861450000181550010000872551698802059,31.04,87255,1,2026-06-12T18:39:17-03:00,True,[]
07430268889,35260643861450000181550020004555631285818227,31.04,455563,2,2026-06-22T03:01:53-03:00,True,[]
16448802886,35260643861450000181550010000872561699538328,137.97,87256,1,2026-06-12T18:54:48-03:00,True,[]
16448802886,35260643861450000181550020004528181167621129,137.97,452818,2,2026-06-13T22:21:34-03:00,True,[]
02099044104,35260643861450000181550010000872581700140218,45.99,87258,1,2026-06-12T19:08:53-03:00,True,[]
02099044104,35260643861450000181550020004524331388448807,45.99,452433,2,2026-06-12T19:08:53-03:00,True,[]
13373509661,35260643861450000181550010000872591700902310,31.04,87259,1,2026-06-12T19:27:20-03:00,True,[]
13373509661,35260643861450000181550020004524371581459695,31.04,452437,2,2026-06-12T19:27:21-03:00,True,[]
04774107905,35260643861450000181550010000872601701890120,31.04,87260,1,2026-06-12T19:54:35-03:00,True,[]
04774107905,35260643861450000181550020004524951130549707,31.04,452495,2,2026-06-13T00:28:58-03:00,True,[]
05807343743,35260643861450000181550010000872611702100278,31.04,87261,1,2026-06-12T20:00:32-03:00,True,[]
05807343743,35260643861450000181550020004524431305777510,31.04,452443,2,2026-06-12T20:00:31-03:00,True,[]
51192780787,35260643861450000181550010000872621702100364,30.6,87262,1,2026-06-12T20:00:32-03:00,True,[]
51192780787,35260643861450000181550020004524411785497784,30.6,452441,2,2026-06-12T20:00:23-03:00,True,[]
36855005896,35260643861450000181550010000872631702112939,45.98,87263,1,2026-06-12T20:00:52-03:00,True,[]
36855005896,35260643861450000181550020004524451803354977,45.98,452445,2,2026-06-12T20:00:39-03:00,True,[]
47684778870,35260643861450000181550010000872641702277064,31.04,87264,1,2026-06-12T20:05:31-03:00,True,[]
47684778870,35260643861450000181550020004524471352980032,31.04,452447,2,2026-06-12T20:05:27-03:00,True,[]
71812463138,35260643861450000181550010000872651702373907,31.04,87265,1,2026-06-12T20:08:21-03:00,True,[]
71812463138,35260643861450000181550020004531601303343970,31.04,453160,2,2026-06-15T03:17:26-03:00,True,[]
05878954540,35260643861450000181550010000872661702777304,45.99,87266,1,2026-06-12T20:19:15-03:00,True,[]
05878954540,35260643861450000181550020004524491599027836,45.99,452449,2,2026-06-12T20:19:14-03:00,True,[]
98855786091,35260643861450000181550010000872681703523530,31.04,87268,1,2026-06-12T20:39:05-03:00,True,[]
98855786091,35260643861450000181550020004524531230144270,31.04,452453,2,2026-06-12T20:39:07-03:00,True,[]
42031700871,35260643861450000181550010000872691703798110,45.99,87269,1,2026-06-12T20:47:04-03:00,True,[]
42031700871,35260643861450000181550020004524551765156251,45.99,452455,2,2026-06-12T20:47:04-03:00,True,[]
03635032000,35260643861450000181550010000872701703828770,45.99,87270,1,2026-06-12T20:48:02-03:00,True,[]
03635032000,35260643861450000181550020004524391945229288,45.99,452439,2,2026-06-12T19:53:40-03:00,True,[]
07033998376,35260643861450000181550010000872721704028446,93.12,87272,1,2026-06-12T20:54:15-03:00,True,[]
07033998376,35260643861450000181550020004529001194885280,93.12,452900,2,2026-06-14T06:13:59-03:00,True,[]
27074557846,35260643861450000181550010000872731704556660,31.04,87273,1,2026-06-12T21:10:08-03:00,True,[]
27074557846,35260643861450000181550020004528801651394441,31.04,452880,2,2026-06-14T03:38:31-03:00,True,[]
36799049838,35260643861450000181550010000872741704886099,31.04,87274,1,2026-06-12T21:19:52-03:00,True,[]
36799049838,35260643861450000181550020004524591076021502,31.04,452459,2,2026-06-12T21:19:56-03:00,True,[]
33236564822,35260643861450000181550010000872751704952455,45.99,87275,1,2026-06-12T21:21:52-03:00,True,[]
33236564822,35260643861450000181550020004525071865344317,45.99,452507,2,2026-06-13T02:18:47-03:00,True,[]
05910162000180,35260643861450000181550010000872771706131666,93.12,87277,1,2026-06-12T22:00:05-03:00,True,[]
05910162000180,35260643861450000181550020004528561711836539,93.12,452856,2,2026-06-14T02:16:56-03:00,True,[]
62454034000103,35260643861450000181550010000872781706187324,61.2,87278,1,2026-06-12T22:01:49-03:00,True,[]
62454034000103,35260643861450000181550020004524631078871280,61.2,452463,2,2026-06-12T22:01:46-03:00,True,[]
44311571828,35260643861450000181550010000872791706419230,31.04,87279,1,2026-06-12T22:09:48-03:00,True,[]
44311571828,35260643861450000181550020004524651480249754,31.04,452465,2,2026-06-12T22:09:44-03:00,True,[]
13931896870,35260643861450000181550010000872801706421678,31.04,87280,1,2026-06-12T22:09:54-03:00,True,[]
13931896870,35260643861450000181550020004524671420296289,31.04,452467,2,2026-06-12T22:09:48-03:00,True,[]
07439018435,35260643861450000181550010000872811706798043,31.04,87281,1,2026-06-12T22:22:32-03:00,True,[]
07439018435,35260643861450000181550020004530101116338589,31.04,453010,2,2026-06-14T17:17:53-03:00,True,[]
37476654897,35260643861450000181550010000872831707010568,45.99,87283,1,2026-06-12T22:29:17-03:00,True,[]
37476654897,35260643861450000181550020004525091780245475,45.99,452509,2,2026-06-13T02:24:48-03:00,True,[]
65893638034,35260643861450000181550010000872861707396042,31.04,87286,1,2026-06-12T22:42:47-03:00,True,[]
65893638034,35260643861450000181550020004524711026212660,31.04,452471,2,2026-06-12T22:42:49-03:00,True,[]
04630188185,35260643861450000181550010000872871707962177,45.99,87287,1,2026-06-12T23:06:14-03:00,True,[]
04630188185,35260643861450000181550020004531021264045605,45.99,453102,2,2026-06-15T00:20:45-03:00,True,[]
39240918892,35260643861450000181550010000872901708295331,31.04,87290,1,2026-06-12T23:20:29-03:00,True,[]
39240918892,35260643861450000181550020004525481504690182,31.04,452548,2,2026-06-13T07:17:57-03:00,True,[]
38024620847,35260643861450000181550010000872931708464186,33.19,87293,1,2026-06-12T23:28:44-03:00,True,[]
38024620847,35260643861450000181550020004524791691590842,33.19,452479,2,2026-06-12T23:27:31-03:00,True,[]
33717833000127,35260643861450000181550010000872941708504177,33.19,87294,1,2026-06-12T23:30:41-03:00,True,[]
33717833000127,35260643861450000181550020004524811150150081,33.19,452481,2,2026-06-12T23:30:43-03:00,True,[]
10892580623,35260643861450000181550010000872971709841616,45.99,87297,1,2026-06-13T00:38:28-03:00,True,[]
10892580623,35260643861450000181550020004524971717682186,45.99,452497,2,2026-06-13T00:38:33-03:00,True,[]
22620347882,35260643861450000181550010000872981710329904,22.99,87298,1,2026-06-13T01:09:55-03:00,True,[]
22620347882,35260643861450000181550020004524991080778243,22.99,452499,2,2026-06-13T01:09:51-03:00,True,[]
05895333397,35260643861450000181550010000872991712021653,45.99,87299,1,2026-06-13T02:06:24-03:00,True,[]
05895333397,35260643861450000181550020004525191203128696,45.99,452519,2,2026-06-13T04:22:35-03:00,True,[]
05143644674,35260643861450000181550010000873001712135848,31.04,87300,1,2026-06-13T02:08:57-03:00,True,[]
05143644674,35260643861450000181550020004525051339631840,31.04,452505,2,2026-06-13T02:09:14-03:00,True,[]
08129551535,35260643861450000181550010000873011712487210,31.04,87301,1,2026-06-13T03:12:33-03:00,True,[]
08129551535,35260643861450000181550020004525111695136240,31.04,452511,2,2026-06-13T03:12:28-03:00,True,[]
18553925773,35260643861450000181550010000873021712897955,33.19,87302,1,2026-06-13T04:08:35-03:00,True,[]
18553925773,35260643861450000181550020004532131607657571,33.19,453213,2,2026-06-15T09:38:44-03:00,True,[]
10938479806,35260643861450000181550010000873031713203601,31.04,87303,1,2026-06-13T05:11:09-03:00,True,[]
10938479806,35260643861450000181550020004525271699421836,31.04,452527,2,2026-06-13T05:11:05-03:00,True,[]
49930246819,35260643861450000181550010000873051714555131,31.04,87305,1,2026-06-13T07:17:15-03:00,True,[]
49930246819,35260643861450000181550020004525461563929256,31.04,452546,2,2026-06-13T07:17:19-03:00,True,[]
05266538848,35260643861450000181550010000873071715385757,45.99,87307,1,2026-06-13T07:52:05-03:00,True,[]
05266538848,35260643861450000181550020004528401295647172,45.99,452840,2,2026-06-14T00:36:25-03:00,True,[]
04218919127,35260643861450000181550010000873111715924928,209.99,87311,1,2026-06-13T08:09:12-03:00,True,[]
04218919127,35260643861450000181550020004515411473588092,209.99,451541,2,2026-06-09T17:20:33-03:00,True,[]
60087788390,35260643861450000181550010000873131716277173,31.04,87313,1,2026-06-13T08:18:25-03:00,True,[]
60087788390,35260643861450000181550020004529021253690104,31.04,452902,2,2026-06-14T06:17:00-03:00,True,[]
82217599968,35260643861450000181550010000873151717989058,186.24,87315,1,2026-06-13T08:59:09-03:00,True,[]
82217599968,35260643861450000181550020004526061546303140,186.24,452606,2,2026-06-13T08:59:15-03:00,True,[]
10175108730,35260643861450000181550010000873171718331883,31.04,87317,1,2026-06-13T09:06:14-03:00,True,[]
10175108730,35260643861450000181550020004526161517118816,31.04,452616,2,2026-06-13T09:06:14-03:00,True,[]
03841826000171,35260643861450000181550010000873191720627985,186.24,87319,1,2026-06-13T09:45:53-03:00,True,[]
03841826000171,35260643861450000181550020004527801559947094,186.24,452780,2,2026-06-13T16:50:55-03:00,True,[]
44962373854,35260643861450000181550010000873201720981879,31.04,87320,1,2026-06-13T09:51:32-03:00,True,[]
44962373854,35260643861450000181550020004526401283392254,31.04,452640,2,2026-06-13T09:50:12-03:00,True,[]
40663694000161,35260643861450000181550010000873211721335145,45.99,87321,1,2026-06-13T09:57:25-03:00,True,[]
40663694000161,35260643861450000181550020004526421577464044,45.99,452642,2,2026-06-13T09:57:26-03:00,True,[]
08477457832,35260643861450000181550010000873221721466948,64.99,87322,1,2026-06-13T09:59:38-03:00,True,[]
08477457832,35260643861450000181550020004536751642264798,64.99,453675,2,2026-06-16T17:13:54-03:00,True,[]
34829109874,35260643861450000181550010000873231722217035,62.08,87323,1,2026-06-13T10:11:03-03:00,True,[]
34829109874,35260643861450000181550020004531041514260189,62.08,453104,2,2026-06-15T00:26:22-03:00,True,[]
40139482814,35260643861450000181550010000873261723280263,33.19,87326,1,2026-06-13T10:26:39-03:00,True,[]
40139482814,35260643861450000181550020004526541141865425,33.19,452654,2,2026-06-13T10:26:39-03:00,True,[]
37228613813,35260643861450000181550010000873291725535031,62.08,87329,1,2026-06-13T10:59:00-03:00,True,[]
37228613813,35260643861450000181550020004526661199717098,62.08,452666,2,2026-06-13T10:59:01-03:00,True,[]
51945591862,35260643861450000181550010000873311726301423,45.99,87331,1,2026-06-13T11:09:26-03:00,True,[]
51945591862,35260643861450000181550020004530481228165764,45.99,453048,2,2026-06-14T22:19:12-03:00,True,[]
34712746858,35260643861450000181550010000873321726480120,31.04,87332,1,2026-06-13T11:11:45-03:00,True,[]
34712746858,35260643861450000181550020004526721176976930,31.04,452672,2,2026-06-13T11:11:45-03:00,True,[]
01775826180,35260643861450000181550010000873331726587259,62.08,87333,1,2026-06-13T11:13:09-03:00,True,[]
01775826180,35260643861450000181550020004526801917135786,62.08,452680,2,2026-06-13T11:19:19-03:00,True,[]
07576435909,35260643861450000181550010000873361728479234,31.04,87336,1,2026-06-13T11:38:16-03:00,True,[]
07576435909,35260643861450000181550020004532931865311245,31.04,453293,2,2026-06-15T14:19:11-03:00,True,[]
27320524856,35260643861450000181550010000873371728707072,31.04,87337,1,2026-06-13T11:41:15-03:00,True,[]
27320524856,35260643861450000181550020004528881331366615,31.04,452888,2,2026-06-14T04:28:34-03:00,True,[]
28911556882,35260643861450000181550010000873381728878079,45.99,87338,1,2026-06-13T11:43:31-03:00,True,[]
28911556882,35260643861450000181550020004526861694567600,45.99,452686,2,2026-06-13T11:43:33-03:00,True,[]
02564418120,35260643861450000181550010000873391729745339,31.04,87339,1,2026-06-13T11:55:13-03:00,True,[]
02564418120,35260643861450000181550020004540941024122673,31.04,454094,2,2026-06-18T07:01:55-03:00,True,[]
31793998809,35260643861450000181550010000873401730387883,45.99,87340,1,2026-06-13T12:03:58-03:00,True,[]
31793998809,35260643861450000181550020004526881993326110,45.99,452688,2,2026-06-13T12:03:51-03:00,True,[]
32774952808,35260643861450000181550010000873411730762045,31.04,87341,1,2026-06-13T12:08:38-03:00,True,[]
32774952808,35260643861450000181550020004531641573793293,31.04,453164,2,2026-06-15T03:23:02-03:00,True,[]
03744623807,35260643861450000181550010000873421731253354,31.04,87342,1,2026-06-13T12:15:06-03:00,True,[]
03744623807,35260643861450000181550020004535181853209345,31.04,453518,2,2026-06-16T03:14:41-03:00,True,[]
34549231823,35260643861450000181550010000873451732462021,31.04,87345,1,2026-06-13T12:32:01-03:00,True,[]
34549231823,35260643861450000181550020004526921110245868,31.04,452692,2,2026-06-13T12:32:09-03:00,True,[]
17886805372,35260643861450000181550010000873481733340282,31.04,87348,1,2026-06-13T12:45:26-03:00,True,[]
17886805372,35260643861450000181550020004527181502211939,31.04,452718,2,2026-06-13T13:14:23-03:00,True,[]
99315920104,35260643861450000181550010000873501733955390,31.04,87350,1,2026-06-13T12:55:00-03:00,True,[]
99315920104,35260643861450000181550020004527041235543719,31.04,452704,2,2026-06-13T12:55:03-03:00,True,[]
52989720200,35260643861450000181550010000873511734076355,45.99,87351,1,2026-06-13T12:57:03-03:00,True,[]
52989720200,35260643861450000181550020004530501728595731,45.99,453050,2,2026-06-14T22:22:04-03:00,True,[]
13119247871,35260643861450000181550010000873551736224849,45.99,87355,1,2026-06-13T13:35:25-03:00,True,[]
13119247871,35260643861450000181550020004529921784366992,45.99,452992,2,2026-06-14T16:10:21-03:00,True,[]
37269752842,35260643861450000181550010000873561736321418,31.04,87356,1,2026-06-13T13:37:13-03:00,True,[]
37269752842,35260643861450000181550020004527261085301054,31.04,452726,2,2026-06-13T13:35:51-03:00,True,[]
09164256650,35260643861450000181550010000873581736888692,45.99,87358,1,2026-06-13T13:47:34-03:00,True,[]
09164256650,35260643861450000181550020004527321291431607,45.99,452732,2,2026-06-13T13:47:34-03:00,True,[]
10293068771,35260643861450000181550010000873591737197828,56.99,87359,1,2026-06-13T13:53:37-03:00,True,[]
10293068771,35260643861450000181550020004528841138522962,56.99,452884,2,2026-06-14T04:16:16-03:00,True,[]
79167721915,35260643861450000181550010000873601737449399,30.99,87360,1,2026-06-13T13:58:29-03:00,True,[]
79167721915,35260643861450000181550020004529601244464478,30.99,452960,2,2026-06-14T13:11:03-03:00,True,[]
15515531477,35260643861450000181550010000873611738507799,66.38,87361,1,2026-06-13T14:18:58-03:00,True,[]
15515531477,35260643861450000181550020004531681544331642,66.38,453168,2,2026-06-15T03:27:08-03:00,True,[]
05191071441,35260643861450000181550010000873621738606140,45.99,87362,1,2026-06-13T14:20:53-03:00,True,[]
05191071441,35260643861450000181550020004531701681042128,45.99,453170,2,2026-06-15T03:30:19-03:00,True,[]
28238955823,35260643861450000181550010000873641739051499,45.99,87364,1,2026-06-13T14:29:16-03:00,True,[]
28238955823,35260643861450000181550020004527441865946362,45.99,452744,2,2026-06-13T14:29:17-03:00,True,[]
70205465102,35260643861450000181550010000873651739648786,31.04,87365,1,2026-06-13T14:41:23-03:00,True,[]
70205465102,35260643861450000181550020004556011674885351,31.04,455601,2,2026-06-22T07:00:25-03:00,True,[]
55325319434,35260643861450000181550010000873671740423630,62.08,87367,1,2026-06-13T14:57:30-03:00,True,[]
55325319434,35260643861450000181550020004527901950494996,62.08,452790,2,2026-06-13T18:16:15-03:00,True,[]
32805721772,35260643861450000181550010000873691740885345,33.19,87369,1,2026-06-13T15:06:26-03:00,True,[]
32805721772,35260643861450000181550020004527471336621011,33.19,452747,2,2026-06-13T15:05:08-03:00,True,[]
46602321153,35260643861450000181550010000873751742258280,31.04,87375,1,2026-06-13T15:34:22-03:00,True,[]
46602321153,35260643861450000181550020004533631971525969,31.04,453363,2,2026-06-15T17:14:51-03:00,True,[]
18280352899,35260643861450000181550010000873761742693561,33.19,87376,1,2026-06-13T15:43:49-03:00,True,[]
18280352899,35260643861450000181550020004527561591657360,33.19,452756,2,2026-06-13T15:43:49-03:00,True,[]
29834288859,35260643861450000181550010000873791743893388,31.04,87379,1,2026-06-13T16:09:22-03:00,True,[]
29834288859,35260643861450000181550020004527581614187784,31.04,452758,2,2026-06-13T16:09:25-03:00,True,[]
67443923449,35260643861450000181550010000873801743981431,45.99,87380,1,2026-06-13T16:11:15-03:00,True,[]
67443923449,35260643861450000181550020004530121177870226,45.99,453012,2,2026-06-14T17:22:40-03:00,True,[]
02288739088,35260643861450000181550010000873821744316088,31.04,87382,1,2026-06-13T16:18:33-03:00,True,[]
02288739088,35260643861450000181550020004515891985893530,31.04,451589,2,2026-06-09T21:07:30-03:00,True,[]
35459040833,35260643861450000181550010000873831744443109,45.99,87383,1,2026-06-13T16:21:19-03:00,True,[]
35459040833,35260643861450000181550020004527621606929044,45.99,452762,2,2026-06-13T16:21:24-03:00,True,[]
36690749886,35260643861450000181550010000873841744633517,45.99,87384,1,2026-06-13T16:25:37-03:00,True,[]
36690749886,35260643861450000181550020004527661646098517,45.99,452766,2,2026-06-13T16:24:11-03:00,True,[]
33182852850,35260643861450000181550010000873851744909811,45.99,87385,1,2026-06-13T16:31:32-03:00,True,[]
33182852850,35260643861450000181550020004527701562898116,45.99,452770,2,2026-06-13T16:31:37-03:00,True,[]
05700085739,35260643861450000181550010000873891746384529,31.04,87389,1,2026-06-13T17:04:44-03:00,True,[]
05700085739,35260643861450000181550020004527821658350090,31.04,452782,2,2026-06-13T17:05:17-03:00,True,[]
09005006897,35260643861450000181550010000873901746685988,31.04,87390,1,2026-06-13T17:11:46-03:00,True,[]
09005006897,35260643861450000181550020004527841728741063,31.04,452784,2,2026-06-13T17:11:49-03:00,True,[]
12951574000124,35260643861450000181550010000873921747777660,31.04,87392,1,2026-06-13T17:39:06-03:00,True,[]
12951574000124,35260643861450000181550020004528421117830200,31.04,452842,2,2026-06-14T00:53:05-03:00,True,[]
05750797112,35260643861450000181550010000873941748445789,31.04,87394,1,2026-06-13T17:56:56-03:00,True,[]
05750797112,35260643861450000181550020004527861601257562,31.04,452786,2,2026-06-13T17:56:59-03:00,True,[]
45140819813,35260643861450000181550010000873961748693965,31.04,87396,1,2026-06-13T18:04:18-03:00,True,[]
45140819813,35260643861450000181550020004528261178985390,31.04,452826,2,2026-06-13T23:14:36-03:00,True,[]
96325410653,35260643861450000181550010000873971748903010,33.19,87397,1,2026-06-13T18:10:46-03:00,True,[]
96325410653,35260643861450000181550020004527881290980173,33.19,452788,2,2026-06-13T18:10:50-03:00,True,[]
28410947587,35260643861450000181550010000874001749810315,45.99,87400,1,2026-06-13T18:40:21-03:00,True,[]
28410947587,35260643861450000181550020004527921884681910,45.99,452792,2,2026-06-13T18:40:20-03:00,True,[]
28410947587,35260643861450000181550020004539201396301767,45.99,453920,2,2026-06-17T14:32:54-03:00,True,[]
03293458009,35260643861450000181550010000874011749839167,31.04,87401,1,2026-06-13T18:41:16-03:00,True,[]
03293458009,35260643861450000181550020004515431217268852,31.04,451543,2,2026-06-09T17:23:53-03:00,True,[]
00218511230,35260643861450000181550010000874021749988828,31.04,87402,1,2026-06-13T18:46:25-03:00,True,[]
00218511230,35260643861450000181550020004537741071452090,31.04,453774,2,2026-06-17T01:08:52-03:00,True,[]
40573868824,35260643861450000181550010000874031750301897,45.99,87403,1,2026-06-13T18:58:39-03:00,True,[]
40573868824,35260643861450000181550020004527941058677839,45.99,452794,2,2026-06-13T18:58:42-03:00,True,[]
36625692808,35260643861450000181550010000874041750802974,45.99,87404,1,2026-06-13T19:19:45-03:00,True,[]
36625692808,35260643861450000181550020004527961915323343,45.99,452796,2,2026-06-13T19:18:32-03:00,True,[]
09320103690,35260643861450000181550010000874051751061509,45.99,87405,1,2026-06-13T19:29:44-03:00,True,[]
09320103690,35260643861450000181550020004527981119958831,45.99,452798,2,2026-06-13T19:29:47-03:00,True,[]
34025095807,35260643861450000181550010000874081751758285,45.99,87408,1,2026-06-13T20:00:17-03:00,True,[]
34025095807,35260643861450000181550020004528001934824128,45.99,452800,2,2026-06-13T20:00:26-03:00,True,[]
34025095807,35260643861450000181550020004528041206363061,45.99,452804,2,2026-06-13T20:02:30-03:00,True,[]
06346873954,35260643861450000181550010000874101751790411,64.99,87410,1,2026-06-13T20:01:21-03:00,True,[]
06346873954,35260643861450000181550020004528021398677812,64.99,452802,2,2026-06-13T20:01:11-03:00,True,[]
59868490782,35260643861450000181550010000874131752212405,30.99,87413,1,2026-06-13T20:15:06-03:00,True,[]
59868490782,35260643861450000181550020004549131010403293,30.99,454913,2,2026-06-20T01:08:14-03:00,True,[]
42077872837,35260643861450000181550010000874161752897493,31.04,87416,1,2026-06-13T20:37:38-03:00,True,[]
42077872837,35260643861450000181550020004528961169945742,31.04,452896,2,2026-06-14T05:14:50-03:00,True,[]
83765310778,35260643861450000181550010000874171752936984,45.99,87417,1,2026-06-13T20:39:00-03:00,True,[]
83765310778,35260643861450000181550020004528821617821531,45.99,452882,2,2026-06-14T03:56:44-03:00,True,[]
45724305860,35260643861450000181550010000874181753046912,31.04,87418,1,2026-06-13T20:42:43-03:00,True,[]
45724305860,35260643861450000181550020004528101590964958,31.04,452810,2,2026-06-13T20:42:43-03:00,True,[]
16851571730,35260643861450000181550010000874191753323891,31.04,87419,1,2026-06-13T20:52:42-03:00,True,[]
16851571730,35260643861450000181550020004531401568344344,31.04,453140,2,2026-06-15T02:14:18-03:00,True,[]
10688065830,35260643861450000181550010000874201753383151,31.04,87420,1,2026-06-13T20:55:09-03:00,True,[]
10688065830,35260643861450000181550020004528861658349925,31.04,452886,2,2026-06-14T04:16:36-03:00,True,[]
08886077920,35260643861450000181550010000874241755106430,31.04,87424,1,2026-06-13T22:01:26-03:00,True,[]
08886077920,35260643861450000181550020004531941065847851,31.04,453194,2,2026-06-15T08:02:23-03:00,True,[]
11454224894,35260643861450000181550010000874251755468088,45.99,87425,1,2026-06-13T22:15:11-03:00,True,[]
11454224894,35260643861450000181550020004529481276942184,45.99,452948,2,2026-06-14T12:31:04-03:00,True,[]
31574608894,35260643861450000181550010000874261755470195,31.04,87426,1,2026-06-13T22:15:15-03:00,True,[]
31574608894,35260643861450000181550020004528601630214204,31.04,452860,2,2026-06-14T02:26:41-03:00,True,[]
40894983768,35260643861450000181550010000874271755521978,32.99,87427,1,2026-06-13T22:17:04-03:00,True,[]
40894983768,35260643861450000181550020004531061239674237,32.99,453106,2,2026-06-15T00:28:22-03:00,True,[]
35641510874,35260643861450000181550010000874291756169989,31.04,87429,1,2026-06-13T22:40:48-03:00,True,[]
35641510874,35260643861450000181550020004528201631707039,31.04,452820,2,2026-06-13T22:40:48-03:00,True,[]
36278020807,35260643861450000181550010000874311756700313,31.04,87431,1,2026-06-13T23:04:06-03:00,True,[]
36278020807,35260643861450000181550020004528221070624100,31.04,452822,2,2026-06-13T23:04:02-03:00,True,[]
05763604300,35260643861450000181550010000874321756963044,31.04,87432,1,2026-06-13T23:16:22-03:00,True,[]
05763604300,35260643861450000181550020004533591843253653,31.04,453359,2,2026-06-15T17:10:25-03:00,True,[]
03353693084,35260643861450000181550010000874331756991240,31.04,87433,1,2026-06-13T23:17:44-03:00,True,[]
03353693084,35260643861450000181550020004528281659250686,31.04,452828,2,2026-06-13T23:17:49-03:00,True,[]
12361398796,35260643861450000181550010000874341757372427,45.99,87434,1,2026-06-13T23:38:19-03:00,True,[]
12361398796,35260643861450000181550020004528921767113415,45.99,452892,2,2026-06-14T04:38:54-03:00,True,[]
28229830000104,35260643861450000181550010000874351757595938,31.04,87435,1,2026-06-13T23:52:06-03:00,True,[]
28229830000104,35260643861450000181550020004528621432346125,31.04,452862,2,2026-06-14T02:44:25-03:00,True,[]
28229830000104,35260643861450000181550020004546051249520288,31.04,454605,2,2026-06-19T00:24:01-03:00,True,[]
04764149460,35260643861450000181550010000874361757788997,31.04,87436,1,2026-06-14T00:04:56-03:00,True,[]
04764149460,35260643861450000181550020004526841683042379,31.04,452684,2,2026-06-13T11:29:33-03:00,True,[]
06513529832,35260643861450000181550010000874401758435195,31.04,87440,1,2026-06-14T00:42:02-03:00,True,[]
06513529832,35260643861450000181550020004535081017520477,31.04,453508,2,2026-06-16T02:14:44-03:00,True,[]
61878150332,35260643861450000181550010000874421758737684,45.98,87442,1,2026-06-14T01:02:35-03:00,True,[]
61878150332,35260643861450000181550020004528441854130752,45.98,452844,2,2026-06-14T01:02:45-03:00,True,[]
11201934605,35260643861450000181550010000874431759281908,31.04,87443,1,2026-06-14T01:59:31-03:00,True,[]
11201934605,35260643861450000181550020004528481884100621,31.04,452848,2,2026-06-14T01:59:33-03:00,True,[]
83213066168,35260643861450000181550010000874441760169862,31.04,87444,1,2026-06-14T02:05:18-03:00,True,[]
83213066168,35260643861450000181550020004528501041308305,31.04,452850,2,2026-06-14T02:05:15-03:00,True,[]
05789356354,35260643861450000181550010000874451760584905,261.62,87445,1,2026-06-14T03:02:57-03:00,True,[]
05789356354,35260643861450000181550020004528641599992122,261.62,452864,2,2026-06-14T03:02:51-03:00,True,[]
13273480718,35260643861450000181550010000874461760593154,31.04,87446,1,2026-06-14T03:04:16-03:00,True,[]
13273480718,35260643861450000181550020004528661687725678,31.04,452866,2,2026-06-14T03:04:12-03:00,True,[]
22583474000146,35260643861450000181550010000874471760649432,22.99,87447,1,2026-06-14T03:12:07-03:00,True,[]
22583474000146,35260643861450000181550020004528681231224450,22.99,452868,2,2026-06-14T03:11:59-03:00,True,[]
40667837833,35260643861450000181550010000874481760656134,56.99,87448,1,2026-06-14T03:13:04-03:00,True,[]
40667837833,35260643861450000181550020004528701101774580,56.99,452870,2,2026-06-14T03:13:00-03:00,True,[]
04126689397,35260643861450000181550010000874491760662689,22.99,87449,1,2026-06-14T03:13:54-03:00,True,[]
04126689397,35260643861450000181550020004528721444084844,22.99,452872,2,2026-06-14T03:13:51-03:00,True,[]
01481329600,35260643861450000181550010000874501761296512,45.99,87450,1,2026-06-14T04:57:38-03:00,True,[]
01481329600,35260643861450000181550020004528941960624897,45.99,452894,2,2026-06-14T04:57:38-03:00,True,[]
33657971000168,35260643861450000181550010000874511761574234,30.6,87451,1,2026-06-14T06:00:23-03:00,True,[]
33657971000168,35260643861450000181550020004528981960001902,30.6,452898,2,2026-06-14T06:00:12-03:00,True,[]
47661513803,35260643861450000181550010000874521761650795,31.04,87452,1,2026-06-14T06:19:04-03:00,True,[]
47661513803,35260643861450000181550020004529041203225739,31.04,452904,2,2026-06-14T06:18:49-03:00,True,[]
08368688701,35260643861450000181550010000874541761899224,31.04,87454,1,2026-06-14T07:00:59-03:00,True,[]
08368688701,35260643861450000181550020004529061546312811,31.04,452906,2,2026-06-14T07:00:47-03:00,True,[]
36419505895,35260643861450000181550010000874551762626385,31.04,87455,1,2026-06-14T08:09:12-03:00,True,[]
36419505895,35260643861450000181550020004529121993758795,31.04,452912,2,2026-06-14T08:09:17-03:00,True,[]
01760206326,35260643861450000181550010000874571763056692,31.04,87457,1,2026-06-14T08:36:39-03:00,True,[]
01760206326,35260643861450000181550020004533651922490930,31.04,453365,2,2026-06-15T17:18:36-03:00,True,[]
55571760630,35260643861450000181550010000874591763594265,45.99,87459,1,2026-06-14T09:03:49-03:00,True,[]
55571760630,35260643861450000181550020004529181860920579,45.99,452918,2,2026-06-14T09:03:48-03:00,True,[]
08880320726,35260643861450000181550010000874611763983294,209.99,87461,1,2026-06-14T09:18:46-03:00,True,[]
08880320726,35260643861450000181550020004530421262366021,209.99,453042,2,2026-06-14T20:26:44-03:00,True,[]
26957630854,35260643861450000181550010000874631764418200,129.98,87463,1,2026-06-14T09:35:04-03:00,True,[]
26957630854,35260643861450000181550020004529961382387013,129.98,452996,2,2026-06-14T16:19:37-03:00,True,[]
31773211838,35260643861450000181550010000874641764429144,31.04,87464,1,2026-06-14T09:35:27-03:00,True,[]
31773211838,35260643861450000181550020004529261002909611,31.04,452926,2,2026-06-14T09:34:27-03:00,True,[]
05520874670,35260643861450000181550010000874671764640912,45.99,87467,1,2026-06-14T09:42:31-03:00,True,[]
05520874670,35260643861450000181550020004529281669653932,45.99,452928,2,2026-06-14T09:42:32-03:00,True,[]
11053109903,35260643861450000181550010000874691764740792,45.99,87469,1,2026-06-14T09:46:00-03:00,True,[]
11053109903,35260643861450000181550020004535301622950745,45.99,453530,2,2026-06-16T04:10:12-03:00,True,[]
36113800830,35260643861450000181550010000874701765348900,31.04,87470,1,2026-06-14T10:05:26-03:00,True,[]
36113800830,35260643861450000181550020004529301959126208,31.04,452930,2,2026-06-14T10:05:29-03:00,True,[]
37716735420,35260643861450000181550010000874711766094357,31.04,87471,1,2026-06-14T10:26:45-03:00,True,[]
37716735420,35260643861450000181550020004538351536738205,31.04,453835,2,2026-06-17T09:13:34-03:00,True,[]
32929277000190,35260643861450000181550010000874761766933983,45.99,87476,1,2026-06-14T10:48:56-03:00,True,[]
32929277000190,35260643861450000181550020004529561356725351,45.99,452956,2,2026-06-14T13:08:25-03:00,True,[]
37055118824,35260643861450000181550010000874771767088885,33.19,87477,1,2026-06-14T10:53:01-03:00,True,[]
37055118824,35260643861450000181550020004535211415611253,33.19,453521,2,2026-06-16T03:20:53-03:00,True,[]
10201585499,35260643861450000181550010000874801767807690,45.99,87480,1,2026-06-14T11:10:49-03:00,True,[]
10201585499,35260643861450000181550020004529321179463757,45.99,452932,2,2026-06-14T11:10:53-03:00,True,[]
02525727002,35260643861450000181550010000874811768101144,62.08,87481,1,2026-06-14T11:17:42-03:00,True,[]
02525727002,35260643861450000181550020004531501484068644,62.08,453150,2,2026-06-15T02:44:52-03:00,True,[]
35853201808,35260643861450000181550010000874841768917251,45.99,87484,1,2026-06-14T11:36:47-03:00,True,[]
35853201808,35260643861450000181550020004529341448426841,45.99,452934,2,2026-06-14T11:36:49-03:00,True,[]
05808208742,35260643861450000181550010000874851769058918,31.04,87485,1,2026-06-14T11:40:12-03:00,True,[]
05808208742,35260643861450000181550020004529361199340234,31.04,452936,2,2026-06-14T11:40:08-03:00,True,[]
83120521191,35260643861450000181550010000874901769680562,31.04,87490,1,2026-06-14T11:54:23-03:00,True,[]
83120521191,35260643861450000181550020004529401922671306,31.04,452940,2,2026-06-14T11:53:22-03:00,True,[]
10022857710,35260643861450000181550010000874921770470988,45.99,87492,1,2026-06-14T12:12:10-03:00,True,[]
10022857710,35260643861450000181550020004529421551744593,45.99,452942,2,2026-06-14T12:12:23-03:00,True,[]
99680564053,35260643861450000181550010000874931770803780,45.99,87493,1,2026-06-14T12:19:32-03:00,True,[]
99680564053,35260643861450000181550020004530141580030758,45.99,453014,2,2026-06-14T17:38:37-03:00,True,[]
03907877799,35260643861450000181550010000874941770959191,45.99,87494,1,2026-06-14T12:23:08-03:00,True,[]
03907877799,35260643861450000181550020004529441220609677,45.99,452944,2,2026-06-14T12:23:11-03:00,True,[]
13121388746,35260643861450000181550010000874951770968813,45.99,87495,1,2026-06-14T12:23:24-03:00,True,[]
13121388746,35260643861450000181550020004529461542499106,45.99,452946,2,2026-06-14T12:23:23-03:00,True,[]
04775561839,35260643861450000181550010000874981771983095,31.04,87498,1,2026-06-14T12:47:41-03:00,True,[]
04775561839,35260643861450000181550020004529501615466850,31.04,452950,2,2026-06-14T12:47:39-03:00,True,[]
47042595874,35260643861450000181550010000874991772133513,31.04,87499,1,2026-06-14T12:51:22-03:00,True,[]
47042595874,35260643861450000181550020004529521139592907,31.04,452952,2,2026-06-14T12:51:24-03:00,True,[]
08290313756,35260643861450000181550010000875001772295095,31.04,87500,1,2026-06-14T12:55:30-03:00,True,[]
08290313756,35260643861450000181550020004529541863544434,31.04,452954,2,2026-06-14T12:55:32-03:00,True,[]
27082731833,35260643861450000181550010000875011772321727,45.99,87501,1,2026-06-14T12:56:08-03:00,True,[]
27082731833,35260643861450000181550020004538001478361200,45.99,453800,2,2026-06-17T03:09:20-03:00,True,[]
05840963569,35260643861450000181550010000875021772632312,93.12,87502,1,2026-06-14T13:03:51-03:00,True,[]
05840963569,35260643861450000181550020004535221413508797,93.12,453522,2,2026-06-16T03:20:57-03:00,True,[]
08035478702,35260643861450000181550010000875071773704380,45.99,87507,1,2026-06-14T13:28:35-03:00,True,[]
08035478702,35260643861450000181550020004531421338434842,45.99,453142,2,2026-06-15T02:18:59-03:00,True,[]
10759067848,35260643861450000181550010000875081773705015,31.04,87508,1,2026-06-14T13:28:36-03:00,True,[]
10759067848,35260643861450000181550020004529621474176436,31.04,452962,2,2026-06-14T13:28:36-03:00,True,[]
29684729847,35260643861450000181550010000875091774513281,31.04,87509,1,2026-06-14T13:48:04-03:00,True,[]
29684729847,35260643861450000181550020004529641192996570,31.04,452964,2,2026-06-14T13:48:09-03:00,True,[]
06492433408,35260643861450000181550010000875141774961829,31.04,87514,1,2026-06-14T13:59:09-03:00,True,[]
06492433408,35260643861450000181550020004529661683066470,31.04,452966,2,2026-06-14T13:59:11-03:00,True,[]
02806121680,35260643861450000181550010000875221776679294,31.04,87522,1,2026-06-14T14:40:07-03:00,True,[]
02806121680,35260643861450000181550020004529721046473498,31.04,452972,2,2026-06-14T14:40:13-03:00,True,[]
50052376826,35260643861450000181550010000875241776798832,31.04,87524,1,2026-06-14T14:42:55-03:00,True,[]
50052376826,35260643861450000181550020004529741499854560,31.04,452974,2,2026-06-14T14:42:56-03:00,True,[]
48518872804,35260643861450000181550010000875251777767423,31.04,87525,1,2026-06-14T15:06:42-03:00,True,[]
48518872804,35260643861450000181550020004529761739966834,31.04,452976,2,2026-06-14T15:06:24-03:00,True,[]
00863061974,35260643861450000181550010000875281778653504,31.04,87528,1,2026-06-14T15:28:08-03:00,True,[]
00863061974,35260643861450000181550020004530561926895140,31.04,453056,2,2026-06-14T22:36:46-03:00,True,[]
05181170811,35260643861450000181550010000875301779143648,31.04,87530,1,2026-06-14T15:39:24-03:00,True,[]
05181170811,35260643861450000181550020004529781429091486,31.04,452978,2,2026-06-14T15:39:27-03:00,True,[]
03410408002,35260643861450000181550010000875311779253289,33.19,87531,1,2026-06-14T15:41:46-03:00,True,[]
03410408002,35260643861450000181550020004529801885174575,33.19,452980,2,2026-06-14T15:41:46-03:00,True,[]
23390176888,35260643861450000181550010000875331779294133,45.99,87533,1,2026-06-14T15:42:36-03:00,True,[]
23390176888,35260643861450000181550020004529821680999615,45.99,452982,2,2026-06-14T15:42:40-03:00,True,[]
17176396744,35260643861450000181550010000875341779619307,62.08,87534,1,2026-06-14T15:50:14-03:00,True,[]
17176396744,35260643861450000181550020004529841175206349,62.08,452984,2,2026-06-14T15:50:17-03:00,True,[]
52071201825,35260643861450000181550010000875351779691048,31.04,87535,1,2026-06-14T15:51:47-03:00,True,[]
52071201825,35260643861450000181550020004529861783986876,31.04,452986,2,2026-06-14T15:51:51-03:00,True,[]
52071201825,35260643861450000181550020004529901042294341,31.04,452990,2,2026-06-14T16:09:17-03:00,True,[]
44908229600,35260643861450000181550010000875371780834277,31.04,87537,1,2026-06-14T16:16:54-03:00,True,[]
44908229600,35260643861450000181550020004529941792870518,31.04,452994,2,2026-06-14T16:17:28-03:00,True,[]
21941801846,35260643861450000181550010000875381781107902,31.04,87538,1,2026-06-14T16:22:53-03:00,True,[]
21941801846,35260643861450000181550020004530681606442234,31.04,453068,2,2026-06-14T23:08:25-03:00,True,[]
10877200602,35260643861450000181550010000875391781533852,31.04,87539,1,2026-06-14T16:32:37-03:00,True,[]
10877200602,35260643861450000181550020004531921707681871,31.04,453192,2,2026-06-15T07:07:40-03:00,True,[]
05587179508,35260643861450000181550010000875411782006595,56.99,87541,1,2026-06-14T16:43:42-03:00,True,[]
05587179508,35260643861450000181550020004531781124547770,56.99,453178,2,2026-06-15T04:21:00-03:00,True,[]
55327117049,35260643861450000181550010000875441782498279,31.04,87544,1,2026-06-14T16:54:17-03:00,True,[]
55327117049,35260643861450000181550020004529981066285596,31.04,452998,2,2026-06-14T16:54:17-03:00,True,[]
87648148820,35260643861450000181550010000875461782770470,31.04,87546,1,2026-06-14T17:00:25-03:00,True,[]
87648148820,35260643861450000181550020004530001461939005,31.04,453000,2,2026-06-14T17:00:32-03:00,True,[]
04532939488,35260643861450000181550010000875471782939730,31.04,87547,1,2026-06-14T17:03:57-03:00,True,[]
04532939488,35260643861450000181550020004530021828955201,31.04,453002,2,2026-06-14T17:03:58-03:00,True,[]
11612427758,35260643861450000181550010000875481783034178,45.99,87548,1,2026-06-14T17:06:06-03:00,True,[]
11612427758,35260643861450000181550020004530041534776126,45.99,453004,2,2026-06-14T17:05:57-03:00,True,[]
42322568813,35260643861450000181550010000875581787130976,31.04,87558,1,2026-06-14T18:30:37-03:00,True,[]
42322568813,35260643861450000181550020004530221484569031,31.04,453022,2,2026-06-14T18:30:44-03:00,True,[]
36140576822,35260643861450000181550010000875601787808164,31.04,87560,1,2026-06-14T18:44:22-03:00,True,[]
36140576822,35260643861450000181550020004531181351944900,31.04,453118,2,2026-06-15T00:59:07-03:00,True,[]
22619535859,35260643861450000181550010000875611788018369,45.99,87561,1,2026-06-14T18:48:39-03:00,True,[]
22619535859,35260643861450000181550020004531361984279912,45.99,453136,2,2026-06-15T01:50:44-03:00,True,[]
32220281841,35260643861450000181550010000875621788024480,45.99,87562,1,2026-06-14T18:48:46-03:00,True,[]
32220281841,35260643861450000181550020004530241622231426,45.99,453024,2,2026-06-14T18:48:47-03:00,True,[]
12071762738,35260643861450000181550010000875631788520573,31.04,87563,1,2026-06-14T18:58:54-03:00,True,[]
12071762738,35260643861450000181550020004530261366028358,31.04,453026,2,2026-06-14T18:58:42-03:00,True,[]
01534315128,35260643861450000181550010000875641788684115,45.99,87564,1,2026-06-14T19:02:15-03:00,True,[]
01534315128,35260643861450000181550020004540321807241033,45.99,454032,2,2026-06-18T00:23:41-03:00,True,[]
83873643049,35260643861450000181550010000875651788804436,22.99,87565,1,2026-06-14T19:04:40-03:00,True,[]
83873643049,35260643861450000181550020004530281653671249,22.99,453028,2,2026-06-14T19:04:34-03:00,True,[]
07365604670,35260643861450000181550010000875661788917513,45.99,87566,1,2026-06-14T19:06:45-03:00,True,[]
07365604670,35260643861450000181550020004549231720059039,45.99,454923,2,2026-06-20T02:14:02-03:00,True,[]
10113419996,35260643861450000181550010000875671789036860,45.99,87567,1,2026-06-14T19:08:59-03:00,True,[]
10113419996,35260643861450000181550020004533831473836132,45.99,453383,2,2026-06-15T18:10:27-03:00,True,[]
05583360607,35260643861450000181550010000875681789103069,45.99,87568,1,2026-06-14T19:10:15-03:00,True,[]
05583360607,35260643861450000181550020004533951679320566,45.99,453395,2,2026-06-15T19:12:46-03:00,True,[]
15870749743,35260643861450000181550010000875701789785842,45.99,87570,1,2026-06-14T19:23:49-03:00,True,[]
15870749743,35260643861450000181550020004540561720637409,45.99,454056,2,2026-06-18T02:07:30-03:00,True,[]
79427235500,35260643861450000181550010000875731790042833,31.04,87573,1,2026-06-14T19:28:46-03:00,True,[]
79427235500,35260643861450000181550020004534901663128686,31.04,453490,2,2026-06-16T01:22:50-03:00,True,[]
25147286810,35260643861450000181550010000875791792036796,65.98,87579,1,2026-06-14T20:03:55-03:00,True,[]
25147286810,35260643861450000181550020004530341430939052,65.98,453034,2,2026-06-14T20:03:48-03:00,True,[]
04689036900,35260643861450000181550010000875811792490053,56.99,87581,1,2026-06-14T20:11:57-03:00,True,[]
04689036900,35260643861450000181550020004538321988187515,56.99,453832,2,2026-06-17T09:06:31-03:00,True,[]
62043082000109,35260643861450000181550010000875851793241340,45.99,87585,1,2026-06-14T20:23:52-03:00,True,[]
62043082000109,35260643861450000181550020004532971163207889,45.99,453297,2,2026-06-15T14:21:00-03:00,True,[]
09534631760,35260643861450000181550010000875861793684281,45.99,87586,1,2026-06-14T20:30:39-03:00,True,[]
09534631760,35260643861450000181550020004534711143356255,45.99,453471,2,2026-06-16T00:32:18-03:00,True,[]
32659452865,35260643861450000181550010000875871793731279,31.04,87587,1,2026-06-14T20:31:24-03:00,True,[]
32659452865,35260643861450000181550020004530541963094835,31.04,453054,2,2026-06-14T22:32:50-03:00,True,[]
04878026910,35260643861450000181550010000875881793813477,209.99,87588,1,2026-06-14T20:32:48-03:00,True,[]
04878026910,35260643861450000181550020004530441071638129,209.99,453044,2,2026-06-14T20:32:49-03:00,True,[]
78666112700,35260643861450000181550010000875911794389194,45.99,87591,1,2026-06-14T20:42:20-03:00,True,[]
78666112700,35260643861450000181550020004534721371483267,45.99,453472,2,2026-06-16T00:32:20-03:00,True,[]
21476832803,35260643861450000181550010000875921794654847,31.04,87592,1,2026-06-14T20:46:56-03:00,True,[]
21476832803,35260643861450000181550020004552271123883888,31.04,455227,2,2026-06-21T03:10:32-03:00,True,[]
07231729940,35260643861450000181550010000875941801443219,45.99,87594,1,2026-06-15T03:42:26-03:00,True,[]
07231729940,35260643861450000181550020004530641679903410,45.99,453064,2,2026-06-14T23:01:59-03:00,True,[]
33094420125,35260643861450000181550010000875961801455416,48.99,87596,1,2026-06-15T03:42:46-03:00,True,[]
33094420125,35260643861450000181550020004530941447208135,48.99,453094,2,2026-06-15T00:11:40-03:00,True,[]
42616286866,35260643861450000181550010000875971801474817,31.04,87597,1,2026-06-15T03:43:18-03:00,True,[]
42616286866,35260643861450000181550020004531461464931506,31.04,453146,2,2026-06-15T02:39:03-03:00,True,[]
04367499200,35260643861450000181550010000875981801506252,31.04,87598,1,2026-06-15T03:44:09-03:00,True,[]
04367499200,35260643861450000181550020004531241431980349,31.04,453124,2,2026-06-15T01:04:23-03:00,True,[]
26497349812,35260643861450000181550010000875991801770941,30.6,87599,1,2026-06-15T03:49:59-03:00,True,[]
26497349812,35260643861450000181550020004531521654669508,30.6,453152,2,2026-06-15T03:01:01-03:00,True,[]
02759823008,35260643861450000181550010000876001801806000,31.04,87600,1,2026-06-15T03:50:45-03:00,True,[]
02759823008,35260643861450000181550020004534091685593754,31.04,453409,2,2026-06-15T20:22:54-03:00,True,[]
22041042800,35260643861450000181550010000876011801851305,45.99,87601,1,2026-06-15T03:51:43-03:00,True,[]
22041042800,35260643861450000181550020004531481033523586,45.99,453148,2,2026-06-15T02:40:45-03:00,True,[]
05154004752,35260643861450000181550010000876021801884162,31.04,87602,1,2026-06-15T03:52:24-03:00,True,[]
05154004752,35260643861450000181550020004531141533923488,31.04,453114,2,2026-06-15T00:33:27-03:00,True,[]
09065980000185,35260643861450000181550010000876041801905717,45.99,87604,1,2026-06-15T03:52:51-03:00,True,[]
09065980000185,35260643861450000181550020004534921070565151,45.99,453492,2,2026-06-16T01:25:07-03:00,True,[]
84630272704,35260643861450000181550010000876051801971164,62.08,87605,1,2026-06-15T03:54:19-03:00,True,[]
84630272704,35260643861450000181550020004531101936662721,62.08,453110,2,2026-06-15T00:30:48-03:00,True,[]
05525976358,35260643861450000181550010000876081802589397,45.99,87608,1,2026-06-15T04:09:14-03:00,True,[]
05525976358,35260643861450000181550020004535421157644731,45.99,453542,2,2026-06-16T06:07:42-03:00,True,[]
03101842409,35260643861450000181550010000876091802592484,91.98,87609,1,2026-06-15T04:09:20-03:00,True,[]
03101842409,35260643861450000181550020004531881768549970,91.98,453188,2,2026-06-15T06:11:58-03:00,True,[]
33116486840,35260643861450000181550010000876141816068677,45.99,87614,1,2026-06-15T09:48:55-03:00,True,[]
33116486840,35260643861450000181550020004531321450538402,45.99,453132,2,2026-06-15T01:29:06-03:00,True,[]
05548785850,35260643861450000181550010000876201830003282,62.08,87620,1,2026-06-15T10:57:13-03:00,True,[]
05548785850,35260643861450000181550020004530901162048912,62.08,453090,2,2026-06-15T00:08:58-03:00,True,[]
02773749014,35260643861450000181550010000876221831681947,62.08,87622,1,2026-06-15T11:05:39-03:00,True,[]
02773749014,35260643861450000181550020004531961295045328,62.08,453196,2,2026-06-15T08:06:27-03:00,True,[]
01803338000144,35260643861450000181550010000876231831737400,33.19,87623,1,2026-06-15T11:05:56-03:00,True,[]
01803338000144,35260643861450000181550020004535001137613407,33.19,453500,2,2026-06-16T01:36:49-03:00,True,[]
15230970944,35260643861450000181550010000876251831831622,31.04,87625,1,2026-06-15T11:06:24-03:00,True,[]
15230970944,35260643861450000181550020004531981243642664,31.04,453198,2,2026-06-15T08:07:15-03:00,True,[]
44047851604,35260643861450000181550010000876281834013663,31.04,87628,1,2026-06-15T11:18:20-03:00,True,[]
44047851604,35260643861450000181550020004538521162415209,31.04,453852,2,2026-06-17T10:16:16-03:00,True,[]
37160186869,35260643861450000181550010000876321838227253,31.04,87632,1,2026-06-15T11:42:12-03:00,True,[]
37160186869,35260643861450000181550020004531381711659899,31.04,453138,2,2026-06-15T02:09:27-03:00,True,[]
41936511851,35260643861450000181550010000876331838551600,32.72,87633,1,2026-06-15T11:44:09-03:00,True,[]
41936511851,35260643861450000181550020004531441633674403,32.72,453144,2,2026-06-15T02:33:04-03:00,True,[]
42470803268,35260643861450000181550010000876341838876302,68.97,87634,1,2026-06-15T11:46:07-03:00,True,[]
42470803268,35260643861450000181550020004532001978373433,68.97,453200,2,2026-06-15T09:04:23-03:00,True,[]
11124662669,35260643861450000181550010000876381840969699,64.99,87638,1,2026-06-15T11:58:53-03:00,True,[]
11124662669,35260643861450000181550020004532041656979855,64.99,453204,2,2026-06-15T09:21:28-03:00,True,[]
27917589846,35260643861450000181550010000876391841359050,62.08,87639,1,2026-06-15T12:01:33-03:00,True,[]
27917589846,35260643861450000181550020004532061504765695,62.08,453206,2,2026-06-15T09:25:03-03:00,True,[]
05815821365,35260643861450000181550010000876401841506046,137.97,87640,1,2026-06-15T12:02:31-03:00,True,[]
05815821365,35260643861450000181550020004532081552504221,137.97,453208,2,2026-06-15T09:26:15-03:00,True,[]
41307503000191,35260643861450000181550010000876421843091069,31.04,87642,1,2026-06-15T12:13:59-03:00,True,[]
41307503000191,35260643861450000181550020004532151272576820,31.04,453215,2,2026-06-15T09:40:08-03:00,True,[]
33984203896,35260643861450000181550010000876441844295223,56.99,87644,1,2026-06-15T12:23:41-03:00,True,[]
33984203896,35260643861450000181550020004532191152714656,56.99,453219,2,2026-06-15T09:50:33-03:00,True,[]
11718920717,35260643861450000181550010000876451845031570,45.99,87645,1,2026-06-15T12:29:33-03:00,True,[]
11718920717,35260643861450000181550020004532211616959552,45.99,453221,2,2026-06-15T09:57:10-03:00,True,[]
36064136880,35260643861450000181550010000876461845663425,31.04,87646,1,2026-06-15T12:34:07-03:00,True,[]
36064136880,35260643861450000181550020004533411969534240,31.04,453341,2,2026-06-15T16:23:15-03:00,True,[]
75107880487,35260643861450000181550010000876481845970560,32.72,87648,1,2026-06-15T12:36:40-03:00,True,[]
75107880487,35260643861450000181550020004535501296457851,32.72,453550,2,2026-06-16T06:20:24-03:00,True,[]
09472967353,35260643861450000181550010000876491846030380,31.04,87649,1,2026-06-15T12:37:11-03:00,True,[]
09472967353,35260643861450000181550020004535281958168092,31.04,453528,2,2026-06-16T03:52:37-03:00,True,[]
74767488087,35260643861450000181550010000876521847330633,64.99,87652,1,2026-06-15T12:47:09-03:00,True,[]
74767488087,35260643861450000181550020004530621386989341,64.99,453062,2,2026-06-14T23:00:13-03:00,True,[]
38840650504,35260643861450000181550010000876541847691100,62.08,87654,1,2026-06-15T12:50:04-03:00,True,[]
38840650504,35260643861450000181550020004535041768732149,62.08,453504,2,2026-06-16T01:50:58-03:00,True,[]
06468401933,35260643861450000181550010000876591850552863,45.99,87659,1,2026-06-15T13:13:19-03:00,True,[]
06468401933,35260643861450000181550020004532281422188683,45.99,453228,2,2026-06-15T10:48:02-03:00,True,[]
00737025441,35260643861450000181550010000876601851371979,62.08,87660,1,2026-06-15T13:19:28-03:00,True,[]
00737025441,35260643861450000181550020004532321059038788,62.08,453232,2,2026-06-15T10:53:57-03:00,True,[]
06848092908,35260643861450000181550010000876621851568955,113.98,87662,1,2026-06-15T13:21:01-03:00,True,[]
06848092908,35260643861450000181550020004539601496631748,113.98,453960,2,2026-06-17T17:18:13-03:00,True,[]
09557133902,35260643861450000181550010000876641851854383,64.99,87664,1,2026-06-15T13:23:15-03:00,True,[]
09557133902,35260643861450000181550020004532341593910852,64.99,453234,2,2026-06-15T10:57:51-03:00,True,[]
42197069845,35260643861450000181550010000876651851855166,31.04,87665,1,2026-06-15T13:23:15-03:00,True,[]
42197069845,35260643861450000181550020004535701672155090,31.04,453570,2,2026-06-16T09:20:15-03:00,True,[]
15685540795,35260643861450000181550010000876661852241118,155.2,87666,1,2026-06-15T13:26:18-03:00,True,[]
15685540795,35260643861450000181550020004534761339014850,155.2,453476,2,2026-06-16T00:34:36-03:00,True,[]
47241894871,35260643861450000181550010000876691852672722,31.04,87669,1,2026-06-15T13:29:35-03:00,True,[]
47241894871,35260643861450000181550020004530841008738192,31.04,453084,2,2026-06-15T00:02:34-03:00,True,[]
14328787780,35260643861450000181550010000876701853245144,45.99,87670,1,2026-06-15T13:33:51-03:00,True,[]
14328787780,35260643861450000181550020004531901250284257,45.99,453190,2,2026-06-15T06:58:41-03:00,True,[]
48308858821,35260643861450000181550010000876711853377080,45.99,87671,1,2026-06-15T13:34:51-03:00,True,[]
48308858821,35260643861450000181550020004536931831995682,45.99,453693,2,2026-06-16T18:15:37-03:00,True,[]
29148870862,35260643861450000181550010000876731854306874,45.99,87673,1,2026-06-15T13:41:59-03:00,True,[]
29148870862,35260643861450000181550020004537371889375411,45.99,453737,2,2026-06-16T22:15:27-03:00,True,[]
39858561000161,35260643861450000181550010000876741854432753,93.12,87674,1,2026-06-15T13:42:54-03:00,True,[]
39858561000161,35260643861450000181550020004536261543035265,93.12,453626,2,2026-06-16T14:19:05-03:00,True,[]
18175899115,35260643861450000181550010000876751854440273,129.98,87675,1,2026-06-15T13:42:57-03:00,True,[]
18175899115,35260643861450000181550020004532361436392433,129.98,453236,2,2026-06-15T11:19:56-03:00,True,[]
14086456000120,35260643861450000181550010000876781855469277,155.2,87678,1,2026-06-15T13:50:19-03:00,True,[]
14086456000120,35260643861450000181550020004532381243282363,155.2,453238,2,2026-06-15T11:28:44-03:00,True,[]
32460015887,35260643861450000181550010000876791855896520,31.04,87679,1,2026-06-15T13:53:27-03:00,True,[]
32460015887,35260643861450000181550020004532401628557336,31.04,453240,2,2026-06-15T11:32:13-03:00,True,[]
04481361395,35260643861450000181550010000877001857289384,62.08,87700,1,2026-06-15T14:03:50-03:00,True,[]
04481361395,35260643861450000181550020004532431129509907,62.08,453243,2,2026-06-15T11:45:18-03:00,True,[]
72333936134,35260643861450000181550010000877011857551582,31.04,87701,1,2026-06-15T14:05:50-03:00,True,[]
72333936134,35260643861450000181550020004532451168734929,31.04,453245,2,2026-06-15T11:47:08-03:00,True,[]
03073070699,35260643861450000181550010000877021857578593,45.99,87702,1,2026-06-15T14:06:02-03:00,True,[]
03073070699,35260643861450000181550020004532471102665265,45.99,453247,2,2026-06-15T11:47:28-03:00,True,[]
34102516859,35260643861450000181550010000877071860181417,31.04,87707,1,2026-06-15T14:25:25-03:00,True,[]
34102516859,35260643861450000181550020004532531461420004,31.04,453253,2,2026-06-15T12:10:23-03:00,True,[]
06803453960,35260643861450000181550010000877081860816924,45.99,87708,1,2026-06-15T14:30:00-03:00,True,[]
06803453960,35260643861450000181550020004532551124676814,45.99,453255,2,2026-06-15T12:15:21-03:00,True,[]
48647479890,35260643861450000181550010000877091861182101,31.04,87709,1,2026-06-15T14:32:33-03:00,True,[]
48647479890,35260643861450000181550020004538181444116452,31.04,453818,2,2026-06-17T07:07:21-03:00,True,[]
07451108945,35260643861450000181550010000877121862356664,31.04,87712,1,2026-06-15T14:41:29-03:00,True,[]
07451108945,35260643861450000181550020004532571420181861,31.04,453257,2,2026-06-15T12:29:13-03:00,True,[]
21922078832,35260643861450000181550010000877131862575550,31.04,87713,1,2026-06-15T14:43:00-03:00,True,[]
21922078832,35260643861450000181550020004532591443283177,31.04,453259,2,2026-06-15T12:31:31-03:00,True,[]
02375327780,35260643861450000181550010000877141862778180,45.99,87714,1,2026-06-15T14:44:35-03:00,True,[]
02375327780,35260643861450000181550020004536141852460997,45.99,453614,2,2026-06-16T13:12:37-03:00,True,[]
02740365098,35260643861450000181550010000877151864625613,45.99,87715,1,2026-06-15T14:58:35-03:00,True,[]
02740365098,35260643861450000181550020004532611772237653,45.99,453261,2,2026-06-15T12:50:34-03:00,True,[]
35922193830,35260643861450000181550010000877161864674506,45.99,87716,1,2026-06-15T14:58:56-03:00,True,[]
35922193830,35260643861450000181550020004532631190820962,45.99,453263,2,2026-06-15T12:50:39-03:00,True,[]
03756474909,35260643861450000181550010000877171864933070,31.04,87717,1,2026-06-15T15:00:49-03:00,True,[]
03756474909,35260643861450000181550020004532651717513031,31.04,453265,2,2026-06-15T12:53:35-03:00,True,[]
03711490379,35260643861450000181550010000877181866284505,31.04,87718,1,2026-06-15T15:11:22-03:00,True,[]
03711490379,35260643861450000181550020004532671582128083,31.04,453267,2,2026-06-15T13:06:04-03:00,True,[]
07013447684,35260643861450000181550010000877191866747995,31.04,87719,1,2026-06-15T15:14:51-03:00,True,[]
07013447684,35260643861450000181550020004532691983726644,31.04,453269,2,2026-06-15T13:09:35-03:00,True,[]
08948116495,35260643861450000181550010000877201867242537,31.04,87720,1,2026-06-15T15:18:36-03:00,True,[]
08948116495,35260643861450000181550020004535261727547123,31.04,453526,2,2026-06-16T03:40:49-03:00,True,[]
03383563715,35260643861450000181550010000877221867524715,31.04,87722,1,2026-06-15T15:20:31-03:00,True,[]
03383563715,35260643861450000181550020004532731644716010,31.04,453273,2,2026-06-15T13:16:02-03:00,True,[]
11733405720,35260643861450000181550010000877241869314577,62.08,87724,1,2026-06-15T15:33:48-03:00,True,[]
11733405720,35260643861450000181550020004532761153964750,62.08,453276,2,2026-06-15T13:32:12-03:00,True,[]
35224971802,35260643861450000181550010000877251869430078,31.04,87725,1,2026-06-15T15:34:41-03:00,True,[]
35224971802,35260643861450000181550020004532771475390821,31.04,453277,2,2026-06-15T13:32:12-03:00,True,[]
04240785979,35260643861450000181550010000877261869645861,91.98,87726,1,2026-06-15T15:36:11-03:00,True,[]
04240785979,35260643861450000181550020004532791091630278,91.98,453279,2,2026-06-15T13:34:59-03:00,True,[]
81194455549,35260643861450000181550010000877271870059331,31.04,87727,1,2026-06-15T15:39:16-03:00,True,[]
81194455549,35260643861450000181550020004534111633498490,31.04,453411,2,2026-06-15T20:27:20-03:00,True,[]
33565027860,35260643861450000181550010000877281870099420,45.99,87728,1,2026-06-15T15:39:36-03:00,True,[]
33565027860,35260643861450000181550020004532811056908972,45.99,453281,2,2026-06-15T13:39:08-03:00,True,[]
27083897859,35260643861450000181550010000877291870526066,31.04,87729,1,2026-06-15T15:42:43-03:00,True,[]
27083897859,35260643861450000181550020004532831224696595,31.04,453283,2,2026-06-15T13:42:39-03:00,True,[]
70610062425,35260643861450000181550010000877301870767714,31.04,87730,1,2026-06-15T15:44:31-03:00,True,[]
70610062425,35260643861450000181550020004530821771160907,31.04,453082,2,2026-06-14T23:52:15-03:00,True,[]
54207908234,35260643861450000181550010000877311871058110,45.99,87731,1,2026-06-15T15:46:46-03:00,True,[]
54207908234,35260643861450000181550020004539101385980742,45.99,453910,2,2026-06-17T14:12:43-03:00,True,[]
08082768401,35260643861450000181550010000877321872057697,33.19,87732,1,2026-06-15T15:54:03-03:00,True,[]
08082768401,35260643861450000181550020004530701270341193,33.19,453070,2,2026-06-14T23:24:43-03:00,True,[]
03520033674,35260643861450000181550010000877331872107446,31.04,87733,1,2026-06-15T15:54:23-03:00,True,[]
03520033674,35260643861450000181550020004532851418757870,31.04,453285,2,2026-06-15T13:55:51-03:00,True,[]
43507525879,35260643861450000181550010000877341872431925,31.04,87734,1,2026-06-15T15:56:38-03:00,True,[]
43507525879,35260643861450000181550020004530581404652770,31.04,453058,2,2026-06-14T22:40:42-03:00,True,[]
35280900818,35260643861450000181550010000877351872544662,45.99,87735,1,2026-06-15T15:57:24-03:00,True,[]
35280900818,35260643861450000181550020004530461561786773,45.99,453046,2,2026-06-14T21:15:19-03:00,True,[]
08582452802,35260643861450000181550010000877361873102318,31.04,87736,1,2026-06-15T16:01:39-03:00,True,[]
08582452802,35260643861450000181550020004539841859196064,31.04,453984,2,2026-06-17T19:04:32-03:00,True,[]
43305128828,35260643861450000181550010000877371873174120,31.04,87737,1,2026-06-15T16:02:14-03:00,True,[]
43305128828,35260643861450000181550020004534461141466433,31.04,453446,2,2026-06-15T22:22:34-03:00,True,[]
05530396364,35260643861450000181550010000877391873429947,45.99,87739,1,2026-06-15T16:04:07-03:00,True,[]
05530396364,35260643861450000181550020004535481418112367,45.99,453548,2,2026-06-16T06:17:15-03:00,True,[]
38966919880,35260643861450000181550010000877401873648232,33.19,87740,1,2026-06-15T16:05:43-03:00,True,[]
38966919880,35260643861450000181550020004532871203237361,33.19,453287,2,2026-06-15T14:08:14-03:00,True,[]
41599695855,35260643861450000181550010000877411873725820,31.04,87741,1,2026-06-15T16:06:19-03:00,True,[]
41599695855,35260643861450000181550020004532891674293681,31.04,453289,2,2026-06-15T14:08:48-03:00,True,[]
21620564882,35260643861450000181550010000877431874776929,45.99,87743,1,2026-06-15T16:14:13-03:00,True,[]
21620564882,35260643861450000181550020004532911190623240,45.99,453291,2,2026-06-15T14:17:17-03:00,True,[]
05834328830,35260643861450000181550010000877441874960042,59.99,87744,1,2026-06-15T16:15:38-03:00,True,[]
05834328830,35260643861450000181550020004545481660448783,59.99,454548,2,2026-06-18T20:20:35-03:00,True,[]
56624667850,35260643861450000181550010000877451875255447,91.98,87745,1,2026-06-15T16:17:49-03:00,True,[]
56624667850,35260643861450000181550020004532951025294463,91.98,453295,2,2026-06-15T14:20:33-03:00,True,[]
11433681692,35260643861450000181550010000877471875645533,31.04,87747,1,2026-06-15T16:20:49-03:00,True,[]
11433681692,35260643861450000181550020004532991541573132,31.04,453299,2,2026-06-15T14:23:32-03:00,True,[]
85644285472,35260643861450000181550010000877481876034985,62.08,87748,1,2026-06-15T16:23:38-03:00,True,[]
85644285472,35260643861450000181550020004533011082723725,62.08,453301,2,2026-06-15T14:24:57-03:00,True,[]
10557503477,35260643861450000181550010000877521877128722,56.99,87752,1,2026-06-15T16:31:32-03:00,True,[]
10557503477,35260643861450000181550020004533031164111159,56.99,453303,2,2026-06-15T14:29:15-03:00,True,[]
04543086392,35260643861450000181550010000877541877321764,31.04,87754,1,2026-06-15T16:33:01-03:00,True,[]
04543086392,35260643861450000181550020004533051396681250,31.04,453305,2,2026-06-15T14:30:32-03:00,True,[]
09007974440,35260643861450000181550010000877561878449815,45.99,87756,1,2026-06-15T16:41:08-03:00,True,[]
09007974440,35260643861450000181550020004535441766189443,45.99,453544,2,2026-06-16T06:10:45-03:00,True,[]
38087432800,35260643861450000181550010000877581878523505,45.99,87758,1,2026-06-15T16:41:42-03:00,True,[]
38087432800,35260643861450000181550020004533071944597254,45.99,453307,2,2026-06-15T14:36:57-03:00,True,[]
98032674004,35260643861450000181550010000877601879369516,91.98,87760,1,2026-06-15T16:47:58-03:00,True,[]
98032674004,35260643861450000181550020004533711366603842,91.98,453371,2,2026-06-15T17:26:51-03:00,True,[]
13315753890,35260643861450000181550010000877611879457692,31.04,87761,1,2026-06-15T16:48:39-03:00,True,[]
13315753890,35260643861450000181550020004533091937085698,31.04,453309,2,2026-06-15T14:40:37-03:00,True,[]
12720145920,35260643861450000181550010000877621879667600,31.04,87762,1,2026-06-15T16:50:19-03:00,True,[]
12720145920,35260643861450000181550020004533111605779980,31.04,453311,2,2026-06-15T14:42:06-03:00,True,[]
40246294841,35260643861450000181550010000877641880355450,31.04,87764,1,2026-06-15T16:55:41-03:00,True,[]
40246294841,35260643861450000181550020004533131674938892,31.04,453313,2,2026-06-15T14:45:15-03:00,True,[]
70379410699,35260643861450000181550010000877681881561796,31.04,87768,1,2026-06-15T17:05:46-03:00,True,[]
70379410699,35260643861450000181550020004534741372999814,31.04,453474,2,2026-06-16T00:34:20-03:00,True,[]
41273588827,35260643861450000181550010000877701881826429,31.04,87770,1,2026-06-15T17:08:02-03:00,True,[]
41273588827,35260643861450000181550020004534681165772965,31.04,453468,2,2026-06-16T00:23:24-03:00,True,[]
01182860133,35260643861450000181550010000877721882749210,419.98,87772,1,2026-06-15T17:15:52-03:00,True,[]
01182860133,35260643861450000181550020004533171614945824,419.98,453317,2,2026-06-15T14:59:56-03:00,True,[]
00368015009,35260643861450000181550010000877741883235982,32.72,87774,1,2026-06-15T17:19:42-03:00,True,[]
00368015009,35260643861450000181550020004531281287475734,32.72,453128,2,2026-06-15T01:10:45-03:00,True,[]
09445178000110,35260643861450000181550010000877751883317536,310.4,87775,1,2026-06-15T17:20:22-03:00,True,[]
09445178000110,35260643861450000181550020004533191242080007,310.4,453319,2,2026-06-15T15:03:00-03:00,True,[]
31714644898,35260643861450000181550010000877771883359721,31.04,87777,1,2026-06-15T17:20:45-03:00,True,[]
31714644898,35260643861450000181550020004546721387837590,31.04,454672,2,2026-06-19T07:06:35-03:00,True,[]
33122418800,35260643861450000181550010000877781884158751,45.99,87778,1,2026-06-15T17:27:28-03:00,True,[]
33122418800,35260643861450000181550020004533211463417703,45.99,453321,2,2026-06-15T15:08:32-03:00,True,[]
00079181511,35260643861450000181550010000877791884636065,64.99,87779,1,2026-06-15T17:31:49-03:00,True,[]
00079181511,35260643861450000181550020004533231769735790,64.99,453323,2,2026-06-15T15:12:07-03:00,True,[]
01436399351,35260643861450000181550010000877811885257449,22.99,87781,1,2026-06-15T17:37:35-03:00,True,[]
01436399351,35260643861450000181550020004531201113100672,22.99,453120,2,2026-06-15T01:00:39-03:00,True,[]
12657390803,35260643861450000181550010000877841887427947,31.04,87784,1,2026-06-15T17:59:11-03:00,True,[]
12657390803,35260643861450000181550020004533251217020478,31.04,453325,2,2026-06-15T15:33:33-03:00,True,[]
00610061909,35260643861450000181550010000877851888083106,155.2,87785,1,2026-06-15T18:06:30-03:00,True,[]
00610061909,35260643861450000181550020004533271046817177,155.2,453327,2,2026-06-15T15:39:31-03:00,True,[]
44710910000133,35260643861450000181550020004533731115165105,124.16,453373,2,2026-06-15T17:36:05-03:00,True,[]
44710910000133,35260643861450000181550010000878281897570471,124.16,87828,1,2026-06-15T20:15:10-03:00,True,[]
87443562187,35260643861450000181550020004533751889628980,91.98,453375,2,2026-06-15T17:39:29-03:00,True,[]
87443562187,35260643861450000181550010000878301897796036,91.98,87830,1,2026-06-15T20:18:35-03:00,True,[]
65376553000199,35260643861450000181550020004533811525009938,31.04,453381,2,2026-06-15T17:50:40-03:00,True,[]
65376553000199,35260643861450000181550010000878351898444091,31.04,87835,1,2026-06-15T20:28:06-03:00,True,[]
65376553000199,35260643861450000181550010000878361898459053,31.04,87836,1,2026-06-15T20:28:18-03:00,True,[]
13233987757,35260643861450000181550020004533851314774099,93.12,453385,2,2026-06-15T18:16:36-03:00,True,[]
13233987757,35260643861450000181550010000878101894833353,93.12,87810,1,2026-06-15T19:31:47-03:00,True,[]
10961468785,35260643861450000181550020004533291579593158,45.99,453329,2,2026-06-15T15:47:13-03:00,True,[]
10961468785,35260643861450000181550010000877861888800832,45.99,87786,1,2026-06-15T18:15:23-03:00,True,[]
11956498788,35260643861450000181550020004533311459173907,45.99,453331,2,2026-06-15T15:48:22-03:00,True,[]
11956498788,35260643861450000181550010000877871888897485,45.99,87787,1,2026-06-15T18:16:30-03:00,True,[]
21858005825,35260643861450000181550020004533351379422292,64.99,453335,2,2026-06-15T16:05:13-03:00,True,[]
21858005825,35260643861450000181550010000877941890453933,64.99,87794,1,2026-06-15T18:36:48-03:00,True,[]
31878585894,35260643861450000181550020004533371135497980,31.04,453337,2,2026-06-15T16:14:17-03:00,True,[]
31878585894,35260643861450000181550010000877961891227494,31.04,87796,1,2026-06-15T18:46:24-03:00,True,[]
36258742882,35260643861450000181550020004533391743552770,137.97,453339,2,2026-06-15T16:17:30-03:00,True,[]
36258742882,35260643861450000181550010000877991891523389,137.97,87799,1,2026-06-15T18:50:20-03:00,True,[]
06506426195,35260643861450000181550020004533451661201733,209.99,453345,2,2026-06-15T16:40:17-03:00,True,[]
06506426195,35260643861450000181550010000878061893632050,209.99,87806,1,2026-06-15T19:16:34-03:00,True,[]
06506426195,35260643861450000181550010000878071893712395,209.99,87807,1,2026-06-15T19:17:34-03:00,True,[]
60300628000134,35260643861450000181550020004533491109198808,62.08,453349,2,2026-06-15T16:45:08-03:00,True,[]
60300628000134,35260643861450000181550010000878081894106925,62.08,87808,1,2026-06-15T19:22:19-03:00,True,[]
38575890867,35260643861450000181550020004533511956789747,45.99,453351,2,2026-06-15T16:58:23-03:00,True,[]
38575890867,35260643861450000181550010000878121895173114,45.99,87812,1,2026-06-15T19:37:02-03:00,True,[]
01694576566,35260643861450000181550020004533541903119269,64.99,453354,2,2026-06-15T17:07:13-03:00,True,[]
01694576566,35260643861450000181550010000878151895762138,64.99,87815,1,2026-06-15T19:46:36-03:00,True,[]
75559854891,35260643861450000181550020004533571691192903,45.99,453357,2,2026-06-15T17:08:55-03:00,True,[]
75559854891,35260643861450000181550010000878191895889153,45.99,87819,1,2026-06-15T19:48:40-03:00,True,[]
80570097134,35260643861450000181550020004533611403063790,31.04,453361,2,2026-06-15T17:11:21-03:00,True,[]
80570097134,35260643861450000181550010000878201896030378,31.04,87820,1,2026-06-15T19:50:50-03:00,True,[]
72336927187,35260643861450000181550020004533671721673366,45.99,453367,2,2026-06-15T17:21:17-03:00,True,[]
72336927187,35260643861450000181550010000878211896722838,45.99,87821,1,2026-06-15T20:01:25-03:00,True,[]
43465920821,35260643861450000181550020004533691474124226,62.08,453369,2,2026-06-15T17:22:41-03:00,True,[]
43465920821,35260643861450000181550010000878221896823682,62.08,87822,1,2026-06-15T20:02:53-03:00,True,[]
12081944880,35260643861450000181550020004531011972084237,31.04,453101,2,2026-06-15T00:20:43-03:00,True,[]
12081944880,35260643861450000181550010000878141895537820,31.04,87814,1,2026-06-15T19:42:57-03:00,True,[]
16421605710,35260643861450000181550010000877881888943930,31.04,87788,1,2026-06-15T18:17:05-03:00,True,[]
16421605710,35260643861450000181550020004546161919872115,31.04,454616,2,2026-06-19T01:09:26-03:00,True,[]
83046844387,35260643861450000181550010000877891889068100,31.04,87789,1,2026-06-15T18:18:35-03:00,True,[]
83046844387,35260643861450000181550020004535021984718898,31.04,453502,2,2026-06-16T01:43:05-03:00,True,[]
26537891833,35260643861450000181550010000877901889735972,64.99,87790,1,2026-06-15T18:27:01-03:00,True,[]
26537891833,35260643861450000181550020004535361914340320,64.99,453536,2,2026-06-16T04:26:51-03:00,True,[]
10430480733,35260643861450000181550010000877911889999829,45.99,87791,1,2026-06-15T18:30:45-03:00,True,[]
10430480733,35260643861450000181550020004536361747505959,45.99,453636,2,2026-06-16T14:27:03-03:00,True,[]
02524288978,35260643861450000181550010000878011892849067,31.04,87801,1,2026-06-15T19:06:56-03:00,True,[]
02524288978,35260643861450000181550020004537591735952424,31.04,453759,2,2026-06-17T00:12:41-03:00,True,[]
03384626940,35260643861450000181550010000878041893240262,31.04,87804,1,2026-06-15T19:11:46-03:00,True,[]
03384626940,35260643861450000181550020004535561533766988,31.04,453556,2,2026-06-16T08:04:14-03:00,True,[]
13097487999,35260643861450000181550010000878091894811731,31.04,87809,1,2026-06-15T19:31:28-03:00,True,[]
13097487999,35260643861450000181550020004537611500482310,31.04,453761,2,2026-06-17T00:14:33-03:00,True,[]
85161977515,35260643861450000181550010000878131895398032,45.99,87813,1,2026-06-15T19:40:43-03:00,True,[]
85161977515,35260643861450000181550020004538021811702295,45.99,453802,2,2026-06-17T03:21:03-03:00,True,[]
03543737651,35260643861450000181550010000878161895808976,31.04,87816,1,2026-06-15T19:47:21-03:00,True,[]
03543737651,35260643861450000181550020004534821048518786,31.04,453482,2,2026-06-16T00:50:16-03:00,True,[]
06998419686,35260643861450000181550010000878171895830952,62.08,87817,1,2026-06-15T19:47:41-03:00,True,[]
06998419686,35260643861450000181550020004534561001706381,62.08,453456,2,2026-06-15T23:12:26-03:00,True,[]
39282719000106,35260643861450000181550010000878241896888614,93.12,87824,1,2026-06-15T20:03:58-03:00,True,[]
39282719000106,35260643861450000181550020004534541631140030,93.12,453454,2,2026-06-15T23:11:25-03:00,True,[]
03007752027,35260643861450000181550010000878371898599871,31.04,87837,1,2026-06-15T20:30:29-03:00,True,[]
03007752027,35260643861450000181550020004536301757823330,31.04,453630,2,2026-06-16T14:21:44-03:00,True,[]
04054149510,35260643861450000181550010000878411899162801,43.16,87841,1,2026-06-15T20:39:20-03:00,True,[]
04054149510,35260643861450000181550020004534131908513464,43.16,453413,2,2026-06-15T20:38:19-03:00,True,[]
05726361997,35260643861450000181550010000878441899900006,45.99,87844,1,2026-06-15T20:50:45-03:00,True,[]
05726361997,35260643861450000181550020004540541023304233,45.99,454054,2,2026-06-18T02:06:16-03:00,True,[]
22464723851,35260643861450000181550010000878451900883278,31.04,87845,1,2026-06-15T21:05:04-03:00,True,[]
22464723851,35260643861450000181550020004533871300746092,31.04,453387,2,2026-06-15T18:37:47-03:00,True,[]
00270960171,35260643861450000181550010000878461901176920,93.12,87846,1,2026-06-15T21:09:31-03:00,True,[]
00270960171,35260643861450000181550020004534331121655860,93.12,453433,2,2026-06-15T21:30:29-03:00,True,[]
08077872646,35260643861450000181550010000878491901515344,31.04,87849,1,2026-06-15T21:14:48-03:00,True,[]
08077872646,35260643861450000181550020004539641795944879,31.04,453964,2,2026-06-17T17:18:40-03:00,True,[]
11359926739,35260643861450000181550010000878521901781244,122.98,87852,1,2026-06-15T21:18:50-03:00,True,[]
11359926739,35260643861450000181550020004533891448647031,122.98,453389,2,2026-06-15T18:56:25-03:00,True,[]
02766921877,35260643861450000181550010000878531901862349,269.99,87853,1,2026-06-15T21:20:11-03:00,True,[]
02766921877,35260643861450000181550020004533911647766721,269.99,453391,2,2026-06-15T18:59:09-03:00,True,[]
08732944918,35260643861450000181550010000878561902653761,31.04,87856,1,2026-06-15T21:32:19-03:00,True,[]
08732944918,35260643861450000181550020004533971327501828,31.04,453397,2,2026-06-15T19:16:09-03:00,True,[]
07162000401,35260643861450000181550010000878571902820703,45.99,87857,1,2026-06-15T21:35:00-03:00,True,[]
07162000401,35260643861450000181550020004534171087798869,45.99,453417,2,2026-06-15T20:40:12-03:00,True,[]
13241480712,35260643861450000181550010000878581902906796,45.99,87858,1,2026-06-15T21:36:15-03:00,True,[]
13241480712,35260643861450000181550020004533991020298813,45.99,453399,2,2026-06-15T19:21:26-03:00,True,[]
44052064810,35260643861450000181550010000878591902932352,31.04,87859,1,2026-06-15T21:36:37-03:00,True,[]
44052064810,35260643861450000181550020004534011981762257,31.04,453401,2,2026-06-15T19:21:46-03:00,True,[]
04645757105,35260643861450000181550010000878611903289575,209.99,87861,1,2026-06-15T21:42:30-03:00,True,[]
04645757105,35260643861450000181550020004537251749296542,209.99,453725,2,2026-06-16T20:21:06-03:00,True,[]
34031497814,35260643861450000181550010000878631903506058,45.99,87863,1,2026-06-15T21:46:09-03:00,True,[]
34031497814,35260643861450000181550020004542801947149049,45.99,454280,2,2026-06-18T14:12:08-03:00,True,[]
95469427234,35260643861450000181550010000878671903666593,91.98,87867,1,2026-06-15T21:48:34-03:00,True,[]
95469427234,35260643861450000181550020004548771864200320,91.98,454877,2,2026-06-19T22:08:23-03:00,True,[]
07821126500,35260643861450000181550010000878701904698400,120.78,87870,1,2026-06-15T22:05:21-03:00,True,[]
07821126500,35260643861450000181550020004534031442565549,120.78,453403,2,2026-06-15T20:04:27-03:00,True,[]
78174198415,35260643861450000181550010000878711904944670,31.04,87871,1,2026-06-15T22:08:50-03:00,True,[]
78174198415,35260643861450000181550020004534051029460949,31.04,453405,2,2026-06-15T20:09:05-03:00,True,[]
79450008191,35260643861450000181550010000878731905074208,31.04,87873,1,2026-06-15T22:10:53-03:00,True,[]
79450008191,35260643861450000181550020004534841123452079,31.04,453484,2,2026-06-16T00:50:19-03:00,True,[]
10327675705,35260643861450000181550010000878741905159510,60.39,87874,1,2026-06-15T22:12:07-03:00,True,[]
10327675705,35260643861450000181550020004545441184560321,60.39,454544,2,2026-06-18T20:18:53-03:00,True,[]
07717703670,35260643861450000181550010000878751905174754,31.04,87875,1,2026-06-15T22:12:18-03:00,True,[]
07717703670,35260643861450000181550020004534071956321335,31.04,453407,2,2026-06-15T20:14:26-03:00,True,[]
48763311895,35260643861450000181550010000878771905813379,31.04,87877,1,2026-06-15T22:21:51-03:00,True,[]
48763311895,35260643861450000181550020004535101042642767,31.04,453510,2,2026-06-16T02:35:04-03:00,True,[]
09498091790,35260643861450000181550010000878781906375291,31.04,87878,1,2026-06-15T22:30:49-03:00,True,[]
09498091790,35260643861450000181550020004538041461392327,31.04,453804,2,2026-06-17T03:22:46-03:00,True,[]
99746107100,35260643861450000181550010000878791906468246,31.04,87879,1,2026-06-15T22:32:14-03:00,True,[]
99746107100,35260643861450000181550020004534161954631298,31.04,453416,2,2026-06-15T20:40:07-03:00,True,[]
04949401904,35260643861450000181550010000878801907055795,45.99,87880,1,2026-06-15T22:41:43-03:00,True,[]
04949401904,35260643861450000181550020004534191595277965,45.99,453419,2,2026-06-15T20:52:54-03:00,True,[]
67761569720,35260643861450000181550010000878811907113326,122.98,87881,1,2026-06-15T22:42:43-03:00,True,[]
67761569720,35260643861450000181550020004535341138281988,122.98,453534,2,2026-06-16T04:26:15-03:00,True,[]
10848269845,35260643861450000181550010000878831907256946,31.04,87883,1,2026-06-15T22:45:29-03:00,True,[]
10848269845,35260643861450000181550020004534211825184872,31.04,453421,2,2026-06-15T20:57:41-03:00,True,[]
53710818000164,35260643861450000181550010000878841907386260,43.9,87884,1,2026-06-15T22:47:36-03:00,True,[]
53710818000164,35260643861450000181550020004534231883890738,43.9,453423,2,2026-06-15T21:00:34-03:00,True,[]
18271275895,35260643861450000181550010000878851907702398,31.04,87885,1,2026-06-15T22:53:00-03:00,True,[]
18271275895,35260643861450000181550020004534251872300793,31.04,453425,2,2026-06-15T21:08:41-03:00,True,[]
06247472552,35260643861450000181550010000878861907862007,45.99,87886,1,2026-06-15T22:55:42-03:00,True,[]
06247472552,35260643861450000181550020004534271479417120,45.99,453427,2,2026-06-15T21:12:26-03:00,True,[]
30807798860,35260643861450000181550010000878871908011440,31.04,87887,1,2026-06-15T22:58:03-03:00,True,[]
30807798860,35260643861450000181550020004534391936924003,31.04,453439,2,2026-06-15T21:36:28-03:00,True,[]
04289558941,35260643861450000181550010000878921908303190,45.99,87892,1,2026-06-15T23:02:43-03:00,True,[]
04289558941,35260643861450000181550020004537231004993476,45.99,453723,2,2026-06-16T20:16:44-03:00,True,[]
60646021397,35260643861450000181550010000878941908552410,45.99,87894,1,2026-06-15T23:06:49-03:00,True,[]
60646021397,35260643861450000181550020004534311213054265,45.99,453431,2,2026-06-15T21:28:09-03:00,True,[]
11429474670,35260643861450000181550010000878951908562693,45.99,87895,1,2026-06-15T23:07:01-03:00,True,[]
11429474670,35260643861450000181550020004537661490094271,45.99,453766,2,2026-06-17T00:30:59-03:00,True,[]
04947152605,35260643861450000181550010000878961908624904,45.99,87896,1,2026-06-15T23:08:08-03:00,True,[]
04947152605,35260643861450000181550020004534801942372552,45.99,453480,2,2026-06-16T00:40:53-03:00,True,[]
11384732780,35260643861450000181550010000879011908987120,45.99,87901,1,2026-06-15T23:14:50-03:00,True,[]
11384732780,35260643861450000181550020004534411225322347,45.99,453441,2,2026-06-15T21:40:44-03:00,True,[]
36000058802,35260643861450000181550010000879021909161850,86.32,87902,1,2026-06-15T23:17:55-03:00,True,[]
36000058802,35260643861450000181550020004534431566215340,86.32,453443,2,2026-06-15T21:45:31-03:00,True,[]
05282574128,35260643861450000181550010000879031909566629,45.99,87903,1,2026-06-15T23:26:00-03:00,True,[]
05282574128,35260643861450000181550020004538361530442093,45.99,453836,2,2026-06-17T09:13:36-03:00,True,[]
32813124893,35260643861450000181550010000879041909626785,113.98,87904,1,2026-06-15T23:27:07-03:00,True,[]
32813124893,35260643861450000181550020004535681661858282,113.98,453568,2,2026-06-16T09:15:35-03:00,True,[]
10939025663,35260643861450000181550010000879051909741212,45.99,87905,1,2026-06-15T23:29:21-03:00,True,[]
10939025663,35260643861450000181550020004548751404818171,45.99,454875,2,2026-06-19T22:07:18-03:00,True,[]
85923214504,35260643861450000181550010000879081909936635,31.04,87908,1,2026-06-15T23:32:45-03:00,True,[]
85923214504,35260643861450000181550020004537801713429633,31.04,453780,2,2026-06-17T01:24:23-03:00,True,[]
08124263981,35260643861450000181550010000879101910529337,31.04,87910,1,2026-06-15T23:44:19-03:00,True,[]
08124263981,35260643861450000181550020004534501485071750,31.04,453450,2,2026-06-15T22:27:21-03:00,True,[]
11594367701,35260643861450000181550010000879121910813692,91.98,87912,1,2026-06-15T23:50:09-03:00,True,[]
11594367701,35260643861450000181550020004535321146534895,91.98,453532,2,2026-06-16T04:18:34-03:00,True,[]
47865180420,35260643861450000181550010000879141911128386,31.04,87914,1,2026-06-15T23:57:15-03:00,True,[]
47865180420,35260643861450000181550020004535381572557466,31.04,453538,2,2026-06-16T04:30:33-03:00,True,[]
82295972787,35260643861450000181550010000879151911155810,31.04,87915,1,2026-06-15T23:57:59-03:00,True,[]
82295972787,35260643861450000181550020004534521709497270,31.04,453452,2,2026-06-15T22:56:36-03:00,True,[]
46506759879,35260643861450000181550010000879171911675290,45.99,87917,1,2026-06-16T00:08:32-03:00,True,[]
46506759879,35260643861450000181550020004535401843916481,45.99,453540,2,2026-06-16T04:34:45-03:00,True,[]
02331422664,35260643861450000181550010000879181911816648,40.46,87918,1,2026-06-16T00:11:37-03:00,True,[]
02331422664,35260643861450000181550020004534581800500592,40.46,453458,2,2026-06-15T23:29:23-03:00,True,[]
14260071831,35260643861450000181550010000879231912382706,32.99,87923,1,2026-06-16T00:24:41-03:00,True,[]
14260071831,35260643861450000181550020004534621348066420,32.99,453462,2,2026-06-16T00:03:10-03:00,True,[]
39394226818,35260643861450000181550010000879251912612935,209.99,87925,1,2026-06-16T00:30:33-03:00,True,[]
39394226818,35260643861450000181550020004534661965378132,209.99,453466,2,2026-06-16T00:17:59-03:00,True,[]
03004154196,35260643861450000181550010000879261912800437,45.99,87926,1,2026-06-16T00:35:28-03:00,True,[]
03004154196,35260643861450000181550020004550591818117949,45.99,455059,2,2026-06-20T17:13:16-03:00,True,[]
05191359461,35260643861450000181550010000879271912869965,45.99,87927,1,2026-06-16T00:37:50-03:00,True,[]
05191359461,35260643861450000181550020004534781344759242,45.99,453478,2,2026-06-16T00:35:21-03:00,True,[]
30618805850,35260643861450000181550010000879291913105068,31.04,87929,1,2026-06-16T00:46:39-03:00,True,[]
30618805850,35260643861450000181550020004535121581769806,31.04,453512,2,2026-06-16T02:46:21-03:00,True,[]
08168008553,35260643861450000181550010000879301913425756,31.04,87930,1,2026-06-16T01:00:42-03:00,True,[]
08168008553,35260643861450000181550020004534861061346631,31.04,453486,2,2026-06-16T01:00:49-03:00,True,[]
05264037728,35260643861450000181550010000879321916738563,31.04,87932,1,2026-06-16T03:00:36-03:00,True,[]
05264037728,35260643861450000181550020004535141637358711,31.04,453514,2,2026-06-16T03:02:14-03:00,True,[]
14465381760,35260643861450000181550010000879351918316072,31.04,87935,1,2026-06-16T05:52:17-03:00,True,[]
14465381760,35260643861450000181550020004538801742602378,31.04,453880,2,2026-06-17T12:15:56-03:00,True,[]
37760468806,35260643861450000181550010000879381920864261,31.04,87938,1,2026-06-16T07:12:16-03:00,True,[]
37760468806,35260643861450000181550020004540601192402299,31.04,454060,2,2026-06-18T02:13:33-03:00,True,[]
02036891519,35260643861450000181550010000879401921701054,31.04,87940,1,2026-06-16T07:23:25-03:00,True,[]
02036891519,35260643861450000181550020004535521064581825,31.04,453552,2,2026-06-16T07:22:10-03:00,True,[]
97530697587,35260643861450000181550010000879421922368248,107.98,87942,1,2026-06-16T07:31:56-03:00,True,[]
97530697587,35260643861450000181550020004535541328640078,107.98,453554,2,2026-06-16T07:32:01-03:00,True,[]
14053224000176,35260643861450000181550010000879431923360795,539.98,87943,1,2026-06-16T07:43:27-03:00,True,[]
14053224000176,35260643861450000181550020004537781847132459,539.98,453778,2,2026-06-17T01:23:03-03:00,True,[]
06341305958,35260643861450000181550010000879481927132041,45.99,87948,1,2026-06-16T08:18:32-03:00,True,[]
06341305958,35260643861450000181550020004535581088983862,45.99,453558,2,2026-06-16T08:18:37-03:00,True,[]
99152428834,35260643861450000181550010000879501929906727,93.12,87950,1,2026-06-16T08:39:14-03:00,True,[]
99152428834,35260643861450000181550020004535601963909698,93.12,453560,2,2026-06-16T08:39:15-03:00,True,[]
05781468781,35260643861450000181550010000879511930379090,45.99,87951,1,2026-06-16T08:42:54-03:00,True,[]
05781468781,35260643861450000181550020004540381153744590,45.99,454038,2,2026-06-18T00:32:16-03:00,True,[]
00413961621,35260643861450000181550010000879541931679057,45.99,87954,1,2026-06-16T08:52:23-03:00,True,[]
00413961621,35260643861450000181550020004535621332331108,45.99,453562,2,2026-06-16T08:52:25-03:00,True,[]
44842967803,35260643861450000181550010000879561933030460,31.04,87956,1,2026-06-16T09:01:49-03:00,True,[]
44842967803,35260643861450000181550020004535641355467353,31.04,453564,2,2026-06-16T09:01:53-03:00,True,[]
07356701618,35260643861450000181550010000879571933275664,48.99,87957,1,2026-06-16T09:03:38-03:00,True,[]
07356701618,35260643861450000181550020004545501418899963,48.99,454550,2,2026-06-18T20:20:50-03:00,True,[]
05977637632,35260643861450000181550010000879601934757820,49.39,87960,1,2026-06-16T09:13:21-03:00,True,[]
05977637632,35260643861450000181550020004551351496002808,49.39,455135,2,2026-06-20T22:13:56-03:00,True,[]
00845237438,35260643861450000181550010000879631936961434,31.04,87963,1,2026-06-16T09:27:31-03:00,True,[]
00845237438,35260643861450000181550020004538121068693904,31.04,453812,2,2026-06-17T06:30:22-03:00,True,[]
43239638827,35260643861450000181550010000879641937474852,45.99,87964,1,2026-06-16T09:31:12-03:00,True,[]
43239638827,35260643861450000181550020004535721325906091,45.99,453572,2,2026-06-16T09:31:14-03:00,True,[]
43681539871,35260643861450000181550010000879651938873960,49.39,87965,1,2026-06-16T09:41:15-03:00,True,[]
43681539871,35260643861450000181550020004540061428762795,49.39,454006,2,2026-06-17T22:12:24-03:00,True,[]
07849454626,35260643861450000181550010000879671939086100,31.04,87967,1,2026-06-16T09:42:42-03:00,True,[]
07849454626,35260643861450000181550020004536341157546687,31.04,453634,2,2026-06-16T14:32:18-03:00,True,[]
03797755651,35260643861450000181550010000879691940009738,62.08,87969,1,2026-06-16T09:49:22-03:00,True,[]
03797755651,35260643861450000181550020004535741359709358,62.08,453574,2,2026-06-16T09:49:25-03:00,True,[]
92442013304,35260643861450000181550010000879701941688141,45.99,87970,1,2026-06-16T10:01:38-03:00,True,[]
92442013304,35260643861450000181550020004536161520606812,45.99,453616,2,2026-06-16T13:17:44-03:00,True,[]
31227077807,35260643861450000181550010000879711941958057,31.04,87971,1,2026-06-16T10:03:40-03:00,True,[]
31227077807,35260643861450000181550020004535761698320830,31.04,453576,2,2026-06-16T10:03:51-03:00,True,[]
10732287898,35260643861450000181550010000879731944125948,31.04,87973,1,2026-06-16T10:18:51-03:00,True,[]
10732287898,35260643861450000181550020004535781429545110,31.04,453578,2,2026-06-16T10:18:55-03:00,True,[]
05623506000170,35260643861450000181550010000879741944686777,31.04,87974,1,2026-06-16T10:22:41-03:00,True,[]
05623506000170,35260643861450000181550020004535801545989389,31.04,453580,2,2026-06-16T10:22:40-03:00,True,[]
10305224808,35260643861450000181550010000879771945266927,269.99,87977,1,2026-06-16T10:26:45-03:00,True,[]
10305224808,35260643861450000181550020004535841627718590,269.99,453584,2,2026-06-16T10:26:45-03:00,True,[]
32772799875,35260643861450000181550010000879821947634982,31.04,87982,1,2026-06-16T10:43:57-03:00,True,[]
32772799875,35260643861450000181550020004535881029558920,31.04,453588,2,2026-06-16T10:42:44-03:00,True,[]
06583033925,35260643861450000181550010000879831948797769,97.98,87983,1,2026-06-16T10:52:31-03:00,True,[]
06583033925,35260643861450000181550020004536771187591548,97.98,453677,2,2026-06-16T17:26:04-03:00,True,[]
22236367805,35260643861450000181550010000879841949253794,209.99,87984,1,2026-06-16T10:55:59-03:00,True,[]
22236367805,35260643861450000181550020004535921543944397,209.99,453592,2,2026-06-16T10:54:48-03:00,True,[]
10395572797,35260643861450000181550010000879871951728194,45.99,87987,1,2026-06-16T11:14:20-03:00,True,[]
10395572797,35260643861450000181550020004535941376915370,45.99,453594,2,2026-06-16T11:14:15-03:00,True,[]
15230285648,35260643861450000181550010000879881952554219,32.99,87988,1,2026-06-16T11:20:23-03:00,True,[]
15230285648,35260643861450000181550020004536971203536332,32.99,453697,2,2026-06-16T18:20:15-03:00,True,[]
04023528820,35260643861450000181550010000879891952721970,64.99,87989,1,2026-06-16T11:21:34-03:00,True,[]
04023528820,35260643861450000181550020004535961585574449,64.99,453596,2,2026-06-16T11:21:37-03:00,True,[]
46331495800,35260643861450000181550010000879921954485772,209.99,87992,1,2026-06-16T11:35:06-03:00,True,[]
46331495800,35260643861450000181550020004535981654064950,209.99,453598,2,2026-06-16T11:35:08-03:00,True,[]
77896351153,35260643861450000181550010000879931955600840,45.99,87993,1,2026-06-16T11:43:18-03:00,True,[]
77896351153,35260643861450000181550020004536001039185368,45.99,453600,2,2026-06-16T11:43:19-03:00,True,[]
60816979000100,35260643861450000181550010000879951957623850,31.04,87995,1,2026-06-16T11:59:19-03:00,True,[]
60816979000100,35260643861450000181550020004536021486563235,31.04,453602,2,2026-06-16T11:59:24-03:00,True,[]
10523921489,35260643861450000181550010000879961957837040,45.99,87996,1,2026-06-16T12:01:07-03:00,True,[]
10523921489,35260643861450000181550020004536041382600384,45.99,453604,2,2026-06-16T12:01:10-03:00,True,[]
53433817820,35260643861450000181550010000879991960573786,60.39,87999,1,2026-06-16T12:26:22-03:00,True,[]
53433817820,35260643861450000181550020004536061378762043,60.39,453606,2,2026-06-16T12:28:52-03:00,True,[]
53433817820,35260643861450000181550020004536081539056689,60.39,453608,2,2026-06-16T12:35:48-03:00,True,[]
18413490898,35260643861450000181550010000880031962116409,31.04,88003,1,2026-06-16T12:42:11-03:00,True,[]
18413490898,35260643861450000181550020004537271360378735,31.04,453727,2,2026-06-16T20:32:22-03:00,True,[]
05405776424,35260643861450000181550010000880051962581351,56.99,88005,1,2026-06-16T12:46:54-03:00,True,[]
05405776424,35260643861450000181550020004548371297729234,56.99,454837,2,2026-06-19T20:17:41-03:00,True,[]
11069141801,35260643861450000181550010000880061963028394,45.99,88006,1,2026-06-16T12:51:29-03:00,True,[]
11069141801,35260643861450000181550020004536101300102250,45.99,453610,2,2026-06-16T12:51:26-03:00,True,[]
11310020914,35260643861450000181550010000880071963500546,45.99,88007,1,2026-06-16T12:56:29-03:00,True,[]
11310020914,35260643861450000181550020004536121346114590,45.99,453612,2,2026-06-16T12:56:33-03:00,True,[]
72151781291,35260643861450000181550010000880091963879884,274.0,88009,1,2026-06-16T13:00:29-03:00,True,[]
72151781291,35260643861450000181550020004537491418879577,274.0,453749,2,2026-06-16T23:06:58-03:00,True,[]
08384841667,35260643861450000181550010000880101963909970,53.99,88010,1,2026-06-16T13:00:47-03:00,True,[]
08384841667,35260643861450000181550020004536381287904752,53.99,453638,2,2026-06-16T14:36:31-03:00,True,[]
24676659504,35260643861450000181550010000880111965070711,31.04,88011,1,2026-06-16T13:11:08-03:00,True,[]
24676659504,35260643861450000181550020004540741508472092,31.04,454074,2,2026-06-18T03:17:17-03:00,True,[]
32233564871,35260643861450000181550010000880171967499620,31.04,88017,1,2026-06-16T13:33:13-03:00,True,[]
32233564871,35260643861450000181550020004536181853729042,31.04,453618,2,2026-06-16T13:32:15-03:00,True,[]
08571113882,35260643861450000181550010000880191968276947,31.04,88019,1,2026-06-16T13:40:27-03:00,True,[]
08571113882,35260643861450000181550020004536201530443099,31.04,453620,2,2026-06-16T13:40:40-03:00,True,[]
27104711830,35260643861450000181550010000880201968722441,49.39,88020,1,2026-06-16T13:44:29-03:00,True,[]
27104711830,35260643861450000181550020004539921274840085,49.39,453992,2,2026-06-17T20:23:32-03:00,True,[]
04539977164,35260643861450000181550010000880221969998542,45.99,88022,1,2026-06-16T13:55:51-03:00,True,[]
04539977164,35260643861450000181550020004540841499946542,45.99,454084,2,2026-06-18T04:09:08-03:00,True,[]
10376269000120,35260643861450000181550010000880251971875950,32.72,88025,1,2026-06-16T14:12:28-03:00,True,[]
10376269000120,35260643861450000181550020004549351304776507,32.72,454935,2,2026-06-20T03:10:24-03:00,True,[]
13608889850,35260643861450000181550010000880261972640075,38.97,88026,1,2026-06-16T14:19:17-03:00,True,[]
13608889850,35260643861450000181550020004536281160535391,38.97,453628,2,2026-06-16T14:21:00-03:00,True,[]
02819866735,35260643861450000181550010000880291973101935,31.04,88029,1,2026-06-16T14:23:36-03:00,True,[]
02819866735,35260643861450000181550020004540081154398654,31.04,454008,2,2026-06-17T22:16:31-03:00,True,[]
36913680856,35260643861450000181550010000880301973314158,31.04,88030,1,2026-06-16T14:25:39-03:00,True,[]
36913680856,35260643861450000181550020004536351859590250,31.04,453635,2,2026-06-16T14:32:29-03:00,True,[]
29756802871,35260643861450000181550010000880311973972012,31.04,88031,1,2026-06-16T14:31:16-03:00,True,[]
29756802871,35260643861450000181550020004539141440363222,31.04,453914,2,2026-06-17T14:19:05-03:00,True,[]
16000366787,35260643861450000181550010000880321974961909,155.2,88032,1,2026-06-16T14:39:49-03:00,True,[]
16000366787,35260643861450000181550020004536401380219329,155.2,453640,2,2026-06-16T14:39:53-03:00,True,[]
19926466000140,35260643861450000181550010000880331975190199,269.99,88033,1,2026-06-16T14:41:41-03:00,True,[]
19926466000140,35260643861450000181550020004536421069572823,269.99,453642,2,2026-06-16T14:41:40-03:00,True,[]
12491444933,35260643861450000181550010000880351975591880,31.04,88035,1,2026-06-16T14:45:04-03:00,True,[]
12491444933,35260643861450000181550020004536461295154629,31.04,453646,2,2026-06-16T14:45:08-03:00,True,[]
39083705900,35260643861450000181550010000880371975949470,56.99,88037,1,2026-06-16T14:48:00-03:00,True,[]
39083705900,35260643861450000181550020004548011044729306,56.99,454801,2,2026-06-19T17:13:17-03:00,True,[]
03129029133,35260643861450000181550010000880391976483649,113.14,88039,1,2026-06-16T14:52:31-03:00,True,[]
03129029133,35260643861450000181550020004536481735856256,113.14,453648,2,2026-06-16T14:52:36-03:00,True,[]
04108093739,35260643861450000181550010000880401976782698,31.04,88040,1,2026-06-16T14:55:01-03:00,True,[]
04108093739,35260643861450000181550020004536501300983309,31.04,453650,2,2026-06-16T14:55:03-03:00,True,[]
37940454838,35260643861450000181550010000880411977050795,31.04,88041,1,2026-06-16T14:57:25-03:00,True,[]
37940454838,35260643861450000181550020004537841312148349,31.04,453784,2,2026-06-17T01:50:56-03:00,True,[]
18510286760,35260643861450000181550010000880441977507185,28.18,88044,1,2026-06-16T15:01:36-03:00,True,[]
18510286760,35260643861450000181550020004540581205811024,28.18,454058,2,2026-06-18T02:13:08-03:00,True,[]
24757913818,35260643861450000181550010000880451977698352,24.99,88045,1,2026-06-16T15:03:19-03:00,True,[]
24757913818,35260643861450000181550020004536551022052945,24.99,453655,2,2026-06-16T15:05:34-03:00,True,[]
22725117836,35260643861450000181550010000880471978103551,209.99,88047,1,2026-06-16T15:06:53-03:00,True,[]
22725117836,35260643861450000181550020004537151949920316,209.99,453715,2,2026-06-16T19:22:26-03:00,True,[]
04363286075,35260643861450000181550010000880491979008026,45.99,88049,1,2026-06-16T15:14:27-03:00,True,[]
04363286075,35260643861450000181550020004536791560823997,45.99,453679,2,2026-06-16T17:28:33-03:00,True,[]
04882351978,35260643861450000181550010000880501980021732,45.99,88050,1,2026-06-16T15:23:12-03:00,True,[]
04882351978,35260643861450000181550020004540281662821686,45.99,454028,2,2026-06-18T00:17:17-03:00,True,[]
44232601821,35260643861450000181550010000880511980085762,31.04,88051,1,2026-06-16T15:23:47-03:00,True,[]
44232601821,35260643861450000181550020004537471179670163,31.04,453747,2,2026-06-16T22:42:21-03:00,True,[]
11378223411,35260643861450000181550010000880531983986978,45.99,88053,1,2026-06-16T15:57:25-03:00,True,[]
11378223411,35260643861450000181550020004537411536978089,45.99,453741,2,2026-06-16T22:28:59-03:00,True,[]
70473248107,35260643861450000181550010000880561984532115,31.04,88056,1,2026-06-16T16:02:28-03:00,True,[]
70473248107,35260643861450000181550020004536631858797785,31.04,453663,2,2026-06-16T16:02:32-03:00,True,[]
47229956803,35260643861450000181550010000880601986079461,45.99,88060,1,2026-06-16T16:16:25-03:00,True,[]
47229956803,35260643861450000181550020004536671269720159,45.99,453667,2,2026-06-16T16:16:20-03:00,True,[]
04104658600,35260643861450000181550010000880611986251199,31.04,88061,1,2026-06-16T16:17:55-03:00,True,[]
04104658600,35260643861450000181550020004537681450713374,31.04,453768,2,2026-06-17T00:40:40-03:00,True,[]
79917666320,35260643861450000181550010000880621986879217,45.99,88062,1,2026-06-16T16:23:25-03:00,True,[]
79917666320,35260643861450000181550020004539781551193810,45.99,453978,2,2026-06-17T18:26:16-03:00,True,[]
43567740865,35260643861450000181550010000880661988727219,38.97,88066,1,2026-06-16T16:39:17-03:00,True,[]
43567740865,35260643861450000181550020004555671434465567,38.97,455567,2,2026-06-22T03:06:48-03:00,True,[]
06642014901,35260643861450000181550010000880701990224973,45.99,88070,1,2026-06-16T16:52:25-03:00,True,[]
06642014901,35260643861450000181550020004542821515342177,45.99,454282,2,2026-06-18T14:16:50-03:00,True,[]
25969131865,35260643861450000181550010000880731990942932,98.16,88073,1,2026-06-16T16:58:57-03:00,True,[]
25969131865,35260643861450000181550020004536711034415871,98.16,453671,2,2026-06-16T16:58:42-03:00,True,[]
08115345458,35260643861450000181550010000880741991321793,30.99,88074,1,2026-06-16T17:02:23-03:00,True,[]
08115345458,35260643861450000181550020004536731611597090,30.99,453673,2,2026-06-16T17:02:07-03:00,True,[]
09166880700,35260643861450000181550010000880751991637267,48.99,88075,1,2026-06-16T17:05:13-03:00,True,[]
09166880700,35260643861450000181550020004538441434163393,48.99,453844,2,2026-06-17T09:24:49-03:00,True,[]
96300531368,35260643861450000181550010000880791993896005,274.0,88079,1,2026-06-16T17:26:29-03:00,True,[]
96300531368,35260643861450000181550020004537511750431628,274.0,453751,2,2026-06-16T23:09:25-03:00,True,[]
09230946796,35260643861450000181550010000880801994107668,45.99,88080,1,2026-06-16T17:28:39-03:00,True,[]
09230946796,35260643861450000181550020004536811935699558,45.99,453681,2,2026-06-16T17:28:41-03:00,True,[]
66623151000104,35260643861450000181550010000880821995118706,45.99,88082,1,2026-06-16T17:39:32-03:00,True,[]
66623151000104,35260643861450000181550020004538571167284826,45.99,453857,2,2026-06-17T10:17:07-03:00,True,[]
15269099950,35260643861450000181550010000880861995464131,45.99,88086,1,2026-06-16T17:43:21-03:00,True,[]
15269099950,35260643861450000181550020004536851596648424,45.99,453685,2,2026-06-16T17:43:22-03:00,True,[]
01541387031,35260643861450000181550010000880871995752100,31.04,88087,1,2026-06-16T17:46:31-03:00,True,[]
01541387031,35260643861450000181550020004536871852133909,31.04,453687,2,2026-06-16T17:46:33-03:00,True,[]
33525848854,35260643861450000181550010000880901996158029,31.04,88090,1,2026-06-16T17:51:17-03:00,True,[]
33525848854,35260643861450000181550020004536911192329642,31.04,453691,2,2026-06-16T18:09:06-03:00,True,[]
28605600845,35260643861450000181550010000880931997274717,45.99,88093,1,2026-06-16T18:05:35-03:00,True,[]
28605600845,35260643861450000181550020004542161724272982,45.99,454216,2,2026-06-18T13:08:21-03:00,True,[]
04586961376,35260643861450000181550010000880951998172432,45.99,88095,1,2026-06-16T18:18:29-03:00,True,[]
04586961376,35260643861450000181550020004536951993112047,45.99,453695,2,2026-06-16T18:19:19-03:00,True,[]
44090780896,35260643861450000181550010000880961998974536,45.99,88096,1,2026-06-16T18:31:03-03:00,True,[]
44090780896,35260643861450000181550020004536991037146902,45.99,453699,2,2026-06-16T18:31:05-03:00,True,[]
10940116650,35260643861450000181550010000880991000058833,43.16,88099,1,2026-06-16T18:47:04-03:00,True,[]
10940116650,35260643861450000181550020004537051458989450,43.16,453705,2,2026-06-16T18:46:50-03:00,True,[]
66151066391,35260643861450000181550010000881001000116275,45.99,88100,1,2026-06-16T18:48:04-03:00,True,[]
66151066391,35260643861450000181550020004553431866756219,45.99,455343,2,2026-06-21T14:09:36-03:00,True,[]
03306367583,35260643861450000181550010000881031000312963,78.99,88103,1,2026-06-16T18:51:36-03:00,True,[]
03306367583,35260643861450000181550020004537091049060402,78.99,453709,2,2026-06-16T18:51:58-03:00,True,[]
00509902928,35260643861450000181550010000881041000744577,45.99,88104,1,2026-06-16T18:58:44-03:00,True,[]
00509902928,35260643861450000181550020004537111486065213,45.99,453711,2,2026-06-16T18:58:46-03:00,True,[]
22956949810,35260643861450000181550010000881081002535257,45.99,88108,1,2026-06-16T19:31:21-03:00,True,[]
22956949810,35260643861450000181550020004538061313132950,45.99,453806,2,2026-06-17T04:29:06-03:00,True,[]
05700363992,35260643861450000181550010000881111004147489,43.16,88111,1,2026-06-16T20:02:45-03:00,True,[]
05700363992,35260643861450000181550020004540101681856436,43.16,454010,2,2026-06-17T22:17:23-03:00,True,[]
14993737670,35260643861450000181550010000881121004522708,76.99,88112,1,2026-06-16T20:09:57-03:00,True,[]
14993737670,35260643861450000181550020004537431003990050,76.99,453743,2,2026-06-16T22:34:22-03:00,True,[]
62047353068,35260643861450000181550010000881131004537885,62.08,88113,1,2026-06-16T20:10:14-03:00,True,[]
62047353068,35260643861450000181550020004537211197924370,62.08,453721,2,2026-06-16T20:10:17-03:00,True,[]
08849652445,35260643861450000181550010000881141004912780,176.97,88114,1,2026-06-16T20:16:43-03:00,True,[]
08849652445,35260643861450000181550020004537451763818642,176.97,453745,2,2026-06-16T22:34:55-03:00,True,[]
05220114891,35260643861450000181550010000881161007065005,31.04,88116,1,2026-06-16T20:53:16-03:00,True,[]
05220114891,35260643861450000181550020004552291332582494,31.04,455229,2,2026-06-21T03:17:00-03:00,True,[]
04388442976,35260643861450000181550010000881191008308795,41.99,88119,1,2026-06-16T21:14:13-03:00,True,[]
04388442976,35260643861450000181550020004539621393450095,41.99,453962,2,2026-06-17T17:18:34-03:00,True,[]
09743431454,35260643861450000181550010000881201009178799,31.04,88120,1,2026-06-16T21:28:34-03:00,True,[]
09743431454,35260643861450000181550020004540421065878210,31.04,454042,2,2026-06-18T01:09:05-03:00,True,[]
56484097100,35260643861450000181550010000881221009408608,45.99,88122,1,2026-06-16T21:32:19-03:00,True,[]
56484097100,35260643861450000181550020004537331182995722,45.99,453733,2,2026-06-16T21:32:15-03:00,True,[]
87459779768,35260643861450000181550010000881251010022175,31.04,88125,1,2026-06-16T21:42:43-03:00,True,[]
87459779768,35260643861450000181550020004537351512818599,31.04,453735,2,2026-06-16T21:41:34-03:00,True,[]
18355494709,35260643861450000181550010000881301010354313,45.99,88130,1,2026-06-16T21:48:42-03:00,True,[]
18355494709,35260643861450000181550020004550611690907718,45.99,455061,2,2026-06-20T17:13:56-03:00,True,[]
00315190086,35260643861450000181550010000881331011997929,45.99,88133,1,2026-06-16T22:19:58-03:00,True,[]
00315190086,35260643861450000181550020004537391477914360,45.99,453739,2,2026-06-16T22:20:05-03:00,True,[]
32341136885,35260643861450000181550010000881361012543516,45.99,88136,1,2026-06-16T22:30:56-03:00,True,[]
32341136885,35260643861450000181550020004537961344896619,45.99,453796,2,2026-06-17T02:40:35-03:00,True,[]
07887640989,35260643861450000181550010000881371012721632,31.04,88137,1,2026-06-16T22:34:42-03:00,True,[]
07887640989,35260643861450000181550020004540301325090617,31.04,454030,2,2026-06-18T00:17:44-03:00,True,[]
47586468800,35260643861450000181550010000881381012952291,45.99,88138,1,2026-06-16T22:40:13-03:00,True,[]
47586468800,35260643861450000181550020004538401058606469,45.99,453840,2,2026-06-17T09:21:39-03:00,True,[]
67025870234,35260643861450000181550010000881401014161222,45.99,88140,1,2026-06-16T23:07:43-03:00,True,[]
67025870234,35260643861450000181550020004537721834533073,45.99,453772,2,2026-06-17T00:47:30-03:00,True,[]
45960435829,35260643861450000181550010000881411014447174,45.99,88141,1,2026-06-16T23:15:13-03:00,True,[]
45960435829,35260643861450000181550020004537531744658041,45.99,453753,2,2026-06-16T23:15:14-03:00,True,[]
07087418785,35260643861450000181550010000881421014542450,32.72,88142,1,2026-06-16T23:17:41-03:00,True,[]
07087418785,35260643861450000181550020004539121577337796,32.72,453912,2,2026-06-17T14:16:03-03:00,True,[]
18653759778,35260643861450000181550010000881441014920459,45.99,88144,1,2026-06-16T23:28:44-03:00,True,[]
18653759778,35260643861450000181550020004541601658203216,45.99,454160,2,2026-06-18T12:03:43-03:00,True,[]
49309647841,35260643861450000181550010000881461015440692,45.99,88146,1,2026-06-16T23:44:17-03:00,True,[]
49309647841,35260643861450000181550020004537551893061556,45.99,453755,2,2026-06-16T23:44:19-03:00,True,[]
04160125824,35260643861450000181550010000881481016035710,31.04,88148,1,2026-06-17T00:03:32-03:00,True,[]
04160125824,35260643861450000181550020004537571209110426,31.04,453757,2,2026-06-17T00:03:21-03:00,True,[]
47269614890,35260643861450000181550010000881541017333119,31.04,88154,1,2026-06-17T00:45:40-03:00,True,[]
47269614890,35260643861450000181550020004537701013409650,31.04,453770,2,2026-06-17T00:45:44-03:00,True,[]
00225799740,35260643861450000181550010000881551017515842,31.04,88155,1,2026-06-17T00:52:55-03:00,True,[]
00225799740,35260643861450000181550020004537981435410829,31.04,453798,2,2026-06-17T02:42:30-03:00,True,[]
30831975865,35260643861450000181550010000881561017963397,45.99,88156,1,2026-06-17T01:14:17-03:00,True,[]
30831975865,35260643861450000181550020004537761950712379,45.99,453776,2,2026-06-17T01:13:18-03:00,True,[]
39359682802,35260643861450000181550010000881601018302354,45.99,88160,1,2026-06-17T01:34:01-03:00,True,[]
39359682802,35260643861450000181550020004537821561355343,45.99,453782,2,2026-06-17T01:34:04-03:00,True,[]
30986196860,35260643861450000181550010000881621019635904,45.99,88162,1,2026-06-17T02:05:03-03:00,True,[]
30986196860,35260643861450000181550020004537881605816719,45.99,453788,2,2026-06-17T02:05:14-03:00,True,[]
63308569000139,35260643861450000181550010000881651021553040,209.99,88165,1,2026-06-17T05:05:20-03:00,True,[]
63308569000139,35260643861450000181550020004538081784375202,209.99,453808,2,2026-06-17T05:05:21-03:00,True,[]
09413777926,35260643861450000181550010000881691023246721,31.04,88169,1,2026-06-17T06:43:40-03:00,True,[]
09413777926,35260643861450000181550020004538141941037713,31.04,453814,2,2026-06-17T06:43:43-03:00,True,[]
01648690696,35260643861450000181550010000881721024338528,45.99,88172,1,2026-06-17T07:09:35-03:00,True,[]
01648690696,35260643861450000181550020004538201002757892,45.99,453820,2,2026-06-17T07:09:39-03:00,True,[]
18627173893,35260643861450000181550010000881741026011938,31.04,88174,1,2026-06-17T07:33:08-03:00,True,[]
18627173893,35260643861450000181550020004538221439928811,31.04,453822,2,2026-06-17T07:33:09-03:00,True,[]
53417161000141,35260643861450000181550010000881791027335563,62.08,88179,1,2026-06-17T07:49:23-03:00,True,[]
53417161000141,35260643861450000181550020004538241452453702,62.08,453824,2,2026-06-17T07:49:26-03:00,True,[]
86958488920,35260643861450000181550010000881811028068915,45.99,88181,1,2026-06-17T07:57:49-03:00,True,[]
86958488920,35260643861450000181550020004538281725773909,45.99,453828,2,2026-06-17T07:56:24-03:00,True,[]
30366192833,35260643861450000181550010000881891036020282,45.99,88189,1,2026-06-17T09:03:52-03:00,True,[]
30366192833,35260643861450000181550020004538301856918445,45.99,453830,2,2026-06-17T09:04:07-03:00,True,[]
44897197600,35260643861450000181550010000881951037456480,31.04,88195,1,2026-06-17T09:14:27-03:00,True,[]
44897197600,35260643861450000181550020004538381133584325,31.04,453838,2,2026-06-17T09:14:39-03:00,True,[]
12059337780,35260643861450000181550010000881961038420037,45.99,88196,1,2026-06-17T09:21:54-03:00,True,[]
12059337780,35260643861450000181550020004538901161773536,45.99,453890,2,2026-06-17T13:17:04-03:00,True,[]
03105015043,35260643861450000181550010000881991040240930,45.99,88199,1,2026-06-17T09:35:58-03:00,True,[]
03105015043,35260643861450000181550020004538551026816037,45.99,453855,2,2026-06-17T10:16:50-03:00,True,[]
73123889149,35260643861450000181550010000882001040526372,45.99,88200,1,2026-06-17T09:38:16-03:00,True,[]
73123889149,35260643861450000181550020004538461918006630,45.99,453846,2,2026-06-17T09:38:53-03:00,True,[]
06950382499,35260643861450000181550010000882011041240917,45.99,88201,1,2026-06-17T09:44:05-03:00,True,[]
06950382499,35260643861450000181550020004538481829502335,45.99,453848,2,2026-06-17T09:44:08-03:00,True,[]
64211851000166,35260643861450000181550010000882021041492069,31.04,88202,1,2026-06-17T09:46:06-03:00,True,[]
64211851000166,35260643861450000181550020004539161329327560,31.04,453916,2,2026-06-17T14:29:35-03:00,True,[]
95136657715,35260643861450000181550010000882031042033120,31.04,88203,1,2026-06-17T09:50:28-03:00,True,[]
95136657715,35260643861450000181550020004539301882555830,31.04,453930,2,2026-06-17T15:08:06-03:00,True,[]
07058781982,35260643861450000181550010000882041042382695,91.98,88204,1,2026-06-17T09:53:15-03:00,True,[]
07058781982,35260643861450000181550020004539441934561121,91.98,453944,2,2026-06-17T16:20:04-03:00,True,[]
75624214120,35260643861450000181550010000882051042949641,31.04,88205,1,2026-06-17T09:57:47-03:00,True,[]
75624214120,35260643861450000181550020004541261221693059,31.04,454126,2,2026-06-18T09:25:30-03:00,True,[]
07255066000171,35260643861450000181550010000882061043147813,32.72,88206,1,2026-06-17T09:59:17-03:00,True,[]
07255066000171,35260643861450000181550020004555471774804837,32.72,455547,2,2026-06-22T02:08:26-03:00,True,[]
41485341833,35260643861450000181550010000882091044910717,45.99,88209,1,2026-06-17T10:13:17-03:00,True,[]
41485341833,35260643861450000181550020004538921190719670,45.99,453892,2,2026-06-17T13:17:18-03:00,True,[]
60203930000174,35260643861450000181550010000882111045334270,45.99,88211,1,2026-06-17T10:16:36-03:00,True,[]
60203930000174,35260643861450000181550020004538581827008585,45.99,453858,2,2026-06-17T10:17:23-03:00,True,[]
00379838737,35260643861450000181550010000882121045878707,48.99,88212,1,2026-06-17T10:21:07-03:00,True,[]
00379838737,35260643861450000181550020004538601003043481,48.99,453860,2,2026-06-17T10:21:22-03:00,True,[]
03228719561,35260643861450000181550010000882181047948455,45.99,88218,1,2026-06-17T10:37:05-03:00,True,[]
03228719561,35260643861450000181550020004538621471823847,45.99,453862,2,2026-06-17T10:37:11-03:00,True,[]
38554422821,35260643861450000181550010000882201049021446,48.99,88220,1,2026-06-17T10:45:28-03:00,True,[]
38554422821,35260643861450000181550020004538661747734940,48.99,453866,2,2026-06-17T10:45:29-03:00,True,[]
00504256688,35260643861450000181550010000882221052123631,31.04,88222,1,2026-06-17T11:10:25-03:00,True,[]
00504256688,35260643861450000181550020004538681471587004,31.04,453868,2,2026-06-17T11:10:22-03:00,True,[]
04687843905,35260643861450000181550010000882231052624735,43.16,88223,1,2026-06-17T11:14:10-03:00,True,[]
04687843905,35260643861450000181550020004538701594742472,43.16,453870,2,2026-06-17T11:14:01-03:00,True,[]
11308902107,35260643861450000181550010000882241052670092,43.16,88224,1,2026-06-17T11:14:31-03:00,True,[]
11308902107,35260643861450000181550020004551991908880308,43.16,455199,2,2026-06-21T01:16:21-03:00,True,[]
04747307435,35260643861450000181550010000882281054556040,45.99,88228,1,2026-06-17T11:30:10-03:00,True,[]
04747307435,35260643861450000181550020004541441836001548,45.99,454144,2,2026-06-18T10:10:42-03:00,True,[]
94610967804,35260643861450000181550010000882301054847213,31.04,88230,1,2026-06-17T11:32:29-03:00,True,[]
94610967804,35260643861450000181550020004546521180991481,31.04,454652,2,2026-06-19T03:20:42-03:00,True,[]
06367849831,35260643861450000181550010000882311054989198,31.04,88231,1,2026-06-17T11:33:42-03:00,True,[]
06367849831,35260643861450000181550020004540621067437273,31.04,454062,2,2026-06-18T02:15:12-03:00,True,[]
12476853739,35260643861450000181550010000882341055772984,31.04,88234,1,2026-06-17T11:40:35-03:00,True,[]
12476853739,35260643861450000181550020004538961860746183,31.04,453896,2,2026-06-17T13:20:49-03:00,True,[]
00214999009,35260643861450000181550010000882351057388020,229.95,88235,1,2026-06-17T11:55:08-03:00,True,[]
00214999009,35260643861450000181550020004545761301305466,229.95,454576,2,2026-06-18T22:13:41-03:00,True,[]
10227249755,35260643861450000181550010000882371058062521,31.04,88237,1,2026-06-17T12:01:15-03:00,True,[]
10227249755,35260643861450000181550020004539181377178191,31.04,453918,2,2026-06-17T14:32:12-03:00,True,[]
49918300000143,35260643861450000181550010000882381058183296,31.04,88238,1,2026-06-17T12:02:22-03:00,True,[]
49918300000143,35260643861450000181550020004538781664537692,31.04,453878,2,2026-06-17T12:02:21-03:00,True,[]
37929186415,35260643861450000181550010000882401059045529,45.99,88240,1,2026-06-17T12:10:33-03:00,True,[]
37929186415,35260643861450000181550020004538841679777969,45.99,453884,2,2026-06-17T12:30:29-03:00,True,[]
13428280709,35260643861450000181550010000882421059755920,45.99,88242,1,2026-06-17T12:17:18-03:00,True,[]
13428280709,35260643861450000181550020004540701909200124,45.99,454070,2,2026-06-18T02:23:05-03:00,True,[]
29487045880,35260643861450000181550010000882441060612341,155.2,88244,1,2026-06-17T12:25:47-03:00,True,[]
29487045880,35260643861450000181550020004538821810757330,155.2,453882,2,2026-06-17T12:25:46-03:00,True,[]
27507989810,35260643861450000181550010000882451061254667,31.04,88245,1,2026-06-17T12:32:30-03:00,True,[]
27507989810,35260643861450000181550020004538861325572918,31.04,453886,2,2026-06-17T12:32:33-03:00,True,[]
33233879881,35260643861450000181550010000882471061343940,31.04,88247,1,2026-06-17T12:33:28-03:00,True,[]
33233879881,35260643861450000181550020004538881893141777,31.04,453888,2,2026-06-17T12:33:27-03:00,True,[]
30683903896,35260643861450000181550010000882531065808081,45.99,88253,1,2026-06-17T13:18:27-03:00,True,[]
30683903896,35260643861450000181550020004546321679134569,45.99,454632,2,2026-06-19T02:09:03-03:00,True,[]
03034368160,35260643861450000181550010000882541065954166,229.95,88254,1,2026-06-17T13:19:38-03:00,True,[]
03034368160,35260643861450000181550020004538941543860062,229.95,453894,2,2026-06-17T13:19:43-03:00,True,[]
88135527420,35260643861450000181550010000882561067290677,31.04,88256,1,2026-06-17T13:31:57-03:00,True,[]
88135527420,35260643861450000181550020004538981045805468,31.04,453898,2,2026-06-17T13:31:59-03:00,True,[]
04912594253,35260643861450000181550010000882591068228861,32.72,88259,1,2026-06-17T13:40:47-03:00,True,[]
04912594253,35260643861450000181550020004539001597454991,32.72,453900,2,2026-06-17T13:39:19-03:00,True,[]
49183723846,35260643861450000181550010000882601068380290,45.99,88260,1,2026-06-17T13:42:12-03:00,True,[]
49183723846,35260643861450000181550020004539021155384550,45.99,453902,2,2026-06-17T13:42:13-03:00,True,[]
49884142807,35260643861450000181550010000882621069315470,45.99,88262,1,2026-06-17T13:51:35-03:00,True,[]
49884142807,35260643861450000181550020004541201676291894,45.99,454120,2,2026-06-18T09:19:54-03:00,True,[]
27567735814,35260643861450000181550010000882651070236172,61.2,88265,1,2026-06-17T14:00:38-03:00,True,[]
27567735814,35260643861450000181550020004539061112254891,61.2,453906,2,2026-06-17T14:00:23-03:00,True,[]
09375399000160,35260643861450000181550010000882661070431193,274.0,88266,1,2026-06-17T14:02:18-03:00,True,[]
09375399000160,35260643861450000181550020004539081572997205,274.0,453908,2,2026-06-17T14:02:23-03:00,True,[]
02399088050,35260643861450000181550010000882691072554510,45.99,88269,1,2026-06-17T14:21:40-03:00,True,[]
02399088050,35260643861450000181550020004544901013399337,45.99,454490,2,2026-06-18T17:11:37-03:00,True,[]
07093029671,35260643861450000181550010000882701073788320,45.99,88270,1,2026-06-17T14:32:59-03:00,True,[]
07093029671,35260643861450000181550020004539221519726471,45.99,453922,2,2026-06-17T14:33:09-03:00,True,[]
11531160816,35260643861450000181550010000882711074822588,56.99,88271,1,2026-06-17T14:42:33-03:00,True,[]
11531160816,35260643861450000181550020004540461613246574,56.99,454046,2,2026-06-18T01:22:40-03:00,True,[]
08939582632,35260643861450000181550010000882731075610546,269.99,88273,1,2026-06-17T14:50:03-03:00,True,[]
08939582632,35260643861450000181550020004539241719496164,269.99,453924,2,2026-06-17T14:50:06-03:00,True,[]
12433760747,35260643861450000181550010000882751076324355,31.04,88275,1,2026-06-17T14:56:43-03:00,True,[]
12433760747,35260643861450000181550020004539261908025325,31.04,453926,2,2026-06-17T14:56:47-03:00,True,[]
13110265842,35260643861450000181550010000882761076737860,31.04,88276,1,2026-06-17T15:00:41-03:00,True,[]
13110265842,35260643861450000181550020004540221772294270,31.04,454022,2,2026-06-17T23:06:08-03:00,True,[]
43829181000176,35260643861450000181550010000882781077518520,120.78,88278,1,2026-06-17T15:07:57-03:00,True,[]
43829181000176,35260643861450000181550020004539291343713055,120.78,453929,2,2026-06-17T15:07:54-03:00,True,[]
59553917000166,35260643861450000181550010000882791078800781,539.98,88279,1,2026-06-17T15:20:09-03:00,True,[]
59553917000166,35260643861450000181550020004540761680817960,539.98,454076,2,2026-06-18T03:38:25-03:00,True,[]
03495343571,35260643861450000181550010000882801078806527,137.97,88280,1,2026-06-17T15:20:11-03:00,True,[]
03495343571,35260643861450000181550020004546501984218159,137.97,454650,2,2026-06-19T03:18:13-03:00,True,[]
06509558971,35260643861450000181550010000882901081942866,91.98,88290,1,2026-06-17T15:49:14-03:00,True,[]
06509558971,35260643861450000181550020004541621187313283,91.98,454162,2,2026-06-18T12:05:04-03:00,True,[]
14718150809,35260643861450000181550010000882921082364666,45.99,88292,1,2026-06-17T15:52:41-03:00,True,[]
14718150809,35260643861450000181550020004539341511215657,45.99,453934,2,2026-06-17T15:52:19-03:00,True,[]
91115337653,35260643861450000181550010000882931082604664,45.99,88293,1,2026-06-17T15:54:51-03:00,True,[]
91115337653,35260643861450000181550020004539361454246255,45.99,453936,2,2026-06-17T15:54:45-03:00,True,[]
18892265725,35260643861450000181550010000882951084297720,32.72,88295,1,2026-06-17T16:10:38-03:00,True,[]
18892265725,35260643861450000181550020004539421279864991,32.72,453942,2,2026-06-17T16:10:38-03:00,True,[]
39388100000172,35260643861450000181550010000883021088546586,31.04,88302,1,2026-06-17T16:50:15-03:00,True,[]
39388100000172,35260643861450000181550020004539481097205430,31.04,453948,2,2026-06-17T16:50:09-03:00,True,[]
45230491817,35260643861450000181550010000883041089386161,31.04,88304,1,2026-06-17T16:58:21-03:00,True,[]
45230491817,35260643861450000181550020004540441931736180,31.04,454044,2,2026-06-18T01:20:33-03:00,True,[]
42709627809,35260643861450000181550010000883051089460075,45.99,88305,1,2026-06-17T16:59:02-03:00,True,[]
42709627809,35260643861450000181550020004539501483345508,45.99,453950,2,2026-06-17T16:58:51-03:00,True,[]
03761893639,35260643861450000181550010000883071089645436,30.6,88307,1,2026-06-17T17:00:36-03:00,True,[]
03761893639,35260643861450000181550020004539521244859637,30.6,453952,2,2026-06-17T17:00:13-03:00,True,[]
03248264942,35260643861450000181550010000883081089798949,45.99,88308,1,2026-06-17T17:01:58-03:00,True,[]
03248264942,35260643861450000181550020004539541075584622,45.99,453954,2,2026-06-17T17:02:05-03:00,True,[]
43274193895,35260643861450000181550010000883101090106190,28.18,88310,1,2026-06-17T17:05:05-03:00,True,[]
43274193895,35260643861450000181550020004540641242579439,28.18,454064,2,2026-06-18T02:18:35-03:00,True,[]
29776673856,35260643861450000181550010000883121090716848,45.99,88312,1,2026-06-17T17:11:04-03:00,True,[]
29776673856,35260643861450000181550020004539561505698797,45.99,453956,2,2026-06-17T17:11:09-03:00,True,[]
29776673856,35260643861450000181550020004540181668495504,45.99,454018,2,2026-06-17T22:37:37-03:00,True,[]
07152001359,35260643861450000181550010000883131091322310,137.97,88313,1,2026-06-17T17:17:06-03:00,True,[]
07152001359,35260643861450000181550020004539581643074610,137.97,453958,2,2026-06-17T17:17:08-03:00,True,[]
91097053172,35260643861450000181550010000883151092283053,31.04,88315,1,2026-06-17T17:27:00-03:00,True,[]
91097053172,35260643861450000181550020004541221814936954,31.04,454122,2,2026-06-18T09:20:09-03:00,True,[]
49832538000151,35260643861450000181550010000883161093058395,539.98,88316,1,2026-06-17T17:35:52-03:00,True,[]
49832538000151,35260643861450000181550020004539681466900374,539.98,453968,2,2026-06-17T17:35:49-03:00,True,[]
42081946000170,35260643861450000181550010000883171093226503,31.04,88317,1,2026-06-17T17:37:50-03:00,True,[]
42081946000170,35260643861450000181550020004542921333413733,31.04,454292,2,2026-06-18T14:21:59-03:00,True,[]
40849114888,35260643861450000181550010000883181094341320,45.99,88318,1,2026-06-17T17:51:36-03:00,True,[]
40849114888,35260643861450000181550020004539701135026810,45.99,453970,2,2026-06-17T17:52:21-03:00,True,[]
03933353807,35260643861450000181550010000883191094611294,45.99,88319,1,2026-06-17T17:55:14-03:00,True,[]
03933353807,35260643861450000181550020004539721464892687,45.99,453972,2,2026-06-17T17:55:17-03:00,True,[]
45566118810,35260643861450000181550010000883201095595102,43.16,88320,1,2026-06-17T18:08:52-03:00,True,[]
45566118810,35260643861450000181550020004539741721318717,43.16,453974,2,2026-06-17T18:08:53-03:00,True,[]
25104220818,35260643861450000181550010000883231096006234,45.99,88323,1,2026-06-17T18:15:16-03:00,True,[]
25104220818,35260643861450000181550020004539761791827860,45.99,453976,2,2026-06-17T18:15:13-03:00,True,[]
41195443897,35260643861450000181550010000883251096716155,419.98,88325,1,2026-06-17T18:26:36-03:00,True,[]
41195443897,35260643861450000181550020004542901884942436,419.98,454290,2,2026-06-18T14:21:05-03:00,True,[]
00549276769,35260643861450000181550010000883271097167060,49.39,88327,1,2026-06-17T18:34:12-03:00,True,[]
00549276769,35260643861450000181550020004540501280009800,49.39,454050,2,2026-06-18T01:38:57-03:00,True,[]
33218210879,35260643861450000181550010000883281097179570,56.99,88328,1,2026-06-17T18:34:24-03:00,True,[]
33218210879,35260643861450000181550020004539801640146301,56.99,453980,2,2026-06-17T18:33:12-03:00,True,[]
