company_id;sku;name;picture;supplier_id;id;last_entry_price;price_after_taxes;stock_unit_price;stock;virtual_stock;available_stock;last_entry;last_sell;stock_value;amount_sold
1;5.ROLIN.80.PT;Veda Porta | Rolinho | 80cm | Preto;;;2939;12,73;10,024875000000002;;1;0;1;2023-05-03 11:52:25-03:00;2023-10-19 10:50:35-03:00;12,73;
1;1.SUP.DUP.BR.27;Suporte Para Trilho Duplo | Branco | 27cm;;;2439;8,23;6,398825;;0;0;0;2022-11-28 08:17:00-03:00;2025-02-12 12:39:36-03:00;0,0;
1;6.SACA.4;"Saca Polia | 3 Garras | 4""";;;2547;0,0;0,0;;0;0;0;;;0,0;
1;7.FIO.15;Passa Puxa Fio | 15 Metros;;;2565;0,0;0,0;;0;0;0;;2025-11-13 21:38:39-03:00;0,0;
1;6.MAOF.PT.20;Mão Francesa Preto | 20cm ;;;2034;1,53;1,4267250000000002;;2544;750;1794;2026-03-03 08:14:00-03:00;2026-05-14 18:48:14-03:00;3892,32;
1;3.LIX.CLK.VM.9;Lixeira | Click Label | Inox;;;2561;0,0;0,0;;0;0;0;;;0,0;
1;1.TS.PT.150;Trilho Simples | Preto | 150cm;;;2141;17,68;13,922999999999998;;0;0;0;2023-05-31 13:31:00-03:00;2026-04-28 15:13:00-03:00;0,0;
1;47.ORG.OVO.2.2L.TS;Organizador Clear Fresh | 2,2l | NT;;;2551;0,0;0,0;;0;0;0;;;0,0;
1;42.ADES.SIL.ACE.BR.280G;ADESIVO DE SILICONE ACETICO 280G BRANCO;;;3178;21,85;15,895875000000002;;0;0;0;2026-05-04 13:07:14-03:00;;0,0;
1;13.ROD.SEMT.35;Rodizio Transparente | Sem Trava | 35mm;;;2624;2,07;1,930275;;1272;1240;32;2026-03-27 18:50:00-03:00;2026-05-14 22:00:51-03:00;2633,04;
1;42.ADES.SIL.ACE.PT.256G;ADESIVO DE SILICONE ACETICO 256G PRETO;;;3175;5,09;3,702975;;0;0;0;2026-04-29 20:04:12-03:00;2026-05-13 16:56:53-03:00;0,0;
1;32.KIT.REG.10.1;KIT Fácil P/ Registro | 10 em 1 | Blister;;;3111;51,96;40,9185;;0;0;0;2022-06-24 10:48:00-03:00;;0,0;
1;42.COLA.QUENT.500G;COLA QUENTE BASTAO FINA TRANSLUCIDA 500G;;;3176;16,75;12,185625;;3;0;3;2026-04-29 20:04:12-03:00;2026-05-14 11:35:21-03:00;50,25;
1;42.ESP.EXP.320G;ESPUMA EXPANSIVA DE PU 320G/500ML;;;3177;6,45;4,902;;0;0;0;2026-04-29 20:04:12-03:00;2026-05-14 12:42:47-03:00;0,0;
1;6.SUP.TS.BR.30;Suporte Simples | Branco | 30cm;;;1644;2,58;2,40585;;1685;0;1685;2026-03-03 08:14:00-03:00;2026-05-11 19:24:19-03:00;4347,3;
1;6.BROC.SDS.4.110;Broca Concreto SDS Plus | 4.0 x 110mm;;;1639;2,1;1,93095;;0;0;0;2022-09-14 07:47:00-03:00;2023-05-15 07:44:08-03:00;0,0;
1;13.ROD.SEMT.50;Rodizio Transparente | Sem Trava | 50mm;;;2881;2,41;2,247325;;1971;290;1681;2026-03-27 18:50:00-03:00;2026-05-14 07:09:59-03:00;4750,110000000001;
1;34.SUP.INV.15;Suporte Invisível | 15cm;;;2214;4,49;3,6818;;519;286;233;2026-03-19 10:35:10-03:00;2026-05-06 09:43:32-03:00;2330,31;
1;34.SUP.INV.30;Suporte Invisível |30cm;;;2154;6,45;5,289000000000001;;80;40;40;2025-12-09 10:57:28-03:00;2026-05-10 03:33:16-03:00;516,0;
1;5.TPOR.MAG.BR;Trava Porta Magnético | Branco;;;1706;22,3;18,286;;100;0;100;2023-08-30 12:07:10-03:00;2026-05-12 21:07:20-03:00;2230,0;
1;4.SUP.BR;Suporte para Mangueiras e Vassoura;;;2500;3,14;2,48845;;670;0;670;2024-03-27 13:12:44-03:00;2026-04-28 07:50:13-03:00;2103,8;
1;4.BELLA.VD;Bella Bomba Verde;;;1633;18,3;14,22825;;0;0;0;2022-02-23 08:54:11-03:00;;0,0;
1;13.ROD.COMT.50;Rodizio Transparente | Com Trava | 50mm;;;1903;3,05;2,844125;;271;260;11;2026-03-27 18:50:00-03:00;2026-05-14 07:09:59-03:00;826,55;
1;30.ROD.PIN.CAPA.PT;Rodízio SQ65 | HGA (Com Pino) | C/ Capa Preto;;;2794;5,91;4,4916;;21;10;11;2026-01-23 07:34:26-03:00;2026-04-24 10:46:01-03:00;124,11;
1;37.CAD.RS;Cadeado | Segredo | 25mm | Rosa;;;2646;9,59;7,552125;;0;0;0;2025-04-29 05:33:00-03:00;2025-05-15 11:02:29-03:00;0,0;
1;13.TRAV.INX.MAG;Prende Porta | Magnético;;;1935;8,88;7,992;;501;0;501;2025-01-31 08:53:00-03:00;2026-03-26 03:23:47-03:00;4448,88;
1;30.ROD.PIN.PT;Rodízio SQ90 | HGA (Com Pino) | Preto;;;2743;3,86;2,9336;;3;0;3;2023-08-03 12:58:30-03:00;2023-10-29 19:32:03-03:00;11,58;
1;37.CAD.CLR.25.RS;Cadeado | Segredo | Colors | 25mm | Rosa;;;2811;11,83;9,316125;;0;0;0;2024-04-02 05:12:00-03:00;2025-05-22 10:28:41-03:00;0,0;
1;13.TRAV.PARED;Prende Porta | De parede;;;2440;2,75;2,475;;63;0;63;2026-02-09 10:01:00-03:00;2026-04-27 13:01:58-03:00;173,25;
1;6.SUP.TS.BR.20;Suporte Simples | Branco | 20cm;;;2073;1,72;1,6038999999999999;;708;224;484;2025-12-19 08:59:00-03:00;2026-05-14 22:20:12-03:00;1217,76;
1;25.SUP.MOLA.A530.PT;Suporte Mola Aérea A530 P/ Vidro - Preto;;;2833;31,4;26,7685;;0;0;0;2022-06-22 12:05:55-03:00;2023-09-27 10:53:10-03:00;0,0;
1;25.TPOR.ECO.INX;Trava Porta Piso Magnético | Eco Inox Escovado;;;2314;12,66;11,394;;0;0;0;2023-01-23 10:14:36-03:00;2023-09-10 11:09:16-03:00;0,0;
1;10.TRAV.INX;Batente de Porta | Inox | MAX831;;;2814;9,22;8,298;;0;0;0;2025-07-25 09:31:00-03:00;2026-04-08 23:02:26-03:00;0,0;
1;47.ORG.25X29X54.MULT;Organizador Clear | Multinível | 25x29-54 | NT;;;3028;38,78;33,05995;;0;0;0;2024-03-05 16:12:48-03:00;;0,0;
1;1.SUP.DUP.BR.22;Suporte Para Trilho Duplo | Branco | 22cm;;;2381;6,46;4,9096;;0;0;0;2022-06-20 10:02:00-03:00;2023-10-13 13:09:15-03:00;0,0;
1;33.TRAV.CPM.ESC;Prendedor de Porta | CPM | Escovado;;;2795;17,1;15,389999999999999;;0;0;0;2022-06-30 14:07:00-03:00;2023-03-16 11:54:31-03:00;0,0;
1;40.ETIQ.10X15;Etiqueta Térmica | 02 Colunas | 100 x 150mm ;;;1651;12,0;10,41;;0;0;0;2023-09-13 15:45:41-03:00;;0,0;
1;14.GAN.LV.DO;Gancho de Rede Leve | Dourado;;;1690;0,0;0,0;;0;0;0;;2023-10-11 12:48:32-03:00;0,0;
1;1.TS.PT.200;Trilho Simples | Preto | 200cm;;;2618;20,0;15,750000000000004;;0;0;0;2023-07-31 14:52:00-03:00;2026-04-24 11:52:39-03:00;0,0;
1;15.SUP.TS.PT.30;Suporte P/ Trilho | Preto | 30cm;;;3095;3,84;3,5808;;0;0;0;2025-08-14 18:13:00-03:00;2026-02-18 23:08:27-03:00;0,0;
1;25.MOLA.A530.F2.PR;Mola Aérea A530 Força 2 - Prata ;;;2254;81,81;76,287825;;0;0;0;2022-10-05 06:10:26-03:00;;0,0;
1;6.FLAP.CON.36.115;Disco de Lixa Flap Cônico 115mm | Grão 36;;;2734;2,67;2,316225;;297;120;177;2026-03-03 08:14:00-03:00;2026-05-14 17:03:46-03:00;792,99;
1;15.SUP.TS.BR.40;Suporte P/ Trilho | Branca | 40cm;;;2900;5,02;4,681149999999999;;450;272;178;2026-02-05 20:31:00-03:00;2026-05-12 16:57:53-03:00;2259,0;
1;45.GAN.LAT;Gancho de Rede | Latonado Oxidado;;;2683;22,69;18,605800000000002;;3;0;3;2024-01-22 09:48:00-03:00;2026-02-21 18:16:19-03:00;68,07000000000001;
1;3.DISP.RAT.PT;Dispenser Porta Detergente Rattan | Preto;;;2388;4,28;3,3919000000000006;;0;0;0;2025-01-24 14:28:14-03:00;2026-04-21 15:26:50-03:00;0,0;
1;1.SUP.TS.PT.20;Suporte Para Trilho Simples | Preto | 20cm;;;2090;3,13;2,4335749999999994;;26;0;26;2023-09-06 14:18:00-03:00;2026-05-07 17:20:52-03:00;81,38;
1;27.ESC.TAP.SING.VM;Escorredor com Tapete | Single | Vermelho;;;2113;25,98;22,14795;;8;0;8;2024-02-08 01:26:02-03:00;2026-05-07 15:43:45-03:00;207,84;
1;5.TPOR.MAG.DO;Trava Porta Magnético | Dourado;;;1650;22,3;18,286;;0;0;0;2023-08-30 12:07:10-03:00;2025-03-23 13:28:14-03:00;0,0;
1;31.CARR.USB;Carregador de Pilhas USB ;;;2746;52,38;48,05865000000001;;0;0;0;2023-09-11 15:59:11-03:00;2023-02-08 17:00:26-03:00;0,0;
1;1.SUP.TS.PT.40;Suporte Para Trilho Simples | Preto | 40cm;;;2299;7,9;6,142250000000001;;0;0;0;2023-05-31 13:31:00-03:00;2026-05-01 14:20:05-03:00;0,0;
1;26.VEDA.ROSC.18.5;Veda Rosca 18mm x 5M;;;2081;0,9;0,8684999999999999;;0;0;0;2022-06-27 15:27:00-03:00;2025-04-02 21:01:32-03:00;0,0;
1;17.SUP.DUP.17.BR;Suporte Duplo | 17cm | Branco;;;3126;4,06;2,9536499999999997;;214;0;214;2025-03-12 00:00:00-03:00;2026-05-10 12:02:35-03:00;868,8399999999999;
1;6.SUP.M14;Suporte Disco Lixa Velcro 125mm M14 C/ Adaptador;;;2456;7,53;6,923835;;0;0;0;2022-08-09 08:35:00-03:00;2024-08-01 11:00:57-03:00;0,0;
1;5.TRAV.BOR.BR;Trava Porta De Borracha | Branco;;;1646;7,65;7,057125;;0;0;0;2022-04-27 17:19:17-03:00;;0,0;
1;27.ORG.SING.MRC;Organizador Single - Marrom Claro (WG);;;2643;5,96;5,0809;;0;0;0;2024-01-22 13:40:03-03:00;2026-04-22 21:44:14-03:00;0,0;
1;17.VELC.BR.125.60;Disco de Lixa Pluma | Branco | Grão  60;;;1964;0,68;0,4947000000000001;;1209;0;1209;2025-11-03 00:00:00-03:00;2026-05-11 15:26:53-03:00;822,12;
1;1.SUP.TS.BR.40;Suporte Para Trilho Simples | Branco | 40cm;;;3027;8,63;6,5588000000000015;;0;0;0;2022-05-31 16:04:00-03:00;;0,0;
1;48.TUC.G.PT;Suporte Tucano | Grande | Preto;;;1795;11,67;9,190125;;16;0;16;2023-11-30 10:43:33-03:00;;186,72;
1;1.SUP.TS.PT.30;Suporte Para Trilho Simples | Preto | 30cm;;;2529;3,43;2,6668250000000002;;14;0;14;2024-03-01 10:50:00-03:00;2026-01-19 11:33:46-03:00;48,02;
1;6.DISC.VELC.400.125;Disco de Lixa Velcro - 125mm | Grão 400;;;2023;0,36;0,31229999999999997;;530;0;530;2024-07-19 08:48:00-03:00;2026-05-02 19:03:45-03:00;190,79999999999998;
1;34.SUP.INV.25;Suporte Invisível | 25cm;;;2027;5,25;4,305000000000001;;208;110;98;2026-03-10 07:20:43-03:00;2026-05-14 21:30:11-03:00;1092,0;
1;6.FLAP.CON.50.115;Disco de Lixa Flap Cônico 115mm | Grão 50;;;2203;2,67;2,316225;;168;50;118;2025-11-24 08:26:00-03:00;2026-05-08 21:10:20-03:00;448,56;
1;42.ADES.793.100G;Adesivo Instantâneo | 793 | 100g;;;2291;17,99;13,087724999999999;;1937;1710;227;2026-02-27 15:22:07-03:00;2026-05-14 18:46:30-03:00;34846,63;
1;6.BROC.SDS.14.160;Broca Concreto SDS Plus | 14.0 x 160mm;;;2072;4,14;3,80673;;0;0;0;2022-10-28 09:31:00-03:00;2023-10-30 11:22:31-03:00;0,0;
1;24.FEC.DIG.SENHA;Fechadura Digital | Para Móveis e Armários Sobrepor;;;2602;122,9;97,39825;;0;0;0;2022-12-08 11:25:37-03:00;2023-03-27 10:30:42-03:00;0,0;
1;15.SUP.TS.BR.35;Suporte P/ Trilho | Branca | 35cm;;;3104;3,77;3,5155250000000002;;42;0;42;2026-02-05 20:31:00-03:00;2026-04-28 18:27:54-03:00;158,34;
1;15.PRF.VASO.10;PARAF P/VASO SANIT C/BUCH 10X50X75MM C/2;;;2616;2,54;2,45745;;0;0;0;2022-01-14 19:34:00-03:00;2026-02-09 20:13:26-03:00;0,0;
1;1.SUP.DUP.PT.27;Suporte Para Trilho Duplo | Preto | 27cm;;;2425;8,23;6,398825;;0;0;0;2022-11-28 08:17:00-03:00;2023-10-31 13:28:25-03:00;0,0;
1;4.ROD.FIX.38.CZ;Rodízio 38mm C/ Fixador - Cinza;;;2325;2,76;2,1872999999999996;;95;0;95;2023-04-12 11:08:50-03:00;2026-02-03 08:32:30-03:00;262,2;
1;30.ROD.SEM.PT;Rodízio SQ90 | Sem Pino | Preto;;;2692;2,22;1,6872000000000003;;20;0;20;2026-01-23 07:34:26-03:00;2026-04-29 22:30:29-03:00;44,400000000000006;
1;11.BROC.MAD.3;Broca para Madeira | 3mm;;;2224;0,34;0,26503000000000004;;0;0;0;2022-11-04 15:10:20-03:00;;0,0;
1;27.SAND.LR;Sanduba Nutri | Laranja;;;1739;10,35;8,823375;;6;0;6;2024-10-22 19:30:03-03:00;;62,099999999999994;
1;42.FEL.QUAD.22MM.16PC;Feltro Quadrado | 22mm | 16 Peças;;;1696;3,39;2,4662250000000006;;0;0;0;2023-11-28 23:29:00-03:00;2023-10-30 08:54:17-03:00;0,0;
1;27.ESC.TAP.SING.VD;Escorredor com Tapete | Single | Verde Claro;;;2116;18,4;15,686000000000002;;0;0;0;2023-10-27 02:04:03-03:00;;0,0;
1;10.KIT.KID;KIT Trava Invisível | Salva Criança;;;2280;68,0;63,410000000000004;;0;0;0;2022-07-13 14:01:00-03:00;;0,0;
1;6.MAOF.BR.20;Mão Francesa Branca | 20cm;;;3139;1,53;1,4267250000000002;;2325;816;1509;2026-03-03 08:14:00-03:00;2026-05-14 13:15:41-03:00;3557,25;
1;30.ROD.SQ90.CAPA;SQ90 HGA PRETO C/CAPA;;;3173;4,36;3,3136;;0;0;0;2026-01-23 07:34:26-03:00;;0,0;
1;1.SUP.DUP.PT.32;Suporte Para Trilho Duplo | Preto | 32cm;;;1889;9,36;7,277399999999999;;0;0;0;2023-01-31 15:20:00-03:00;2023-06-16 08:07:31-03:00;0,0;
1;24.CAD.CR30.PR;Cadeado | Com Segredo CR30 | Prata;;;2579;21,8;15,8595;;0;0;0;2023-10-16 16:42:17-03:00;2024-07-31 14:18:59-03:00;0,0;
1;6.MAOF.BR.30;Mão Francesa Branca | 30cm;;;1830;2,25;2,098125;;1620;702;918;2026-03-03 08:14:00-03:00;2026-05-14 22:23:56-03:00;3645,0;
1;37.CAD.CLR.25.PT;Cadeado | Segredo | Colors | 25mm | Preto Fosco;;;1822;13,31;10,481625000000003;;0;0;0;2024-10-31 05:51:00-03:00;2025-05-04 14:16:10-03:00;0,0;
1;6.TS.BR.100;Trilho p/ Prateleira | Branco | 1 Metro;;;1598;7,46;6,956449999999999;;66;0;66;2026-01-29 10:05:00-03:00;2026-05-14 22:20:12-03:00;492,36;
1;27.ESC.SING.LS;Escorredor de Louças | Single;;;2004;9,19;7,834474999999999;;10;0;10;2024-02-07 00:40:06-03:00;2026-05-10 21:01:05-03:00;91,89999999999999;
1;17.VELC.BR.125.180;Disco de Lixa Pluma | Branco | Grão  180;;;1876;0,68;0,4947000000000001;;23;0;23;2025-11-03 00:00:00-03:00;2026-05-01 21:52:30-03:00;15,64;
1;18.CAD.SEG.20;Cadeado Segredo Pado 20mm;;;2369;0,0;0,0;;0;0;0;;;0,0;
1;14.GAN.LV.ZC;Gancho de Rede Leve | Zincado ;;;1736;0,0;0,0;;0;0;0;;2024-08-01 10:05:35-03:00;0,0;
1;27.TAP.SING.PT;Tapete de Pia | Single | Preto;;;1672;0,0;0,0;;0;0;0;;;0,0;
1;39.KIT6A12MM;Jogo SDS | 6mm à 12mm (160mm);;;1608;0,0;0,0;;0;0;0;;2025-04-28 19:02:59-03:00;0,0;
1;17.VELC.BR.125.400;Disco de Lixa Pluma | Branco | Grão  400;;;1996;0,68;0,4947000000000001;;612;0;612;2025-11-03 00:00:00-03:00;2026-05-14 21:25:29-03:00;416,16;
1;13.ROD.COMT.100;Rodizio Transparente | Com Trava | 100mm;;;1879;16,01;14,929325;;353;0;353;2024-08-16 17:20:00-03:00;2026-04-27 19:17:16-03:00;5651,530000000001;
1;50.DISP.COMP.400.PT;Saboneteira Líquida Compacta 400ml - Preto;;;1773;16,903333333333332;12,297175;;16;0;16;;2026-04-25 11:39:36-03:00;270,4533333333333;
1;33.FUME.ZC.CTR.50;Rodízio Fumê | Zincado | Com Trava | 50mm;;;2633;6,3;5,874750000000001;;51;0;51;2022-06-30 14:07:00-03:00;2026-04-06 22:27:17-03:00;321,3;
1;46.CJ.SERRA.14;Conjunto de Serra | Tico Tico | 14 Peças;;;1751;18,33;14,288235;;0;0;0;2023-11-10 16:56:00-03:00;;0,0;
1;15.GRA.PLA.2;Grampo Plástico 2 polegadas;;;1638;0,0;0,0;;0;0;0;;2023-07-26 15:59:39-03:00;0,0;
1;17.BOMB.54CM;Bomba de encher pneu | 54cm x 3,2cm;;;1848;45,82;33,33405;;10;0;10;2025-06-06 00:00:00-03:00;2026-01-07 20:57:54-03:00;458,2;
1;1.TD.BR.100;Trilho Duplo | Branco | 100cm;;;2858;13,55;10,494475;;0;0;0;2022-06-20 10:02:00-03:00;;0,0;
1;17.TS.PT.150;Trilho Simples | 150cm | Preto;;;1967;15,99;11,632725;;0;0;0;2022-11-03 00:00:00-03:00;;0,0;
1;13.MF.RET.PT.30;Mão Francesa Retrátil | Preta | 30cm;;;1660;26,85;25,037625;;0;0;0;2023-01-26 16:59:00-03:00;2023-07-24 17:59:07-03:00;0,0;
1;38.TIMER.OVO.RS;Timer | Ovos Resina | Rosa;;;2870;3,24;3,0213000000000005;;0;0;0;2022-12-07 11:37:24-03:00;2023-10-24 14:59:49-03:00;0,0;
1;34.SUP.INV.35;Suporte Invisível |35cm;;;2294;7,8;6,396;;263;36;227;2026-03-25 16:18:31-03:00;2026-05-13 16:09:46-03:00;2051,4;
1;49.PF.1.4.45;Parafuso Sextavado Soberba | 1/4x45mm ;;;1711;16,43;13,020774999999999;;2;0;2;2024-01-04 11:06:31-03:00;;32,86;
1;18.CAD.LAT.25;Cadeado | Latão | 25mm;;;1656;11,17;8,796375;;7;0;7;2022-12-12 21:21:33-03:00;2023-05-23 08:14:19-03:00;78,19;
1;27.GRAD.BR;Grade de Pia | Basic | Branco;;;2132;11,35;9,675875;;0;0;0;2024-10-22 19:30:03-03:00;2026-02-17 16:09:19-03:00;0,0;
1;51.ROD.BOR.COMT.125;Rodízio Giratório Borracha | 125mm | Com Trava;;;3162;26,54;21,032950000000003;;24;0;24;2024-08-03 13:01:28-03:00;;636,96;
1;27.SAND.BG;Sanduba Nutri | Bege;;;1777;10,35;8,823375;;6;0;6;2024-10-22 19:30:03-03:00;;62,099999999999994;
1;8.MOLA.HID.CZ;Mola Automática 453 - Cinza;;;1684;194,37;154,03822499999998;;4;0;4;2026-03-12 14:08:55-03:00;2026-04-30 22:10:59-03:00;777,48;
1;48.TRAV.PT;Trava Porta | Preto;;;1683;10,2;8,032499999999999;;0;0;0;2023-11-30 10:43:33-03:00;2025-11-07 14:36:49-03:00;0,0;
1;27.SAND.VM;Sanduba Nutri | Vermelha;;;1793;10,35;8,823375;;0;0;0;2024-10-22 19:30:03-03:00;;0,0;
1;1.TD.PT.200;Trilho Duplo | Preto | 200cm;;;2526;26,98;20,89601;;0;0;0;2022-11-18 15:44:00-03:00;2025-11-14 11:13:33-03:00;0,0;
1;16.BUCHA.AN.6;Bucha Anel | 6mm;;;1862;0,01059;0,008048399999999999;;22000;0;22000;;2026-02-17 22:59:21-03:00;232,98000000000002;
1;17.SUP.DUP.17.PT;Suporte Duplo | 17cm | Preto;;;2810;4,06;2,9536499999999997;;82;0;82;2025-07-01 00:00:00-03:00;2025-05-25 13:47:57-03:00;332,91999999999996;
1;29.TS.PT.100;Trilho Simples para Cantoneira | Preto | 100cm;;;3155;7,8;6,1815;;12;0;12;2024-08-16 13:14:00-03:00;;93,6;
1;47.DISP.FEC.650.CZ;Dispenser Fechado | 650ml | Chumbo;;;1704;15,57;13,273425000000001;;0;0;0;2024-03-05 16:12:48-03:00;;0,0;
1;19.ALIC.ABRA;"Alicate para Abraçadeira | 9""";;;1666;31,12;24,258039999999998;;0;0;0;2022-11-11 07:36:00-03:00;2023-09-20 09:57:58-03:00;0,0;
1;1.SUP.DUP.PT.22;Suporte Para Trilho Duplo | Preto | 22cm;;;1636;6,46;4,9096;;0;0;0;2022-06-20 10:02:00-03:00;2023-10-06 12:42:39-03:00;0,0;
1;18.CAD.EXEC.PR;Cadeado | Executive | Prata;;;1682;24,9;21,60075;;0;0;0;2022-12-12 21:21:33-03:00;2023-05-02 17:46:09-03:00;0,0;
1;47.DISP.FEC.650.BR;Dispenser Fechado | 650ml | Branco;;;1674;15,57;13,273425000000001;;0;0;0;2024-03-05 16:12:48-03:00;2025-04-09 13:52:47-03:00;0,0;
1;16.BUCHA.BLT;Bucha Bolt 1/4 | 100 Peças;;;1899;2,2016999999999998;1,6732919999999998;;0;0;0;;;0,0;
1;31.BAT.CR2032;Bateria Litio | CR2032 | 5 Peças;;;1681;4,38;3,8763;;175;0;175;2024-04-22 07:24:44-03:00;;766,5;
1;13.ROD.COMT.75;Rodizio Transparente | Com Trava | 75mm;;;1594;9,26;8,63495;;903;0;903;2024-08-16 17:20:00-03:00;2026-04-15 16:42:52-03:00;8361,78;
1;27.KIT.8POT;Kit 08 Peças | Pote Hermético ;;;3042;70,0;59,675;;1;0;1;2024-08-27 15:08:04-03:00;2026-05-01 11:08:04-03:00;70,0;
1;24.DOB.INX.VID;Dobradiça Inox | Grande para porta de Vidro;;;1647;6,65;4,837875;;0;0;0;2023-02-08 12:51:24-03:00;2023-10-04 14:40:11-03:00;0,0;
1;16.BUCHA.PER.8;Bucha Perfix | 8mm;;;1820;0,0484;0,036784000000000004;;2000;0;2000;;2026-05-14 10:15:50-03:00;96,8;
1;17.SUP.DUP.22.BR;Suporte Duplo | 22cm | Branco;;;3148;5,86;4,26315;;0;0;0;2025-11-03 00:00:00-03:00;2025-11-26 17:48:57-03:00;0,0;
1;5.TRAV.BOR.MR;Trava Porta De Borracha | Marrom ;;;1648;7,65;7,057125;;7;0;7;2022-04-27 17:19:17-03:00;;53,550000000000004;
1;11.CHUMB.5.16;Chumbador C/ Parafuso | 5/16 x 2.1/4 | 100 Peças;;;1657;0,0;0,0;;0;0;0;;2023-06-19 07:58:12-03:00;0,0;
1;48.TUC.G.BR;Suporte Tucano | Grande | Branco;;;1710;11,64;9,166500000000001;;47;0;47;2023-11-30 10:43:33-03:00;;547,08;
1;1.TS.BR.200;Trilho Simples | Branco | 200cm;;;3023;0,0;0,0;;0;0;0;;;0,0;
1;5.TPOR.MAG.PTF;Trava Porta Magnético | Preto Fosco;;;2270;22,3;18,286;;47;0;47;2023-08-30 12:07:10-03:00;2025-11-30 23:03:34-03:00;1048,1000000000001;
1;11.PF.TROA.3.5.50;Parafuso Trombeta | 3.5 x 50mm | Sobrecaixa;;;1925;0,0668;0,052939;;0;0;0;;2025-05-06 08:24:42-03:00;0,0;
1;45.DOBR.LAT;Dobradiça Aço | Dourado;;;1664;14,91;11,741625;;0;0;0;2023-10-25 10:15:00-03:00;;0,0;
1;8.MOLAP.BR;Mola Triunfo 454 - Branco;;;1817;35,96;28,4983;;463;433;30;2026-03-12 14:08:55-03:00;2026-05-14 00:41:11-03:00;16649,48;
1;16.BUCHA.AN.10;Bucha Anel | 10mm;;;1906;0,03276;0,0248976;;0;0;0;;2025-03-20 01:51:58-03:00;0,0;
1;17.VELC.BR.125.320;Disco de Lixa Pluma | Branco | Grão  320;;;2784;0,68;0,4947000000000001;;27;0;27;2025-11-03 00:00:00-03:00;2026-05-14 21:23:18-03:00;18,360000000000003;
1;29.SUP.TV.10.85.PT;SUPORTE PRETO TV LCD 10 A 85 BRACO ART;;;1693;39,44;30,664600000000004;;6;0;6;2024-10-29 13:06:00-03:00;;236,64;
1;37.CAD.CLR.25.BR;Cadeado | Segredo | Colors | 25mm | Branco;;;1825;11,83;9,316125;;0;0;0;2024-04-02 05:12:00-03:00;2025-04-29 10:11:54-03:00;0,0;
1;14.GAN.LV.PT;Gancho de Rede Leve | Preto;;;1901;0,0;0,0;;0;0;0;;2024-08-01 10:41:22-03:00;0,0;
1;17.TD.BR.150;Trilho Duplo para Cantoneira | Branco | 1,5 Metro;;;1845;0,0;0,0;;1;0;1;;;0,0;
1;1.SUP.TS.PT.35;Suporte Para Trilho Simples | Preto | 35cm;;;1844;4,75;3,693125;;12;0;12;2023-07-31 14:52:00-03:00;2026-05-05 16:03:21-03:00;57,0;
1;27.MARM.BG;Marmita Hermética Nutri | Bege;;;1799;15,98;13,622950000000001;;4;0;4;2024-10-22 19:30:03-03:00;;63,92;
1;17.AMASS.350;Amassador de Latas | 350ml;;;1790;30,85;24,294375000000002;;0;0;0;2023-07-25 00:00:00-03:00;2023-08-18 11:46:48-03:00;0,0;
1;27.FAQ.RIV.CZ;Faqueiro Rivieria | 24  Peças | Cinza;;;3159;24,9;23,219250000000002;;22;0;22;2024-09-17 11:27:02-03:00;;547,8;
1;45.DOBR.ANT;Dobradiça Aço | Antique;;;1852;14,91;11,741625;;0;0;0;2023-10-25 10:15:00-03:00;;0,0;
1;10.LED.DOB.CZ;Luz de LED P/ Dobradiça | Cinza;;;3034;2,5;2,4125;;0;0;0;2024-04-05 14:17:00-03:00;2025-05-28 02:47:20-03:00;0,0;
1;4.BOMB.VD;Bomba Para Refrigerante - Verde;;;1806;5,1;3,8759999999999994;;0;0;0;2023-09-06 07:53:04-03:00;2024-07-31 14:59:44-03:00;0,0;
1;6.SUP.TS.BR.25;Suporte Simples | Branco | 25cm;;;2628;2,29;2,135425;;581;0;581;2026-03-03 08:14:00-03:00;2026-05-13 21:16:38-03:00;1330,49;
1;27.DISP.SING.BR;Dispenser Single - Branco;;;2335;8,47;7,220675000000001;;0;0;0;2024-10-22 19:30:03-03:00;2024-07-31 12:02:48-03:00;0,0;
1;13.FECH.16.22;Fechadura c/ Batente | 16 x 22;;;1831;2,92;2,7229;;0;0;0;2023-03-22 13:44:00-03:00;2024-08-01 16:01:48-03:00;0,0;
1;4.CAB.TRV.VD;Cabide Trevo Verde;;;2144;1,86;1,53915;;0;0;0;2022-02-23 08:54:11-03:00;;0,0;
1;31.PILHA.AAA.1000;Pilha Recarregável Roxa | AAA (Palito) | 1000mAh;;;1637;15,16;13,416599999999999;;0;0;0;2023-11-30 18:36:30-03:00;2025-05-08 08:39:19-03:00;0,0;
1;4.TPOR.BR;Trava Porta Prático | Branco ;;;1619;2,66;1,9351499999999997;;0;0;0;2025-04-08 08:14:21-03:00;2025-11-07 09:59:45-03:00;0,0;
1;15.TD.BR.150;Trilho Duplo para Cantoneira | Branco | 1,5 Metro;;;1878;5,44;4,991200000000001;;133;0;133;2025-08-14 18:13:00-03:00;2026-05-05 22:36:19-03:00;723,5200000000001;
1;27.ESC.SING.PT;Escorredor de Louças | Single | Preto;;;1801;15,81;14,031374999999999;;0;0;0;2022-02-25 15:48:03-03:00;;0,0;
1;8.MOLAP.ZN;Mola Triunfo 454 - Zincado;;;1851;35,96;28,4983;;32;27;5;2026-03-12 14:08:55-03:00;2026-05-11 04:04:41-03:00;1150,72;
1;17.GRAMP.C.2;"Grampo Tipo C | 2""";;;1784;8,5;7,71375;;6;0;6;2025-02-11 00:00:00-03:00;2026-05-01 19:31:59-03:00;51,0;
1;26.RALO.QUAD;Ralo Click Quadrado - 9,4cm;;;2062;19,72;17,748;;0;0;0;2022-06-27 15:27:00-03:00;;0,0;
1;17.AMASS.475;Amassador de Latas | 475ml;;;1814;34,8;27,404999999999998;;4;0;4;2024-11-08 00:00:00-03:00;2026-04-29 16:24:39-03:00;139,2;
1;6.MAOF.BR.25;Mão Francesa Branca | 25cm;;;2186;1,84;1,7158;;876;384;492;2026-03-03 08:14:00-03:00;2026-05-14 04:19:13-03:00;1611,8400000000001;
1;48.TRAV.CR;Trava Porta | Inox;;;1779;9,8;7,717500000000001;;204;0;204;2024-05-07 10:22:24-03:00;2026-02-16 18:45:24-03:00;1999,2;
1;27.ESC.SING.MRC;Escorredor de Louças | Single | Marrom Claro;;;1789;15,81;14,031374999999999;;0;0;0;2022-02-25 15:48:03-03:00;;0,0;
1;10.TRAV.MAX002;Batente de Porta | Cromado | MAX 002;;;1813;9,0;8,1;;0;0;0;2025-03-11 10:59:00-03:00;2025-05-21 14:19:21-03:00;0,0;
1;44.VEDA.D.PT;Veda Fresta| Modelo D | Preto;;;1833;14,9;10,839749999999999;;1;0;1;2023-08-22 16:09:00-03:00;;14,9;
1;17.APLI.SILF.9;"Aplicador de Silicone Fechado | 9""";;;1809;9,05;7,009225000000001;;0;0;0;2022-11-03 00:00:00-03:00;2023-10-09 07:05:52-03:00;0,0;
1;5.GAN.INX.QUAD;Gancho de Metal | Inox | Quadrado;;;1808;13,79;11,755975;;0;0;0;2023-02-27 12:11:41-03:00;;0,0;
1;27.MARM.PT;Marmita Hermética Nutri | Preta;;;1802;15,98;13,622950000000001;;4;0;4;2024-10-22 19:30:03-03:00;;63,92;
1;27.ESC.SING.BR;Escorredor de Louças | Single | Branco;;;1697;15,81;14,031374999999999;;0;0;0;2022-02-25 15:48:03-03:00;;0,0;
1;27.MARM.LR;Marmita Hermética Nutri | Laranja;;;1730;15,98;13,622950000000001;;186;0;186;2024-10-22 19:30:03-03:00;;2972,28;
1;42.TINT.GRAF.350ML;Tinta Aerosol Grafite | 350ml;;;1787;10,75;8,17;;0;0;0;2023-06-26 19:52:00-03:00;2023-08-23 22:44:49-03:00;0,0;
1;1.SUP.MIC.PT;Suporte Microondas Preto;;;1880;32,76;25,0614;;0;0;0;2022-04-14 16:20:00-03:00;;0,0;
1;5.NUM.9.ESC;Número Residêncial | Escovado | 9;;;1807;7,36;5,796000000000001;;2;0;2;2023-05-03 11:52:25-03:00;;14,72;
1;24.CAD.40;Cadeado | Clássico | 40mm;;;2525;19,55;14,222624999999997;;0;0;0;2024-01-15 15:12:56-03:00;2026-01-12 15:22:00-03:00;0,0;
1;17.CAD.TETRA.100;Cadeado Para Moto | Chave Tetra | 100 x 24mm;;;1727;40,14;29,20185;;0;0;0;2023-02-23 00:00:00-03:00;2024-07-31 14:30:00-03:00;0,0;
1;1.TD.BR.150;Trilho Duplo | Branco | 150cm;;;1810;20,54;15,908230000000001;;0;0;0;2022-06-20 10:02:00-03:00;;0,0;
1;47.DISP.PRM.500.CZ;Dispenser Premium | 500ml | Chumbo;;;1804;17,13;14,603324999999998;;0;0;0;2024-03-05 16:12:48-03:00;2025-03-30 16:48:22-03:00;0,0;
1;37.CAD.CLR.25.VD;Cadeado | Segredo | Colors | 25mm | Verde;;;1837;11,83;9,316125;;0;0;0;2024-04-02 05:12:00-03:00;2023-06-01 09:02:58-03:00;0,0;
1;27.POT.FLIP.400;Pote Hermético Flip | 400ml;;;1812;6,99;6,518174999999999;;0;0;0;2023-10-27 02:04:03-03:00;2024-07-31 14:56:34-03:00;0,0;
1;24.CAD.ANCR;Cadeado | Com Segredo 35mm | Ancora;;;2541;20,68;15,044699999999999;;0;0;0;2022-11-09 22:14:47-03:00;2023-03-08 00:52:29-03:00;0,0;
1;6.RALO.QUAD;Ralo Click | Inox | Quadrado | 10x10;;;1818;13,25;12,156875000000001;;0;0;0;2022-11-17 09:32:00-03:00;2024-08-01 16:21:36-03:00;0,0;
1;27.LIX.TAMPA.4.PT;Lixeira Tampa Preta;;;1821;25,26;21,53415;;0;0;0;2022-06-09 09:04:03-03:00;;0,0;
1;27.LIX.TAMPA.4.BR;Lixeira Tampa Branca;;;1791;25,26;21,53415;;0;0;0;2022-06-09 09:04:03-03:00;;0,0;
1;17.GRAMP.C.6;"Grampo tipo C | 6"" ";;;3103;25,39;23,041425;;8;0;8;2024-07-19 00:00:00-03:00;2026-05-07 14:35:20-03:00;203,12;
1;42.FITA.DEMARC.VD;Fita de Demarcação | 48 x 15m | Verde;;;1842;10,73;9,415575;;0;0;0;2023-08-26 14:27:00-03:00;2025-11-05 14:07:55-03:00;0,0;
1;6.DISC.FLAP.100.115;Disco de Lixa Flap - 115mm | Grão 100;;;1782;2,28;1,9778999999999995;;57;0;57;2023-08-21 13:24:00-03:00;2026-05-11 22:14:53-03:00;129,95999999999998;
1;17.CHV.6A22;Jogo Chave Combinada 6-22 | 12 Peças;;;1839;39,79;36,109425;;0;0;0;2024-11-08 00:00:00-03:00;2024-07-31 11:55:54-03:00;0,0;
1;50.DISP.800.BR;Saboneteira Líquida 800ml - Branco;;;1871;18,731666666666666;13,6272875;;24;0;24;;2025-05-22 09:38:02-03:00;449,55999999999995;
1;24.CAD.CRO.35;Cadeado | Cromado | 35mm;;;2540;16,35;11,894625000000003;;0;0;0;2022-08-25 08:35:37-03:00;2023-02-08 21:25:12-03:00;0,0;
1;17.TRAV.CR;Fixador para Porta Rodapé;;;1835;7,82;7,09665;;4;0;4;2023-01-23 00:00:00-03:00;2025-05-02 18:15:20-03:00;31,28;
1;27.DISP.SING.CZE;Dispenser Single - Cinza Escuro;;;1841;6,49;5,532725;;0;0;0;2025-01-24 14:46:02-03:00;2026-01-21 18:06:11-03:00;0,0;
1;4.CAB.TRI.BR;Cabide Triangulo Branco;;;2092;1,86;1,53915;;0;0;0;2022-02-23 08:54:11-03:00;;0,0;
1;4.CAB.TRI.VD;Cabide Triangulo Verde;;;2126;1,86;1,53915;;0;0;0;2022-02-23 08:54:11-03:00;;0,0;
1;5.TPOR.MAG.MRE;Trava Porta Magnético | Marrom Escuro;;;2344;22,3;18,286;;1;0;1;2023-08-30 12:07:10-03:00;2025-05-26 08:22:03-03:00;22,3;
1;23.FEC.DIG.40A.COMBO;Fechadura Digital YDF 40A | Combo;;;1778;1399,64;1018,2381;;0;0;0;2023-01-05 09:38:40-03:00;2023-09-14 20:48:06-03:00;0,0;
1;37.CAD.ECO.20;Cadeado | Zamac | 20mm | E-coat;;;2822;6,72;5,292;;0;0;0;2022-12-01 07:07:00-03:00;2023-10-27 02:41:37-03:00;0,0;
1;24.CAD.TRT.50R;Cadeado Tetra CRT50R | Reforçado ;;;1756;92,14;67,03185;;0;0;0;2023-11-14 08:45:47-03:00;2026-04-17 17:40:09-03:00;0,0;
1;5.NUM.4.ESC;Número Residêncial | Escovado | 4;;;1811;7,36;5,796000000000001;;0;0;0;2023-05-03 11:52:25-03:00;;0,0;
1;11.BROC.MAD.6;Broca para Madeira | 6mm;;;2229;0,69;0,537855;;5;0;5;2022-10-19 11:39:34-03:00;2023-10-18 02:26:52-03:00;3,4499999999999997;
1;4.DISP.BR;Dispenser de Parede Branco;;;1780;0,0;0,0;;4;0;4;;2026-04-23 18:32:30-03:00;0,0;
1;48.TRAV.INV;Trava Porta | Invisível;;;1783;18,99;14,954625;;0;0;0;2024-02-01 11:57:02-03:00;2026-03-17 20:09:41-03:00;0,0;
1;27.ESC.SING.AZ;Escorredor de Louças | Single | Azul;;;1834;15,81;14,031374999999999;;0;0;0;2022-02-25 15:48:03-03:00;;0,0;
1;27.LIX.SING.CZC;Lixeira Single 2,5l - Cinza Claro;;;1733;11,99;10,221475000000002;;16;0;16;2024-12-19 19:54:01-03:00;;191,84;
1;27.KIT.10POT;Kit 10 Peças | Pote Hermético ;;;1870;119,51;101,882275;;3;0;3;2024-10-22 19:30:03-03:00;2025-11-12 09:38:41-03:00;358,53000000000003;
1;11.PF.3.5.40;Parafuso Chipboard 3,5 x 40mm | 100 Peças;;;3097;0,0161;0,012759250000000001;;0;0;0;;2025-03-04 11:36:44-03:00;0,0;
1;34.SUP.INV.20;Suporte Invisível | 20cm;;;1926;4,8;3,9360000000000004;;749;632;117;2026-03-19 10:35:10-03:00;2026-05-14 20:14:32-03:00;3595,2;
1;13.PIS.CZ.40;Pistão Fit | Cinza | 40N;;;2022;2,71;2,5270749999999995;;2;0;2;2024-11-01 14:25:00-03:00;2026-03-16 16:12:31-03:00;5,42;
1;15.MF.VID.10;Mão Francesa Para Vidro | 10cm;;;1895;1,26;1,17495;;0;0;0;2025-02-14 16:27:00-03:00;2025-05-24 23:34:24-03:00;0,0;
1;17.CARRO.RET;Carro Para Carga Retrátil;;;1843;210,38;153,05145;;5;0;5;2024-05-08 00:00:00-03:00;2026-05-05 10:48:40-03:00;1051,9;
1;4.ABRI.CZ;Abridor de Pote de Conserva | Cinza;;;2471;2,09;1,6563249999999998;;0;0;0;2025-02-11 14:26:07-03:00;2025-05-28 13:17:28-03:00;0,0;
1;4.COL.INF.PLA.BR;Colher Infantil Plástico - Branco;;;1767;0,38;0,30115;;0;0;0;2025-01-09 10:34:30-03:00;2025-04-05 04:01:55-03:00;0,0;
1;27.LOUÇA.SING.AZ;Escorredor de Louça Single - Azul;;;1649;15,81;14,031374999999999;;0;0;0;2022-02-25 15:48:03-03:00;;0,0;
1;5.TPOR.MAG.DOF;Trava Porta Magnético | Dourado Fosco;;;1715;22,97;18,8354;;0;0;0;2024-06-13 15:06:00-03:00;;0,0;
1;5.TPOR.MAG.CZ;Trava Porta Magnético | Chumbo;;;2928;22,3;18,286;;33;0;33;2023-08-01 12:24:10-03:00;2026-04-04 02:23:49-03:00;735,9;
1;11.PF.5.0.45;Parafuso Chipboard 5,0 x 45mm;;;1869;0,0;0,0;;0;0;0;;;0,0;
1;14.GAN.LV.BR;Gancho de Rede Leve | Branco;;;1943;0,0;0,0;;0;0;0;;;0,0;
1;31.DIS.2P.20A;Disjuntor 2 Polos | 20A;;;1934;0,0;0,0;;0;0;0;;;0,0;
1;42.KIT.MOV;Kit Moveleiro 100g A + QFS 200ml;;;1898;24,28;17,663700000000002;;1726;1260;466;2026-02-27 15:22:07-03:00;2026-05-14 22:33:22-03:00;41907,28;
1;9.TRAV.FIX.BR;Trava Porta Adesivo Smartfix - Branco ;;;1776;21,04;17,358;;0;0;0;2024-10-10 10:04:06-03:00;2025-05-15 19:28:54-03:00;0,0;
1;5.NUM.0.ESC;Número Residêncial | Escovado | 0;;;2932;7,36;5,796000000000001;;1;0;1;2023-05-03 11:52:25-03:00;2026-04-16 09:44:34-03:00;7,36;
1;6.DISC.FLAP.80.115;Disco de Lixa Flap - 115mm | Grão 80;;;1873;2,49;2,1600750000000004;;0;0;0;2025-06-04 08:01:00-03:00;2026-05-11 08:46:56-03:00;0,0;
1;4.TPOR.BG;Trava Porta Prático | Bege ;;;2885;2,66;1,9351499999999997;;0;0;0;2025-04-08 08:14:21-03:00;2023-10-23 22:09:11-03:00;0,0;
1;50.TOAL.COMP.AZ;Toalheiro Compacto - Glass Azul;;;1815;19,845;14,4372375;;0;0;0;;;0,0;
1;15.SUP.TS.BR.25;Suporte P/ Trilho | Branca | 25cm;;;1724;4,06;3,7250499999999995;;0;0;0;2022-02-01 18:34:00-03:00;2026-05-09 10:42:16-03:00;0,0;
1;31.PILHA.AA.2700;Pilha Recarregável Roxa | AA (Comum) | 2700 mAh;;;1900;27,0;23,895000000000003;;0;0;0;2024-04-22 07:24:44-03:00;2024-08-01 10:37:59-03:00;0,0;
1;27.LOUÇA.SING.MRC;Escorredor de Louça Single - Marrom Claro;;;1668;15,81;14,031374999999999;;0;0;0;2022-02-25 15:48:03-03:00;;0,0;
1;5.ROLIN.80.MR;Veda Porta | Rolinho | 80cm | Marrom;;;2946;12,73;10,024875000000002;;2;0;2;2023-05-03 11:52:25-03:00;2023-10-02 22:39:52-03:00;25,46;
1;3.CONE.RET.LA;Cone Retrátil Laranja;;;1995;0,0;0,0;;0;0;0;;;0,0;
1;17.SUP.DUP.37.BR;Suporte Duplo | 37cm | Branco;;;1942;9,28;6,751199999999999;;0;0;0;2025-11-03 00:00:00-03:00;2025-11-26 17:48:16-03:00;0,0;
1;13.PIS.BR.60;Pistão Fit | Branco | 60N;;;1949;2,69;2,508425;;80;0;80;2024-11-01 14:25:00-03:00;2026-05-13 09:21:36-03:00;215,2;
1;26.FITA.AM;Fita Isolante 18x5m Antichama - Amarela;;;2044;1,01;0,9897999999999999;;0;0;0;2022-06-27 15:27:00-03:00;2025-04-02 22:42:49-03:00;0,0;
1;4.CAB.AD.DOG.PT;Cabide Cachorro Preto;;;2220;2,2;1,8205000000000002;;0;0;0;2022-02-23 08:54:11-03:00;2023-06-05 09:33:47-03:00;0,0;
1;13.TRAV.PVC;Prende Porta | PVC;;;1867;3,38;2,93215;;0;0;0;2024-04-04 15:42:00-03:00;2024-08-01 10:24:36-03:00;0,0;
1;6.FIO.AM.20;Passa Fio | 20m;;;1929;12,55;9,883125000000001;;6;0;6;2023-05-10 09:26:00-03:00;2026-02-10 16:08:04-03:00;75,30000000000001;
1;5.NUM.8.ESC;Número Residêncial | Escovado | 8;;;1866;7,36;5,796000000000001;;0;0;0;2023-05-03 11:52:25-03:00;2026-04-16 09:44:34-03:00;0,0;
1;36.BUCHA.SK44;Bucha Nylon | SK44 | 1 Peça;;;2089;1,2141;0,9621742499999999;;0;0;0;;2025-05-12 20:20:08-03:00;0,0;
1;27.GRAD.PT;Grade de Pia | Basic | Preto;;;1877;9,9;8,43975;;1;0;1;2024-02-07 00:40:06-03:00;2026-02-01 16:05:06-03:00;9,9;
1;19.PINO.25;Pino 25mm | Gpe916 | Tipo F;;;1904;7,78;6,165649999999999;;0;0;0;2023-10-25 09:54:00-03:00;2023-09-05 14:50:53-03:00;0,0;
1;23.COFR.COMPCT;Cofre Digital | Value Compact | Preto;;;1992;399,46;329,55449999999996;;0;0;0;2024-01-09 10:55:10-03:00;;0,0;
1;17.LONA.4X4;Lona 75G | 4x4 | Azul;;;1896;43,18;39,185849999999995;;0;0;0;2024-11-08 00:00:00-03:00;2023-10-05 09:29:48-03:00;0,0;
1;6.CONECT.TRI.10;Conector de porcelana Tripolar | 10mm²;;;1887;1,15;1,10975;;0;0;0;2023-05-10 09:26:00-03:00;2025-03-27 09:04:17-03:00;0,0;
1;5.CAMP.SF.BR;Campainha Sem Fio - Branco;;;1859;60,11;58,00615;;0;0;0;2022-09-02 14:55:05-03:00;2023-10-30 09:45:29-03:00;0,0;
1;5.GAN.PT.RED;Gancho de Metal | Preto | Redondo;;;2914;13,79;11,755975;;0;0;0;2023-02-27 12:11:41-03:00;2023-03-23 20:59:39-03:00;0,0;
1;45.GAN.ACE;Gancho de Rede | Acetinado;;;1854;22,69;18,605800000000002;;0;0;0;2024-01-22 09:48:00-03:00;2024-07-31 13:04:41-03:00;0,0;
1;24.CAD.TWIN.CZ;Cadeado Twinpack | Cinza ;;;2601;44,77;32,570175;;0;0;0;2023-01-05 09:38:40-03:00;2023-08-19 12:58:58-03:00;0,0;
1;27.LIX.BASIC.2.5.VM;Lixeira Basic Vermelha;;;1911;15,11;12,881275;;0;0;0;2022-05-13 20:28:00-03:00;;0,0;
1;47.ORG.30X15X7;Organizador Clear | 30x15x7cm | NT;;;1893;13,43;11,449074999999999;;0;0;0;2024-03-05 16:12:48-03:00;;0,0;
1;6.DISC.FLAP.60.180;Disco Flap | 180mm | Grão 60;;;1961;6,16;5,3438;;30;0;30;2025-08-12 08:26:00-03:00;2026-01-13 16:49:24-03:00;184,8;
1;18.CAD.LAT.20;Cadeado | Latão | 20mm;;;1858;9,61;7,567875;;0;0;0;2022-12-12 21:21:33-03:00;;0,0;
1;37.CAD.CLR.25.AZ;Cadeado | Segredo | Colors | 25mm | Azul;;;1907;13,31;10,481625000000003;;0;0;0;2024-10-31 05:51:00-03:00;2023-07-09 12:02:20-03:00;0,0;
1;24.CAD.NAC;Cadeado TSA | Com Segredo 35mm | Nações;;;2548;26,35;19,169625;;0;0;0;2023-10-18 18:48:41-03:00;2023-10-06 10:54:15-03:00;0,0;
1;24.CAD.CAV;Cadeado Fashion | Caveira;;;2543;16,62;12,091050000000001;;0;0;0;2022-11-09 22:14:47-03:00;;0,0;
1;27.ESC.SING.AM;Escorredor de Louças | Single | Amarelo;;;1874;15,81;14,031374999999999;;0;0;0;2022-02-25 15:48:03-03:00;;0,0;
1;18.CAD.20.VM;Cadeado | SM | 20mm | Vermelho;;;1953;12,87;10,135124999999999;;0;0;0;2022-12-12 21:21:33-03:00;2023-02-13 14:42:27-03:00;0,0;
1;19.FIO.30M;Passa Fio | Alma aço | 30m;;;1960;11,94;8,68635;;0;0;0;2023-10-25 09:54:00-03:00;2025-05-10 20:02:02-03:00;0,0;
1;5.ROLIN.100.PT;Veda Porta | Rolinho | 100cm | Preto;;;2948;14,87;11,710125;;23;0;23;2023-05-03 11:52:25-03:00;2023-10-26 09:40:45-03:00;342,01;
1;7.FIO.20;Passa Puxa Fio | 20 Metros;;;1972;11,82;10,726650000000001;;0;0;0;2023-06-02 18:44:25-03:00;2026-02-20 19:28:09-03:00;0,0;
1;6.FIO.AM.10;Passa Fio | 10m;;;1881;8,66;6,819749999999999;;0;0;0;2023-05-10 09:26:00-03:00;2023-10-16 16:06:27-03:00;0,0;
1;4.ROD.FIX.38.BR;Rodízio 38mm C/ Fixador - Branco;;;2480;2,76;2,1872999999999996;;76;0;76;2023-04-12 11:08:50-03:00;2023-10-28 17:40:44-03:00;209,76;
1;34.GAN.38;Gancho 3/8 Simples;;;2046;12,64;10,0172;;7;0;7;2022-08-09 15:29:00-03:00;2025-11-20 21:36:37-03:00;88,48;
1;27.MARM.VM;Marmita Hermética Nutri | Vermelha;;;1939;15,98;13,622950000000001;;0;0;0;2024-10-22 19:30:03-03:00;;0,0;
1;47.DISP.TRI.650.CZ;Dispenser Trium | 650ml | Chumbo;;;1954;16,18;13,79345;;0;0;0;2024-03-05 16:12:48-03:00;2025-04-15 09:03:16-03:00;0,0;
1;17.TD.PT.100;Trilho Duplo | Preto | 100cm;;;1922;11,85;10,753875;;0;0;0;2022-11-30 00:00:00-03:00;;0,0;
1;38.ESC.LAVA;Escova Lava Louças | Multiuso;;;1892;9,93;8,614275;;1;0;1;2024-02-26 13:33:34-03:00;2025-05-03 18:38:56-03:00;9,93;
1;6.SUP.3ART;Suporte C/3 Articulações ;;;1930;30,27;27,772725;;6;0;6;2024-01-22 13:25:00-03:00;;181,62;
1;16.BUCHA.AN.5;Bucha Anel | 5mm;;;1849;0,00893;0,0067868;;22000;0;22000;;2026-05-08 08:26:29-03:00;196,46;
1;27.LIX.TAMPA.4.MRC;Lixeira Tampa Marrom Claro;;;1902;25,26;21,53415;;0;0;0;2022-06-09 09:04:03-03:00;;0,0;
1;6.DISC.VELC.100.125;Disco de Lixa Velcro - 125mm | Grão 100;;;2971;0,36;0,31229999999999997;;90;0;90;2024-09-10 09:34:00-03:00;2026-05-14 09:45:17-03:00;32,4;
1;18.CAD.25.RS;Cadeado | SM | 25mm | Magenta;;;1962;14,42;11,35575;;0;0;0;2022-12-12 21:21:33-03:00;2023-02-09 18:47:35-03:00;0,0;
1;24.FEC.ART511;Cilindro para Móveis | ART 511;;;2603;14,77;11,705225;;0;0;0;2023-10-16 17:39:51-03:00;;0,0;
1;15.TS.BR.200;Trilho Simples | Branco | 200cm;;;2055;12,99;12,113175;;0;0;0;2025-04-30 14:08:00-03:00;;0,0;
1;17.VISOR.CR;Olho Mágico Visor P/ Porta C Acabamento Cromado;;;1868;5,81;4,226775;;1;0;1;2023-05-02 00:00:00-03:00;2023-10-19 11:17:20-03:00;5,81;
1;13.PIS.CZ.100;Pistão Fit | Cinza | 100N;;;1950;2,75;2,564375;;117;0;117;2024-10-24 11:07:00-03:00;2026-05-14 15:52:24-03:00;321,75;
1;4.PCOND.VD;Açucareiro Prático | Verde;;;2494;6,03;4,7787749999999996;;5;0;5;2025-04-08 08:14:21-03:00;2026-04-20 17:27:21-03:00;30,150000000000002;
1;18.CAD.25.AZ;Cadeado | SM | 25mm | Azul;;;1936;14,42;11,35575;;0;0;0;2022-12-12 21:21:33-03:00;2026-01-22 16:25:30-03:00;0,0;
1;5.TPOR.MAG.MRC;Trava Porta Magnético | Marrom Claro;;;2920;22,3;18,286;;0;0;0;2023-08-01 12:24:10-03:00;2025-05-26 08:22:03-03:00;0,0;
1;27.SAB.BR;Saboneteira Splash - Branco;;;1979;0,0;0,0;;0;0;0;;;0,0;
1;5.VEDA.2MM.MRC;Veda Fresta 2mm - 6 Metros | Marrom Claro;;;1865;16,79;15,656674999999998;;0;0;0;2023-08-04 11:54:01-03:00;2023-09-03 13:11:25-03:00;0,0;
1;18.CAD.20.VD;Cadeado | SM | 20mm | Verde;;;1948;12,87;10,135124999999999;;0;0;0;2022-12-12 21:21:33-03:00;2023-02-13 06:31:19-03:00;0,0;
1;17.SUP.DUP.27.PT;Suporte Duplo | 27cm | Preto;;;1923;6,73;4,896075000000001;;44;0;44;2024-06-26 00:00:00-03:00;;296,12;
1;39.MAO.RET.40;Mão Francesa Retrátil | 40cm;;;2164;12,554333333333334;11,518600833333334;;0;0;0;;2023-08-03 12:09:11-03:00;0,0;
1;25.TPOR.MET.CR;Trava Porta | Piso Metálico Cromado;;;2016;4,08;3,3456;;0;0;0;2023-03-03 10:27:39-03:00;2023-10-31 20:34:03-03:00;0,0;
1;8.DOBR.4.ZC;Dobradiça Vai e Vem | 4 Polegadas | Zincada;;;1974;40,21;29,252775;;0;0;0;2024-01-16 11:06:20-03:00;2023-10-24 17:35:18-03:00;0,0;
1;17.SERR.DOB;Serrote Dobrável;;;1915;18,98;17,22435;;0;0;0;2023-01-23 00:00:00-03:00;;0,0;
1;24.MOLA.PPZ.BR;Mola Aérea | PPZ200 | Branco;;;2620;122,07;96,74047499999999;;0;0;0;2023-01-20 16:35:38-03:00;;0,0;
1;8.DOBR.3.PT;Dobradiça Vai e Vem | 3 Polegadas | Preta;;;1947;35,43;25,775325;;0;0;0;2024-01-16 11:06:20-03:00;2023-10-30 11:07:49-03:00;0,0;
1;15.BITS.65;Jogo de Bits C/ 10 peças | 65mm;;;1914;9,01;8,284695000000001;;0;0;0;2023-01-24 19:14:00-03:00;2023-10-23 16:41:53-03:00;0,0;
1;17.VELC.BR.125.100;Disco de Lixa Pluma | Branco | Grão  100;;;1908;0,68;0,4947000000000001;;263;0;263;2025-11-03 00:00:00-03:00;2026-05-10 13:44:53-03:00;178,84;
1;6.LA.TRAP.18;Lâmina para Estilete Trapezoidal 10Pçs - 18mm;;;2989;1,9;1,7717499999999997;;46;0;46;2024-06-21 08:11:00-03:00;2026-05-13 14:06:46-03:00;87,39999999999999;
1;17.FITA.18.5.PT;Fita Isolante 18x5m Antichama - Preto;;;2001;1,28;1,1616;;0;0;0;2023-03-10 00:00:00-03:00;2023-10-19 21:42:02-03:00;0,0;
1;17.CHV.MAND.S2;Chave Para Mandril S2;;;1945;3,67;3,330525;;0;0;0;2025-02-11 00:00:00-03:00;2026-04-20 02:29:05-03:00;0,0;
1;13.ROD.SEMT.75;Rodizio Transparente | Sem Trava | 75mm;;;2033;7,82;7,29215;;32;0;32;2024-07-19 16:55:00-03:00;2026-04-15 16:42:52-03:00;250,24;
1;26.ESGUI.P;Esguicho Para Mangueira Tipo P ;;;2038;5,17;4,4849749999999995;;2;0;2;2022-07-21 17:41:00-03:00;2023-09-09 20:52:43-03:00;10,34;
1;20.ESPA.3;Espátula Curva | Inox | 3;;;1913;9,96;9,287700000000001;;0;0;0;2023-05-11 11:25:00-03:00;2023-09-24 22:00:32-03:00;0,0;
1;25.FECH.POL.PT;Fecho Porta Cadeado Polimeto - Preto;;;1973;3,17;2,956025;;0;0;0;2023-03-16 08:40:39-03:00;2023-03-31 16:08:42-03:00;0,0;
1;38.CAB.DOB.INX;Cabide Dobrável | Aço Inox;;;1941;6,37;5,940025;;21;0;21;2024-02-26 13:33:34-03:00;2026-05-12 07:17:10-03:00;133,77;
1;27.LIX.BASIC.2.5.CZ;Lixeira Basic Cinza;;;1917;14,54;12,904250000000001;;0;0;0;2022-02-25 15:48:03-03:00;;0,0;
1;2.MOUS.USB.AZ;Mouse Emborrachado USB | MO226 | Azul;;;1975;17,13;14,860275000000001;;0;0;0;2022-08-30 17:52:00-03:00;;0,0;
1;20.COL.MESA;Colher de  Mesa | Continental ;;;1920;1,71;1,5945749999999999;;0;0;0;2023-05-11 11:25:00-03:00;2023-09-19 11:06:46-03:00;0,0;
1;19.MAND.10MM;Mandril Aperto Rápido | 10mm (3/8);;;1932;12,31;9,694125;;0;0;0;2023-02-13 18:34:00-03:00;;0,0;
1;18.CAD.25.AM;Cadeado | SM | 25mm | Amarelo;;;1940;14,42;11,35575;;0;0;0;2022-12-12 21:21:33-03:00;2026-01-22 16:25:30-03:00;0,0;
1;3.MAL.AID;Maleta de Primeiros Socorros;;;1937;21,74;17,22895;;0;0;0;2024-06-07 09:35:35-03:00;;0,0;
1;24.CAD.CR30.PT;Cadeado | Com Segredo CR30 | Preto;;;2609;20,71;15,066524999999999;;0;0;0;2024-01-15 15:12:56-03:00;2024-08-01 10:54:49-03:00;0,0;
1;24.CAD.CLR.40.PT;Cadeado Com Chave 40mm Latão C/ Capa Preto Color Line;;;1885;0,0;0,0;;0;0;0;;;0,0;
1;42.DUPLA.INT.25MM.2M;Fita Dupla Face |Interna | 25mm x 2m;;;1910;14,2;10,3305;;0;0;0;2023-06-26 19:52:00-03:00;;0,0;
1;20.KIT4.ESPA;KIT 04 Espatula | Aço Inox;;;2002;7,86;7,3294500000000005;;0;0;0;2023-05-11 11:25:00-03:00;;0,0;
1;24.CAD.45;Cadeado | Clássico | 45mm;;;2610;23,94;17,41635;;0;0;0;2024-01-15 15:12:56-03:00;2026-04-18 16:04:27-03:00;0,0;
1;19.FER.SOLD.6W;Ferro para Solda | 6W;;;1958;37,13;30,446600000000004;;0;0;0;2023-03-29 07:10:00-03:00;2024-07-31 13:21:04-03:00;0,0;
1;24.MOLA.PPZ65;Mola de Piso | PPZ65 | Inox;;;1800;163,63;129,67677500000002;;0;0;0;2023-05-08 15:47:54-03:00;2025-03-06 20:32:36-03:00;0,0;
1;19.RISC.145MM;Riscador Tipo Caneta | 145mm;;;1993;12,25;10,10625;;0;0;0;2023-03-29 07:10:00-03:00;2023-08-09 15:35:02-03:00;0,0;
1;2.MOUS.USB.BR;Mouse Emborrachado USB | MO224 | Branco;;;1976;17,08;14,816899999999999;;0;0;0;2022-08-30 17:52:00-03:00;2024-07-31 14:51:41-03:00;0,0;
1;47.ORG.CEST.2.2L.TS;Organizador Clear Fresh | Com cesto | 2,2l | NT;;;1938;22,52;19,198299999999996;;0;0;0;2024-03-05 16:12:48-03:00;;0,0;
1;25.FECH.LIVR.CR;Fechadura Livre/Ocupado - Cromado;;;1982;20,05;17,393375;;0;0;0;2023-03-13 14:47:46-03:00;2023-07-17 23:19:42-03:00;0,0;
1;17.DOB.3.PT;Dobradiça Vai-vem | 3 Pol. | Preta;;;2030;11,255;10,213912500000001;;13;0;13;;2026-05-09 11:57:42-03:00;146,315;
1;4.DISP.VD;Dispenser de Parede Verde;;;1918;0,0;0,0;;5;0;5;;;0,0;
1;34.PIN.3.RS;Pino Metal | 3cm Rose;;;1985;11,39;9,026575;;0;0;0;2022-08-09 15:29:00-03:00;2023-02-07 19:47:02-03:00;0,0;
1;6.DISC.24D;Disco de Serra Circular 20x110 - 24 Dentes ;;;1980;6,14;5,694850000000001;;0;0;0;2022-03-14 10:30:00-03:00;;0,0;
1;27.LIX.PRESS.5.PT;Lixeira Press | 5 Litros | Preta;;;2036;29,86;26,500750000000004;;0;0;0;2022-02-25 15:48:03-03:00;;0,0;
1;25.MOLA.A530.F2.PT;Mola Aérea A530 Força 2 - Preto;;;2028;87,45;81,54712500000001;;0;0;0;2022-06-22 12:05:55-03:00;2023-07-24 18:42:20-03:00;0,0;
1;26.FITA.AZ;Fita Isolante 18x5m Antichama - Azul;;;2060;1,01;0,9897999999999999;;0;0;0;2022-06-27 15:27:00-03:00;2023-08-11 15:05:49-03:00;0,0;
1;24.CAD.50.PT;Cadeado de Aço Lâminado | 50mm | Preto;;;2162;58,92;42,86430000000001;;0;0;0;2024-01-15 15:12:56-03:00;2024-07-31 12:32:55-03:00;0,0;
1;6.BROC.SDS.8.160;Broca Concreto SDS Plus | 8.0 x 160mm;;;2084;2,96;2,7217200000000004;;108;0;108;2025-03-05 08:20:00-03:00;2026-05-05 08:16:56-03:00;319,68;
1;13.TRAV.PISO;Prende Porta | De piso;;;1951;4,79;4,311;;25;0;25;2026-02-09 10:01:00-03:00;2026-03-31 22:00:04-03:00;119,75;
1;6.ESP.CRUZ.3;Espaçador Piso Cruzeta 3;;;2979;1,53;1,3846500000000002;;0;0;0;2022-03-14 10:30:00-03:00;;0,0;
1;26.FER.SOLD.60.220;Ferro de Solda 60w 220V;;;2011;17,95;16,244749999999996;;0;0;0;2022-04-25 13:20:00-03:00;2023-10-19 10:49:13-03:00;0,0;
1;19.CINTA.800KG;Cinta para Carga | 800kg;;;1931;27,05;19,678874999999998;;2;0;2;2023-02-13 18:34:00-03:00;2023-08-14 07:40:39-03:00;54,1;
1;11.PF.1.4.45;Parafuso 1/4 x 45mm - Zincado | 100 Peças ;;;2003;0,1865;0,14780125000000002;;0;0;0;;;0,0;
1;24.CAD.70;Cadeado | Clássico | 70mm;;;2613;46,38;33,74145;;0;0;0;2024-02-19 18:45:24-03:00;2025-04-11 17:32:40-03:00;0,0;
1;25.SUP.MOLA.A530.BR;Suporte Mola Aérea A530 P/ Vidro - Branco;;;2025;30,81;28,730324999999997;;0;0;0;2022-12-13 17:01:11-03:00;2023-09-28 21:25:43-03:00;0,0;
1;7.FIO.5;Passa Puxa Fio | 05 Metros;;;1989;5,97;5,417775;;0;0;0;2023-06-02 18:44:25-03:00;2025-05-17 12:07:15-03:00;0,0;
1;5.GAN.BR.RED;Gancho de Metal | Branco | Redondo;;;2079;13,79;11,755975;;0;0;0;2023-02-27 12:11:41-03:00;2023-07-09 11:35:56-03:00;0,0;
1;38.CAB.ESP.45;Cabide Espiral | 45cm;;;1766;10,69;9,968425;;5;0;5;2024-02-26 13:33:34-03:00;2026-04-19 10:15:37-03:00;53,449999999999996;
1;4.BELLA.BR;Bella Bomba Branca;;;2071;18,3;14,22825;;0;0;0;2022-02-23 08:54:11-03:00;;0,0;
1;47.ORG.CEST.5L.TS;Organizador Clear Fresh | Com Cesto | 5l | NT;;;2040;33,57;28,618425000000002;;0;0;0;2024-03-05 16:12:48-03:00;;0,0;
1;4.MESA.BR;MESA SUPER PRATICA;;;2026;38,56;29,498400000000004;;0;0;0;2022-04-14 09:58:55-03:00;;0,0;
1;3.ESPR.FRUT;Espremedor de Frutas ;;;2083;1,77;1,4027250000000002;;20;0;20;2025-01-24 14:28:14-03:00;2026-05-12 22:18:48-03:00;35,4;
1;18.CAD.25.VM;Cadeado | SM | 25mm | Vermelho;;;2093;14,42;11,35575;;0;0;0;2022-12-12 21:21:33-03:00;2025-04-28 07:52:39-03:00;0,0;
1;47.ORG.OVO.14UN.TS;Organizador de Ovos | Roll Clear Fresh | 14un;;;2007;23,28;19,846200000000003;;0;0;0;2024-03-05 16:12:48-03:00;;0,0;
1;27.LIX.BASIC.2.5.BR;Lixeira Basic Branca;;;1997;15,11;12,881275;;0;0;0;2022-05-13 20:28:00-03:00;;0,0;
1;47.ORG.OVO.18UN.TS;Organizador de ovos | Clear Fresh | 18un | NT;;;2006;24,7;21,05675;;0;0;0;2024-03-05 16:12:48-03:00;2024-07-31 14:19:45-03:00;0,0;
1;4.BOMB.RX;Bomba Para Refrigerante - Roxo;;;1998;5,1;3,8759999999999994;;0;0;0;2023-09-06 07:53:04-03:00;2024-08-01 15:06:02-03:00;0,0;
1;24.FEC.MOV;Cilindro de pressão | ART206;;;1999;13,45;10,659125;;0;0;0;2023-11-10 19:00:59-03:00;2023-10-31 10:41:24-03:00;0,0;
1;1.TS.PT.100;Trilho Simples | Preto | 100cm;;;1772;12,57;9,898875;;0;0;0;2023-04-18 17:05:00-03:00;2026-04-16 16:42:40-03:00;0,0;
1;17.LONA.5X3;Lona 75G | 5x3 | Azul;;;2078;41,08;37,280100000000004;;2;0;2;2025-03-31 00:00:00-03:00;2026-02-09 20:30:35-03:00;82,16;
1;42.DUPLA.INT.25MM.20M;Fita Dupla Face |Interna | 25mm x 20m;;;2074;59,79;43,49722499999999;;0;0;0;2023-06-26 19:52:00-03:00;2023-10-29 10:46:52-03:00;0,0;
1;26.CHV.MAND;Chave Para Mandril 13mm  (1/2);;;2019;2,72;2,5010400000000006;;0;0;0;2022-07-21 17:41:00-03:00;;0,0;
1;24.MOLA.PPZ.PT;Mola Aérea | PPZ200 | Preto;;;2614;122,07;96,74047499999999;;0;0;0;2023-01-20 16:35:38-03:00;;0,0;
1;47.ORG.OVO.21UN.TS;Organizador de Ovos | Roll Clear Fresh | 21un;;;2014;28,83;24,577575000000003;;0;0;0;2024-03-05 16:12:48-03:00;;0,0;
1;18.CAD.EXEC.BRA;Cadeado | Executive | Brasil;;;2068;32,73;28,393274999999996;;0;0;0;2022-12-12 21:21:33-03:00;2023-04-27 21:35:16-03:00;0,0;
1;45.GAN.ACE.ESC;Gancho de Rede | Acetinado Escovado;;;1742;22,69;18,605800000000002;;0;0;0;2024-01-22 09:48:00-03:00;2024-08-01 10:13:34-03:00;0,0;
1;6.DISC.FLAP.40.180;Disco Flap | 180mm | Grão 40;;;2200;6,01;5,213674999999999;;56;0;56;2025-04-04 08:11:00-03:00;2026-04-30 23:06:02-03:00;336,56;
1;26.KIT.GRAMPE;Kit Grampeador Profissional + 600 Grampos;;;2053;46,92;43,142939999999996;;0;0;0;2022-07-21 17:41:00-03:00;;0,0;
1;35.ROD.LA.COMT;Rodízio Laranja | RP50 C/ Trava;;;2101;11,75;10,663124999999999;;150;0;150;2023-02-09 00:00:00-03:00;2025-05-20 15:31:29-03:00;1762,5;
1;34.PIN.4.CR;Pino Metal | 4cm Cromado;;;2012;10,97;8,693725;;7;0;7;2022-08-09 15:29:00-03:00;;76,79;
1;27.DISP.FLAT.500.MRC;Dispenser Flat Lgr 500ml - Warm Grey;;;2077;17,02;14,50955;;0;0;0;2023-05-10 20:02:04-03:00;2024-07-31 14:34:57-03:00;0,0;
1;18.CAD.LAT.30;Cadeado | Latão | 30mm;;;2096;13,03;10,261125;;0;0;0;2022-12-12 21:21:33-03:00;;0,0;
1;27.LOUÇA.SING.AM;Escorredor de Louça Single - Amarelo;;;1675;15,81;14,031374999999999;;10;0;10;2022-02-25 15:48:03-03:00;;158,1;
1;17.TS.PT.200;Trilho Simples | 200cm | Preto;;;2035;20,73;15,081075;;0;0;0;2023-07-24 00:00:00-03:00;2023-10-25 11:49:54-03:00;0,0;
1;48.TUC.G.CR;Suporte Tucano | Grande | Cromado;;;1720;11,61;9,142874999999998;;45;0;45;2023-11-30 10:43:33-03:00;2026-01-16 13:10:25-03:00;522,4499999999999;
1;42.FITA.DEMARC.PT;Fita de Demarcação | 48 x 15m | Preta;;;2032;10,73;9,415575;;1;0;1;2023-08-26 14:27:00-03:00;2025-04-06 09:20:04-03:00;10,73;
1;25.CIL.53.CR;Cilindro 53mm | Cromado;;;2015;11,37;9,863475;;0;0;0;2023-11-28 22:07:32-03:00;2024-08-01 09:57:05-03:00;0,0;
1;6.BROC.SDS.10.160;Broca Concreto SDS Plus | 10.0 x 160mm;;;1760;3,32;3,1456999999999997;;0;0;0;2022-02-08 17:33:00-03:00;2023-06-08 13:44:38-03:00;0,0;
1;24.CAD.30;Cadeado | Clássico | 30mm;;;1850;11,22;8,162550000000001;;0;0;0;2023-02-16 21:07:45-03:00;2026-01-25 13:32:29-03:00;0,0;
1;47.PORT.FRIO.DUP.TS;Porta Frio | Clear | Duplo | NT;;;2042;27,71;23,622775;;0;0;0;2024-03-05 16:12:48-03:00;2025-02-22 11:38:13-03:00;0,0;
1;38.ESC.INX;Escova Sanitária | Aço Inox;;;2024;11,49;9,967575;;0;0;0;2024-02-26 13:33:34-03:00;;0,0;
1;27.LIX.PRESS.5.MRC;Lixeira Press | 5 Litros | Marrom Claro;;;2037;29,86;26,500750000000004;;0;0;0;2022-02-25 15:48:03-03:00;;0,0;
1;47.ORG.OVO.36UN.TS;Organizador de ovos | Clear Fresh | 36un | NT;;;2013;29,72;25,336299999999998;;0;0;0;2024-03-05 16:12:48-03:00;2024-07-31 14:56:48-03:00;0,0;
1;2.MOUS.USB.CZ;Mouse Emborrachado USB | MO225 | Cinza;;;1981;20,67;17,931225;;0;0;0;2022-08-30 17:52:00-03:00;2023-08-23 04:26:16-03:00;0,0;
1;27.SAND.MR;Sanduba Nutri | Marrom;;;2064;9,29;7,919725;;0;0;0;2024-03-05 15:06:02-03:00;2023-10-23 22:40:18-03:00;0,0;
1;27.OVAL.ARE;Escorredor de Talheres Oval |Areia;;;2104;9,66;8,235149999999999;;0;0;0;2024-01-22 13:40:03-03:00;2025-05-21 02:29:20-03:00;0,0;
1;42.FITA.DEMARC.AM;Fita de Demarcação | 48 x 15m | Amarelo;;;2142;10,73;9,415575;;0;0;0;2023-08-26 14:27:00-03:00;2023-08-17 14:55:32-03:00;0,0;
1;6.DISC.VELC.80.125;Disco de Lixa Velcro - 125mm | Grão 80;;;2135;0,38;0,32965;;442;0;442;2025-08-12 08:26:00-03:00;2026-05-03 19:18:08-03:00;167,96;
1;27.DISP.SING.MRC;Dispenser Single - Warm Grey;;;2105;8,47;7,220675000000001;;0;0;0;2024-10-22 19:30:03-03:00;2025-02-25 15:42:55-03:00;0,0;
1;18.CAD.20.RS;Cadeado | SM | 20mm | Magenta;;;2049;12,87;10,135124999999999;;0;0;0;2022-12-12 21:21:33-03:00;2023-07-01 05:53:20-03:00;0,0;
1;52.PRF.VASO.10;PARAF. SANITARIO LUXO LATONADO BUCHA 10;;;2051;1,19;1,0799249999999998;;0;0;0;2024-12-16 16:18:58-03:00;;0,0;
1;47.ORG.30X15X7.TAMP;Organizador Clear | Com tampa | 30x15x7cm | NT;;;2043;21,82;18,60155;;0;0;0;2024-03-05 16:12:48-03:00;;0,0;
1;26.RALO.RED;Ralo Click Redondo - 9,7cm;;;2052;19,72;17,748;;0;0;0;2022-06-27 15:27:00-03:00;;0,0;
1;17.BOMB.400G;Bomba de Graxa - 400g;;;2067;33,19;26,137124999999997;;0;0;0;2024-01-03 00:00:00-03:00;;0,0;
1;42.GAN.RET.P;Gancho Topazio | Plástico | P;;;2065;12,16;9,241599999999998;;0;0;0;2023-06-26 19:52:00-03:00;;0,0;
1;27.CJ.PAN.5.GRAN;Cj De Panela Granada | Indução | 05 Peças;;;2082;382,02;356,23364999999995;;0;0;0;2023-07-12 18:56:01-03:00;;0,0;
1;37.CAD.VM;Cadeado | Segredo | 25mm | Vermelho;;;2156;9,59;7,552125;;0;0;0;2025-04-29 05:33:00-03:00;2025-05-13 10:14:04-03:00;0,0;
1;42.FITA.ISOL.20M;Fita Isolante | 20m;;;2107;3,49;3,062475;;0;0;0;2023-06-26 19:52:00-03:00;;0,0;
1;11.BROC.MAD.10;Broca para Madeira | 10mm;;;2057;1,57;1,2238149999999999;;0;0;0;2022-10-19 11:39:34-03:00;2023-06-05 08:02:30-03:00;0,0;
1;17.SACA.3;Saca Polia Manual 3 Pontas 3 Polegadas 75mm;;;2099;19,62;17,80515;;0;0;0;2025-03-12 00:00:00-03:00;2025-05-27 16:30:00-03:00;0,0;
1;27.LIX.SING.MRC;Lixeira Single 2,5l - Warm Gray;;;2170;12,0;10,229999999999999;;0;0;0;2024-10-22 19:30:03-03:00;2025-03-08 11:50:31-03:00;0,0;
1;26.FITA.PT;Fita Isolante 18x5m Antichama - Preta;;;2041;1,01;0,9897999999999999;;0;0;0;2022-06-27 15:27:00-03:00;2023-10-25 04:03:43-03:00;0,0;
1;27.DISP.SING.AM;Dispenser Single - Amarelo;;;2106;8,91;7,595775000000001;;0;0;0;2022-07-05 23:59:55-03:00;2023-09-20 12:21:29-03:00;0,0;
1;27.ORG.SING.BR;Organizador Single - Branco ;;;2153;6,28;5,3537;;0;0;0;2024-07-26 23:32:01-03:00;2025-05-23 22:37:10-03:00;0,0;
1;27.TAP.SING.VD;Tapete de Pia | Single | Verde Claro;;;2160;7,6;6,478999999999999;;3;0;3;2023-10-27 02:04:03-03:00;2026-04-25 12:07:54-03:00;22,799999999999997;
1;26.FITA.VM;Fita Isolante 18x5m Antichama - Vermelha;;;2045;0,79;0,7742000000000001;;0;0;0;2023-05-15 10:14:00-03:00;2023-08-11 15:05:49-03:00;0,0;
1;17.DISC.DIAM.200;Disco Diamantado Velcro | Grão 200;;;2118;10,94;7,958850000000001;;6;0;6;2023-10-23 00:00:00-03:00;;65,64;
1;37.CAD.CLR.25.VM;Cadeado | Segredo | Colors | 25mm | Vermelho;;;2143;13,31;10,481625000000003;;0;0;0;2024-10-31 05:51:00-03:00;2023-07-29 22:01:09-03:00;0,0;
1;17.LONA.3X2;Lona 75G | 3x2 | Azul;;;2100;17,22;15,627149999999999;;0;0;0;2025-11-03 00:00:00-03:00;2026-01-16 13:53:21-03:00;0,0;
1;24.CAD.60;Cadeado | Clássico | 60mm;;;1971;35,67;25,949925;;0;0;0;2024-02-19 18:45:24-03:00;2024-07-31 14:47:43-03:00;0,0;
1;27.LIX.PRESS.5.RS;Lixeira Press | 5 Litros | Rosa;;;2095;29,86;26,500750000000004;;0;0;0;2022-02-25 15:48:03-03:00;;0,0;
1;3.CX.RAT.PT.15;Caixa Organizadora Preta 15 Litros;;;2109;10,7;8,854249999999999;;0;0;0;2021-11-23 10:31:02-03:00;;0,0;
1;26.TRA.BIKE.AZ;Trava Para Bicicleta Azul;;;2048;8,64;7,495200000000001;;0;0;0;2022-07-21 17:41:00-03:00;2023-07-29 22:01:09-03:00;0,0;
1;6.SACA.8;"Saca Polia | 3 Garras | 8""";;;3002;33,92;31,189440000000005;;0;0;0;2024-01-22 13:25:00-03:00;2024-07-31 11:11:24-03:00;0,0;
1;17.MINI.AR;Mini Bomba Ar para Bicicleta;;;2146;21,51;15,648525000000003;;0;0;0;2023-01-23 00:00:00-03:00;2023-08-01 22:05:36-03:00;0,0;
1;27.TAP.SING.MRC;Tapete de Pia | Single | Marrom Claro;;;2155;10,14;8,644350000000001;;1;0;1;2024-03-05 15:06:02-03:00;2026-02-18 09:45:44-03:00;10,14;
1;27.FAQ.24PCS;Faqueiro Siena | 24 Peças;;;2127;47,51;40,502275;;0;0;0;2023-04-03 12:20:03-03:00;;0,0;
1;27.CUSC.IND;Cuscuzeira | Individual;;;2085;65,0;60,612500000000004;;38;0;38;2022-10-06 15:22:03-03:00;2023-02-14 13:43:56-03:00;2470,0;
1;34.GAN.U;Gancho em U | Para Painel;;;2115;3,74;3,01818;;0;0;0;2022-08-09 15:29:00-03:00;;0,0;
1;27.TRIO.BR;Pote Clear | Trio | Branco;;;2168;26,58;22,65945;;0;0;0;2024-03-05 15:06:02-03:00;;0,0;
1;27.LIX.SING.BR;Lixeira Single 2,5l  - Branco;;;2148;12,0;10,229999999999999;;0;0;0;2024-10-22 19:30:03-03:00;2023-08-29 23:34:10-03:00;0,0;
1;17.SACA.6;Saca Polia Manual 3 Pontas 6 Polegadas 150mm;;;2145;33,34;30,256050000000005;;0;0;0;2024-02-23 00:00:00-03:00;2026-02-04 18:14:15-03:00;0,0;
1;29.SUP.TS.BR.15;Suporte para Trilho | Branco | 15cm;;;2158;3,12;2,4726;;0;0;0;2022-10-31 13:15:00-03:00;2023-10-11 14:29:48-03:00;0,0;
1;27.LIX.TAMPA.4.VM;Lixeira Tampa Vermelha;;;2171;28,05;23,912625000000006;;0;0;0;2022-05-13 20:28:00-03:00;;0,0;
1;27.LIX.FLAT.2.8.MRC;Lixeira Flat 2,8l - Marrom Claro (WG);;;2131;27,4;23,358499999999996;;5;0;5;2024-01-22 13:40:03-03:00;2026-05-08 12:43:33-03:00;137,0;
1;27.COL.FLEX;Colher Flexível - Vanilla;;;2088;15,64;14,5843;;0;0;0;2023-04-04 22:50:01-03:00;;0,0;
1;27.UNO.NT;Pote Clear | Uno | Natural;;;2161;11,08;9,445700000000002;;0;0;0;2024-03-05 15:06:02-03:00;2025-02-25 12:44:36-03:00;0,0;
1;27.UNO.MR;Pote Clear | Uno | Marrom;;;2152;11,08;9,445700000000002;;0;0;0;2024-03-05 15:06:02-03:00;2025-05-01 06:20:42-03:00;0,0;
1;27.CHA.2.7.INX;Chaleira Apito | 2,7 Litros | Aço Inox;;;2086;67,34;62,79455;;44;0;44;2023-10-27 17:06:05-03:00;;2962,96;
1;27.CJ.FRIO;Conjunto Para Frios | 03 Peças;;;2069;25,58;21,806949999999997;;0;0;0;2023-12-18 23:22:01-03:00;2025-05-05 20:32:08-03:00;0,0;
1;26.MAND.CHV.ADP;Mandril 13mm + Chave 13mm + Adaptador (Blister);;;2047;20,2;18,5739;;0;0;0;2022-07-21 17:41:00-03:00;;0,0;
1;3.BAN.5.BR;Acessórios Para Banheiro | 5 Peças | Branco;;;2114;13,13;9,9788;;0;0;0;2023-02-10 10:00:24-03:00;2023-10-16 15:33:50-03:00;0,0;
1;4.CAB.TRI.AZ;Cabide Triangulo Azul;;;2108;1,86;1,53915;;0;0;0;2022-02-23 08:54:11-03:00;;0,0;
1;5.NUM.2.ESC;Número Residêncial | Escovado | 2;;;2924;7,36;5,796000000000001;;0;0;0;2023-05-03 11:52:25-03:00;2026-04-16 09:44:34-03:00;0,0;
1;42.COLA.MOV.20G;Adesivo Instantâneo | Moveleiro | 20g;;;2080;4,56;3,3174;;0;0;0;2024-01-22 21:33:00-03:00;;0,0;
1;42.BUMP.QUAD.G.8PC;Bumper Quadrado | G | 8 Peças;;;1718;8,5;7,45875;;6;0;6;2023-06-26 19:52:00-03:00;2026-05-08 09:12:56-03:00;51,0;
1;27.LIX.SING.AZ;Lixeira Single Azul;;;2177;12,15;10,357874999999998;;0;0;0;2022-06-09 09:04:03-03:00;2023-10-31 14:06:05-03:00;0,0;
1;15.MF.VID.30;Mão Francesa Para Vidro | 30cm;;;1956;3,74;3,48755;;4;0;4;2025-11-21 20:19:00-03:00;2026-03-25 10:13:12-03:00;14,96;
1;47.DISP.PRM.500.BG;Dispenser Premium | 500ml | Bege;;;1754;17,13;14,603324999999998;;0;0;0;2024-03-05 16:12:48-03:00;2025-05-27 21:59:21-03:00;0,0;
1;27.GRAD.MRC;Grade de Pia | Basic | Marrom Claro;;;2240;9,9;8,43975;;1;0;1;2024-02-07 00:40:06-03:00;2026-01-29 09:43:46-03:00;9,9;
1;17.NVL.12;"Nível de 12"" - Com 3 bolhas";;;2140;14,82;11,670750000000002;;2;0;2;2024-12-20 00:00:00-03:00;2026-05-10 16:20:34-03:00;29,64;
1;11.CHV.TOCO;Chave Toco | 3/16;;;2213;0,79;0,615805;;10;0;10;2023-08-29 07:11:34-03:00;;7,9;
1;27.PIPOC.VM;Pipoqueira Vermelha;;;2150;74,01;63,093525000000014;;0;0;0;2023-12-18 23:22:01-03:00;2023-02-12 20:08:37-03:00;0,0;
1;27.GRAD.VM;Grade de Pia | Basic | Vermelho;;;2134;11,35;9,675875;;0;0;0;2024-10-22 19:30:03-03:00;2024-09-30 18:40:31-03:00;0,0;
1;4.CAB.AD.VAC;Cabide Vaca;;;2112;2,2;1,8205000000000002;;0;0;0;2022-02-23 08:54:11-03:00;;0,0;
1;42.FITA.DEMARC.AZ;Fita de Demarcação | 48 x 15m | Azul;;;2124;10,73;9,415575;;0;0;0;2023-11-28 23:29:00-03:00;;0,0;
1;27.LIX.TAMPA.4.CZ;Lixeira Tampa Cinza;;;2163;28,05;23,912625000000006;;0;0;0;2022-05-13 20:28:00-03:00;;0,0;
1;27.LIX.PRESS.5.BR;Lixeira Press | 5 Litros | Branca;;;2122;29,86;26,500750000000004;;0;0;0;2022-02-25 15:48:03-03:00;;0,0;
1;27.LIX.FLAT.2.8.AZ;Lixeira Flat Azul;;;2166;27,41;23,367024999999998;;0;0;0;2022-06-09 09:04:03-03:00;;0,0;
1;27.LIX.FLAT.2.8.CZ;Lixeira Flat 2,8l - Cinza;;;2139;27,07;23,077175;;0;0;0;2022-07-05 23:59:55-03:00;;0,0;
1;27.LIX.SING.PT;Lixeira Single 2,5l - Preto;;;2231;11,7;9,97425;;0;0;0;2024-03-05 15:06:02-03:00;2026-04-16 03:34:48-03:00;0,0;
1;48.TUC.M.PT;Suporte Tucano | Médio | Preto;;;1755;5,5;4,33125;;14;0;14;2024-05-07 10:22:24-03:00;2026-01-20 22:08:57-03:00;77,0;
1;34.SUP.INV.40;Suporte Invisível | 40cm;;;2238;8,57;7,027400000000001;;42;0;42;2026-03-19 10:35:10-03:00;2026-05-07 00:17:46-03:00;359,94;
1;15.KIT.LAVA.BR;KIT Banheiro Lavabo | Branco;;;1952;12,86;11,991950000000001;;12;0;12;2024-01-31 10:32:00-03:00;;154,32;
1;25.MOLA.A530.F2.BR;Mola Aérea A530 Força 2 - Branco;;;2210;81,81;76,287825;;0;0;0;2022-10-05 06:10:26-03:00;2023-03-08 20:31:07-03:00;0,0;
1;15.TD.PT.200;Trilho Duplo | Preto | 2 Metros;;;3049;17,28;16,1136;;50;0;50;2025-08-28 19:12:00-03:00;;864,0;
1;37.CAD.BR;Cadeado | Segredo | 25mm | Branco;;;2218;8,96;7,056;;0;0;0;2024-08-28 05:44:00-03:00;2026-04-10 15:58:36-03:00;0,0;
1;48.TUC.PP.BR;Suporte Tucano | PP | Branco;;;1750;3,4;2,6775;;64;0;64;2024-05-07 10:22:24-03:00;2025-05-08 12:15:15-03:00;217,6;
1;27.MARM.RX;Marmita Hermética Nutri | Lilás;;;2176;15,98;13,622950000000001;;8;0;8;2024-10-22 19:30:03-03:00;2025-05-21 21:28:22-03:00;127,84;
1;27.LIX.BASIC.2.5.PT;Lixeira Basic Preta;;;2236;14,13;12,045825;;0;0;0;2022-07-05 23:59:55-03:00;2023-05-09 11:06:02-03:00;0,0;
1;8.DOBR.3.OU;Dobradiça Vai e Vem | 3 Polegadas | Ouro;;;2201;35,43;25,775325;;2;0;2;2024-01-16 11:06:20-03:00;2025-11-25 16:43:56-03:00;70,86;
1;42.GAN.RET.M;Gancho Topazio | Plástico | M;;;2183;12,72;9,6672;;30;0;30;2023-06-26 19:52:00-03:00;2026-05-12 07:17:10-03:00;381,6;
1;26.FITA.BR;Fita Isolante 18x5m Antichama - Branca;;;2226;0,79;0,7742000000000001;;0;0;0;2023-05-15 10:14:00-03:00;2024-08-01 10:35:23-03:00;0,0;
1;6.JOGO.7PC;Jogo de Bolso | Chave Allen | 1,5 a 8mm;;;1775;11,67;10,730565;;0;0;0;2023-05-10 09:26:00-03:00;;0,0;
1;26.CUNHA.TS;(PAR) Aparador de Porta tipo Cunha;;;2223;5,44;5,249600000000001;;0;0;0;2023-10-31 14:21:00-03:00;2023-10-29 22:35:29-03:00;0,0;
1;6.GRA.U.12;Grampo U | 1,2x12x6,3mm;;;2133;4,32;4,0284;;5;0;5;2022-06-15 15:53:00-03:00;2025-03-15 19:17:10-03:00;21,6;
1;17.PULV.PET;Pulverizador Manual | Garrafa Pet;;;2179;5,65;4,1103749999999994;;0;0;0;2022-11-08 00:00:00-03:00;2024-08-01 09:56:29-03:00;0,0;
1;24.CAD.35;Cadeado | Clássico | 35mm;;;2211;14,56;10,5924;;0;0;0;2023-02-16 21:07:45-03:00;2025-05-28 09:47:57-03:00;0,0;
1;11.BROC.MAD.9;Broca para Madeira | 9mm;;;2222;1,22;0,95099;;1;0;1;2022-10-19 11:39:34-03:00;2026-04-08 16:47:12-03:00;1,22;
1;15.KIT.LAVA.PT;KIT Banheiro Lavabo | Preto;;;2017;12,86;11,991950000000001;;36;0;36;2024-01-31 10:32:00-03:00;;462,96;
1;19.VASEL.450G;Vaselina Sólida | Industrial | 450g;;;2208;12,36;8,9919;;0;0;0;2023-10-25 09:54:00-03:00;2024-07-31 13:58:57-03:00;0,0;
1;27.DUO.BR;Pote Clear | Duo | Branco;;;2172;19,94;16,99885;;0;0;0;2024-03-05 15:06:02-03:00;;0,0;
1;27.DUO.NT;Pote Clear | Duo | Natural;;;2169;19,94;16,99885;;0;0;0;2024-03-05 15:06:02-03:00;2025-04-30 06:34:52-03:00;0,0;
1;27.POT.FLIP.1L;Pote Hermético Flip |  1l;;;2151;9,99;9,315675;;0;0;0;2023-10-27 02:04:03-03:00;;0,0;
1;25.MOLA.A530.F4.PT;Mola Aérea A530 Força 4 - 85kg Preto;;;2216;107,02;99,79615;;0;0;0;2022-12-13 17:01:11-03:00;2023-09-27 10:53:10-03:00;0,0;
1;18.CAD.20.PT;Cadeado | SM | 20mm | Preto;;;2233;12,87;10,135124999999999;;0;0;0;2022-12-12 21:21:33-03:00;2023-02-13 03:22:24-03:00;0,0;
1;27.DISP.SING.BRC;Dispenser Single - Branco Acinzentado;;;2130;6,49;5,532725;;0;0;0;2025-01-24 14:46:02-03:00;2026-03-30 18:26:19-03:00;0,0;
1;18.CAD.LAT.35;Cadeado | Latão | 35mm;;;2207;17,44;13,734;;0;0;0;2022-12-12 21:21:33-03:00;;0,0;
1;27.DISP.SING.VM;Dispenser Single - Vermelho ;;;2111;6,49;5,532725;;0;0;0;2025-01-24 14:46:02-03:00;2024-07-31 14:53:15-03:00;0,0;
1;27.ORG.SING.PT;Organizador Single - Preto;;;2165;6,46;5,50715;;0;0;0;2025-01-24 14:46:02-03:00;2025-05-27 21:34:03-03:00;0,0;
1;27.ESC.INX;Escova P/ Banheiro | Aço Inox;;;2117;39,45;36,787125;;0;0;0;2023-10-27 17:06:05-03:00;;0,0;
1;27.ORG.SING.VM;Organizador Single - Vermelho;;;2187;6,28;5,3537;;36;0;36;2024-10-22 19:30:03-03:00;2025-05-25 22:44:15-03:00;226,08;
1;17.CORT.VID.3;Cortador de Vidro #3;;;2110;1,88;1,4899;;13;0;13;;2026-04-20 13:48:04-03:00;24,439999999999998;
1;26.SOQ.E27.FLEX;Soquete E27 Flexível;;;2235;20,54;19,8211;;0;0;0;2023-10-31 14:21:00-03:00;2024-08-01 15:52:28-03:00;0,0;
1;15.SUP.TS.PT.20;Suporte P/ Trilho | Preto | 20cm;;;1959;2,28;2,1260999999999997;;178;0;178;2026-02-05 20:31:00-03:00;2026-02-27 01:08:08-03:00;405,84;
1;26.ESTNHO.1.40;Estanho de Solda 1,0mm 40g;;;2205;6,73;5,838275000000001;;80;0;80;2022-07-21 17:41:00-03:00;2026-04-20 17:24:58-03:00;538,4000000000001;
1;17.LONA.6X4;Lona 75G | 6x4 | Azul;;;2182;68,04;61,74630000000001;;0;0;0;2025-11-03 00:00:00-03:00;2026-04-16 18:09:44-03:00;0,0;
1;27.TRIO.MR;Pote Clear | Trio | Marrom;;;2178;26,58;22,65945;;0;0;0;2024-03-05 15:06:02-03:00;;0,0;
1;4.ABRI.BR;Abridor de Pote de Conserva | Branco;;;2264;2,09;1,6563249999999998;;0;0;0;2025-02-11 14:26:07-03:00;2024-07-31 14:59:44-03:00;0,0;
1;42.TINT.PTB.350ML;Tinta Aerossol | Preto Brilhante | 350ml;;;1768;9,77;7,4252;;0;0;0;2023-06-26 19:52:00-03:00;2023-10-26 11:53:15-03:00;0,0;
1;1.TS.PT.50;Trilho Simples | Preto | 50cm;;;2297;5,9;4,64625;;1;0;1;2024-01-30 14:40:00-03:00;2026-04-22 12:26:31-03:00;5,9;
1;19.EST.150G;Estopa Branca | 150g;;;2209;2,09;1,5204749999999998;;9;0;9;2023-10-25 09:54:00-03:00;2025-05-19 23:46:06-03:00;18,81;
1;24.CAD.CR30.BR;Cadeado | Com Segredo CR30 | Branco;;;2285;0,0;0,0;;0;0;0;;2023-03-04 09:10:44-03:00;0,0;
1;30.ROD.38X38.PT;Rodízio SQ40 | HC 38x38 | Preto;;;2279;2,43;1,8468000000000002;;0;0;0;2024-04-25 15:24:48-03:00;2025-04-08 20:24:55-03:00;0,0;
1;38.ROLO.10X17;Rolo Tira Pelos | 10x17;;;2227;5,76;5,5584;;0;0;0;2023-01-27 15:48:13-03:00;2025-11-16 06:52:25-03:00;0,0;
1;13.FECH.16.31;Fechadura c/ Batente | 16 x 31;;;1627;3,18;2,96535;;0;0;0;2023-03-22 13:44:00-03:00;2025-02-12 22:50:13-03:00;0,0;
1;26.CUT.8;Cutelo Com Furo Em Aço - 8 Polegadas;;;2212;27,88;25,998099999999997;;0;0;0;2023-10-31 14:21:00-03:00;2023-10-30 13:39:23-03:00;0,0;
1;42.BUMP.RED.M.8PC;Bumper Redondo | M | 8 unidades;;;2188;9,45;8,292375;;2;0;2;2023-06-26 19:52:00-03:00;;18,9;
1;29.SUP.TS.BR.40;Suporte para Trilho | Branco | 40cm;;;2175;5,75;4,556875;;0;0;0;2024-08-23 13:06:00-03:00;;0,0;
1;27.TAP.SING.VM;Tapete de Pia | Single | Vermelho;;;2241;10,14;8,644350000000001;;0;0;0;2024-03-05 15:06:02-03:00;2025-05-01 08:00:35-03:00;0,0;
1;29.TS.CZ.50;Trilho Simples para Cantoneira | Cinza | 50cm;;;2269;5,09;4,033825;;32;0;32;2022-06-15 13:46:00-03:00;;162,88;
1;13.DOB.FIX.RET;Dobradiça | Calço Fixo | Reta;;;2197;1,64;1,4226999999999996;;398;0;398;2025-04-22 13:37:00-03:00;2026-05-07 14:06:48-03:00;652,7199999999999;
1;33.FUME.PT.STR.50;Rodízio Fumê | Preto | Sem Trava | 50mm;;;2359;6,33;5,902725;;0;0;0;2022-06-30 14:07:00-03:00;2023-07-28 10:48:25-03:00;0,0;
1;17.CAD.TETRA.120;Cadeado Para Moto | Chave Tetra | 120 x 24mm;;;2199;43,84;31,893600000000006;;76;0;76;2023-07-24 00:00:00-03:00;2024-07-31 12:57:45-03:00;3331,84;
1;42.FITA.DEMARC.VM;Fita de Demarcação | 48 x 15m | Vermelho;;;2204;10,73;9,415575;;11;0;11;2023-08-26 14:27:00-03:00;2026-01-20 09:12:37-03:00;118,03;
1;19.DISC.MAD;Disco para Madeira | DMV110;;;2215;19,56;15,247020000000001;;0;0;0;2023-01-20 15:22:00-03:00;;0,0;
1;13.PIS.CZ.150;Pistão Fit | Cinza | 150N;;;2289;2,92;2,7229;;39;0;39;2025-02-27 09:45:00-03:00;2026-05-13 11:13:49-03:00;113,88;
1;27.ESC.TAP.SING.MRC;Escorredor com Tapete | Single | Marrom;;;2225;25,98;22,14795;;1;0;1;2024-01-22 13:40:03-03:00;2026-04-17 19:22:10-03:00;25,98;
1;11.PF.4.0.25;Parafuso Chipboard 4,0 x 25mm | 100 Peças;;;2189;0,018799999999999997;0,014898999999999997;;0;0;0;;2023-08-09 10:51:48-03:00;0,0;
1;13.PIS.BR.40;Pistão Fit | Branco | 40N;;;1663;2,35;2,1913750000000007;;22;0;22;2025-08-15 09:50:00-03:00;2026-05-14 15:39:52-03:00;51,7;
1;10.TRAV.INV;"Batente de Porta | ""Invisível"" | MAX1688 |304";;;2257;27,0;24,300000000000004;;35;0;35;2022-11-25 13:36:00-03:00;2025-11-25 13:26:29-03:00;945,0;
1;27.ESC.TAP.SING.BR;Escorredor com Tapete | Single | Branco;;;2256;25,98;22,14795;;0;0;0;2024-02-08 01:26:02-03:00;2025-05-17 12:39:42-03:00;0,0;
1;12.STRET.3.PT;Bobina | 500mm x 25m | Preto | 2,5kg;;;3164;15,9;14,42925;;0;0;0;2023-03-31 09:47:44-03:00;2025-03-07 11:43:33-03:00;0,0;
1;19.ESTIL.18MM;Estilete | ES218 | 18mm;;;2253;8,2;6,605099999999999;;0;0;0;2023-03-29 07:10:00-03:00;2023-10-23 16:09:59-03:00;0,0;
1;19.MAND.13MM;Mandril Aperto Rápido | 13mm (1/2);;;2191;17,5;13,553749999999999;;96;0;96;2022-11-11 07:36:00-03:00;;1680,0;
1;29.SUP.TS.PT.15;Suporte para Trilho | Preto | 15cm;;;2184;3,48;2,7579000000000002;;41;0;41;2023-06-12 12:17:00-03:00;2026-05-04 19:34:42-03:00;142,68;
1;34.PIN.1.5.CR;Pino Metal | 1,5cm Cromado;;;2346;10,97;8,693725;;2;0;2;2022-08-09 15:29:00-03:00;;21,94;
1;37.CAD.CLR.25.LA;Cadeado | Segredo | Colors | 25mm | Laranja;;;2265;11,83;9,316125;;151;0;151;2024-04-02 05:12:00-03:00;2025-04-03 10:39:01-03:00;1786,33;
1;37.FEC.1004.INX;Fechadura | 1004 Roseta | Inox;;;2813;35,5;27,95625;;0;0;0;2025-04-29 05:33:00-03:00;2025-05-14 08:52:59-03:00;0,0;
1;15.GRAMP.C.3;"Grampo Tipo C Para Marceneiro | 3"" ";;;2300;6,76;6,21582;;0;0;0;2024-12-19 02:16:00-03:00;2024-08-01 10:41:48-03:00;0,0;
1;27.CUSC.16;Cuscuzeira | 16cm | (2 Litros);;;2274;113,55;96,801375;;0;0;0;2022-10-06 10:26:10-03:00;2023-02-13 12:37:20-03:00;0,0;
1;25.MOLA.A530.F3.PT;Mola Aérea A530 Força 3 - 65kg Preto;;;2255;92,41;86,17232499999999;;0;0;0;2022-12-13 17:01:11-03:00;;0,0;
1;18.CAD.20.AZ;Cadeado | SM | 20mm | Azul;;;2272;12,87;10,135124999999999;;0;0;0;2022-12-12 21:21:33-03:00;2023-01-29 22:29:03-03:00;0,0;
1;19.CORT.TUBO;Cortador de Tubos de PVC;;;2302;26,0;20,267000000000003;;0;0;0;2022-11-11 07:36:00-03:00;2023-10-31 13:30:12-03:00;0,0;
1;27.TAP.SING.BR;Tapete de Pia | Single | Branco;;;2248;7,6;6,478999999999999;;3;0;3;2024-12-19 19:54:01-03:00;2025-05-27 22:08:54-03:00;22,799999999999997;
1;17.DISC.DIAM;Disco Diamantado | Ultrafino | Turbo Contínuo;;;2287;28,58;25,936349999999997;;0;0;0;2024-01-19 00:00:00-03:00;;0,0;
1;18.CAD.EXEC.PT;Cadeado | Executive | Preto;;;2232;24,9;21,60075;;0;0;0;2022-12-12 21:21:33-03:00;2023-09-24 20:55:14-03:00;0,0;
1;19.PINO.15;Pino 15mm | GPE919 e GPE168 | 1000 Peças;;;2273;7,35;5,824875;;0;0;0;2023-01-20 15:22:00-03:00;2023-10-05 08:25:30-03:00;0,0;
1;27.CHA.2.7.APT;Chaleira Vanilla | 2,7l ;;;2275;82,56;76,9872;;0;0;0;2023-04-04 22:50:01-03:00;2023-10-19 10:55:48-03:00;0,0;
1;37.CAD.ECO.35;Cadeado | Zamac | 35mm | E-coat;;;2819;12,96;10,206000000000003;;0;0;0;2022-12-01 07:07:00-03:00;2023-10-09 11:44:24-03:00;0,0;
1;20.COL.MESA.EURO;Colher de  Mesa | Linha Euro ;;;2334;3,24;3,0213000000000005;;0;0;0;2023-05-11 11:25:00-03:00;2025-11-10 22:06:14-03:00;0,0;
1;27.DISP.SING.PT;Dispenser Single - Preto;;;2243;6,49;5,532725;;5;0;5;2025-01-24 14:46:02-03:00;2026-01-25 11:38:00-03:00;32,45;
1;37.CAD.CLR.25.AM;Cadeado | Segredo | Colors | 25mm | Amarelo;;;2262;11,83;9,316125;;0;0;0;2024-04-02 05:12:00-03:00;2024-08-01 10:08:48-03:00;0,0;
1;29.TS.PT.30;Trilho Simples para Cantoneira | Preto | 30cm;;;2281;3,13;2,4805249999999996;;0;0;0;2022-07-13 13:19:00-03:00;2023-10-31 23:22:51-03:00;0,0;
1;37.FEC.602.33.INX;Fechadura | 601-602/33 | Inox;;;2816;26,39;20,782125;;0;0;0;2023-10-27 05:36:00-03:00;2024-07-31 11:59:15-03:00;0,0;
1;3.CX.RAT.PT.7;Caixa Organizadora Preta 7 Litros;;;2259;5,18;4,28645;;0;0;0;2021-11-23 10:31:02-03:00;;0,0;
1;10.MF.RET.24;Mão Francesa Retrátil - 240mm (24cm);;;2278;18,0;16,785;;0;0;0;2022-11-25 13:36:00-03:00;2023-10-08 20:58:30-03:00;0,0;
1;37.CAD.SEG.40.PT;Cadeado | Segredo | 40mm | Preto Fosco;;;2446;19,75;15,553125;;0;0;0;2022-12-01 07:07:00-03:00;;0,0;
1;29.SUP.TS.PT.50;Suporte para Trilho | Preto | 50cm ;;;2284;9,01;7,140425;;120;0;120;2025-10-22 12:43:00-03:00;2026-01-04 15:30:20-03:00;1081,2;
1;17.JOGO.CHV.10;Chave Fenda e Phillips | 10 Peças |;;;2266;24,53;22,260975000000002;;600;0;600;2025-02-11 00:00:00-03:00;2026-04-15 10:17:59-03:00;14718,0;
1;26.LONA.2X2;LONA PLASTICA AZUL 2MX2M;;;2282;12,46;12,210799999999999;;0;0;0;2022-04-25 13:20:00-03:00;;0,0;
1;4.PCOND.AM;Açucareiro Prático | Amarelo;;;2258;6,03;4,7787749999999996;;0;0;0;2025-04-08 08:14:21-03:00;2023-10-10 19:43:51-03:00;0,0;
1;3.CX.RAT.PT.20;Caixa Organizadora Preta 20 Litros;;;2261;12,67;10,484425;;0;0;0;2021-11-23 10:31:02-03:00;;0,0;
1;20.COL.SOB;Colher de Sobremesa | Continental;;;2303;1,52;1,4174;;0;0;0;2023-05-11 11:25:00-03:00;2023-05-04 13:44:46-03:00;0,0;
1;21.TRAV.PR;Prendedor de Porta - Aço Prata (Niquelado);;;2466;13,15;9,566625000000002;;0;0;0;2023-07-04 16:23:55-03:00;2023-10-28 11:08:25-03:00;0,0;
1;6.CAD.CHV.120.6;Cadeado P/ Bike | 120cm x 6mm;;;2295;10,78;9,890649999999999;;0;0;0;2022-02-03 14:13:00-03:00;;0,0;
1;36.BUCHA.MU.8;Bucha MU 8 | 1 Peça;;;2252;0,0;0,0;;1400;0;1400;;2026-05-01 13:02:20-03:00;0,0;
1;5.VEDA.6MM.BR;Veda Fresta 6mm - 6 Metros | Branco;;;2315;16,79;15,656674999999998;;0;0;0;2023-08-04 11:54:01-03:00;2025-11-09 16:47:18-03:00;0,0;
1;27.LIX.FLAT.2.8.PT;Lixeira Flat 2,8l - Preto;;;2290;25,91;22,088275;;0;0;0;2024-10-22 19:30:03-03:00;2025-05-04 16:53:11-03:00;0,0;
1;5.TPOR.MAG.PR;Trava Porta Magnético | Prata;;;2296;22,3;18,286;;0;0;0;2023-08-01 12:24:10-03:00;2023-10-06 07:53:40-03:00;0,0;
1;47.DISP.TRI.650.BR;Dispenser Trium | 650ml | Branco;;;2910;16,18;13,79345;;3;0;3;2024-03-05 16:12:48-03:00;2026-04-26 10:55:23-03:00;48,54;
1;27.CJ.PAN.6.VAN;Conjunto de panelas | 06 Peças | Vanilla;;;2245;422,16;393,66420000000005;;0;0;0;2023-04-03 19:16:00-03:00;;0,0;
1;37.CAD.ECO.30;Cadeado | Zamac | 30mm | E-coat;;;2817;10,19;8,024625;;0;0;0;2022-12-01 07:07:00-03:00;2023-09-03 11:08:00-03:00;0,0;
1;5.VEDA.6MM.MRC;Veda Fresta 6mm - 6 Metros | Marrom Claro;;;2260;16,79;15,656674999999998;;0;0;0;2023-08-04 11:54:01-03:00;2025-05-12 12:13:04-03:00;0,0;
1;39.GRAMP.C.6;"Grampo tipo C | Para Marceneiro | 6""";;;2443;0,0;0,0;;3;0;3;;;0,0;
1;27.OVAL.VM;Escorredor de Talheres Oval | Vermelho;;;2276;9,57;8,158425000000001;;0;0;0;2024-10-22 19:30:03-03:00;2025-05-27 21:19:42-03:00;0,0;
1;11.BROC.MAD.8;Broca para Madeira | 8mm;;;2244;0,81;0,6313950000000002;;68;0;68;2022-10-19 11:39:34-03:00;2025-04-01 19:45:00-03:00;55,080000000000005;
1;18.CAD.25.VD;Cadeado | SM | 25mm | Verde;;;2251;14,42;11,35575;;0;0;0;2022-12-12 21:21:33-03:00;2023-02-08 01:44:34-03:00;0,0;
1;7.FIO.30;Passa Puxa Fio | 30 Metros;;;2271;14,53;13,185975000000001;;19;0;19;2023-12-22 08:30:05-03:00;2025-05-01 12:46:39-03:00;276,07;
1;23.FEC.YRD.256.COMBO;Fechadura Digital YRD 256 | Combo;;;2488;0,0;0,0;;0;0;0;;2023-03-01 12:17:21-03:00;0,0;
1;3.CX.RAT.BR.7;Caixa Organizadora Branca 7 Litros;;;2442;0,0;0,0;;0;0;0;;;0,0;
1;3.CX.RAT.BR.40;Caixa Organizadora Branca 40 Litros;;;2470;0,0;0,0;;0;0;0;;;0,0;
1;39.BROC3A10;Jogo de Brocas para Madeira | 3 a 10mm ;;;2469;0,0;0,0;;0;0;0;;;0,0;
1;36.BUCHA.BLTPCTERRADO;Bucha Bolt 1/4 | Pacote errado, era pra ser comp;;;2410;0,0;0,0;;0;0;0;;;0,0;
1;28.EXT.4.5.RS;PANELA DE PRESSAO ALUM 4,5L FEC EXT AA ROSE;;;2552;95,56;82,4205;;0;0;0;2022-04-07 15:21:48-03:00;;0,0;
1;28.WOK.32.VM;Panela Wok 32cm Vermelha;;;2512;87,96;75,86549999999998;;0;0;0;2022-04-07 15:21:48-03:00;;0,0;
1;19.FIO.15M;Passa Fio | Alma aço | 15m;;;2545;0,0;0,0;;0;0;0;;;0,0;
1;27.SAND.DIS.VM;Sanduba Nutri Disney - Vermelho;;;2568;6,66;5,67765;;0;0;0;2023-01-30 13:24:01-03:00;2023-08-29 15:18:52-03:00;0,0;
1;20.GARF.MESA;Garfo de Mesa | Continental;;;2358;1,96;1,8276999999999999;;0;0;0;2023-01-20 15:07:00-03:00;;0,0;
1;17.SUP.DUP.37.PT;Suporte Duplo | 37cm | Preto;;;2347;9,28;6,751199999999999;;16;0;16;2025-11-03 00:00:00-03:00;2026-01-05 17:48:32-03:00;148,48;
1;30.ROD.GAME.AZ;Rodízio Gamer | SQ55 | HGA | Azul;;;2406;9,5;7,220000000000001;;0;0;0;2025-05-07 10:30:14-03:00;2026-03-16 22:02:21-03:00;0,0;
1;24.CAD.40.PR.AZ;Cadeado de Aço Lâminado | 40mm | Prata c/ azul;;;2513;51,29;37,313475;;3;0;3;2024-01-22 16:58:08-03:00;2026-04-21 11:39:58-03:00;153,87;
1;25.MOLA.A530.F3.PR;Mola Aérea A530 Força 3 - 65kg Prata;;;2342;84,68;78,96409999999999;;0;0;0;2022-10-05 06:10:26-03:00;2025-02-18 02:06:34-03:00;0,0;
1;30.ROD.GAME.AM;Rodízio Gamer | SQ55 | HGA | Amarelo;;;2360;9,05;6,878000000000001;;38;0;38;2024-07-29 08:32:00-03:00;2026-03-23 06:59:40-03:00;343,90000000000003;
1;29.TS.CZ.30;Trilho Simples para Cantoneira | Cinza | 30cm;;;2364;3,13;2,4805249999999996;;59;0;59;2022-07-13 13:19:00-03:00;2023-10-04 15:54:01-03:00;184,67;
1;4.PCOND.VM;Açucareiro Prático | Vermelho;;;2414;6,03;4,7787749999999996;;0;0;0;2025-04-08 08:14:21-03:00;2025-05-15 00:26:48-03:00;0,0;
1;35.ROD.GEL.PT;Rodízio | Duplo Gel Preto |;;;2423;7,05;6,397875;;0;0;0;2022-11-24 00:00:00-03:00;2023-07-30 23:30:03-03:00;0,0;
1;10.FECHO.ZC;Fecho Rolete | Zincado;;;2327;0,94;0,87655;;0;0;0;2023-02-27 11:41:00-03:00;2023-10-25 10:11:07-03:00;0,0;
1;3.BAN.5.PT;Acessórios Para Banheiro | 5 Peças | Preto;;;2363;11,76;8,9376;;19;0;19;2023-02-10 10:00:24-03:00;2025-05-13 20:21:40-03:00;223,44;
1;29.SUP.TS.BR.50;Suporte para Trilho | Branco | 50cm;;;2332;9,01;7,140425;;208;0;208;2025-10-22 12:43:00-03:00;2026-05-04 17:05:43-03:00;1874,08;
1;29.SUP.TS.CZ.20;Suporte Simples 20cm Cinza;;;2339;2,78;2,20315;;9;0;9;2022-07-13 13:19:00-03:00;2023-10-24 05:50:01-03:00;25,02;
1;18.CAD.25.PT;Cadeado | SM | 25mm | Preto;;;2330;14,42;11,35575;;0;0;0;2022-12-12 21:21:33-03:00;2023-02-15 12:32:08-03:00;0,0;
1;19.GRAMP.16MM;Grampo | GPE-916 | 1000 Peças | 16mm;;;2331;12,74;10,09645;;0;0;0;2023-01-20 15:22:00-03:00;2024-08-01 10:39:16-03:00;0,0;
1;20.COL.SOB.EURO;Colher de Sobremesa | Linha Euro;;;2312;2,97;2,7695250000000002;;0;0;0;2023-05-11 11:25:00-03:00;;0,0;
1;10.MF.DOB.REF.39;Mão Francesa Dobrável Reforçada - 39cm;;;2336;47,0;43,82749999999999;;0;0;0;2023-02-02 11:52:00-03:00;2024-07-31 13:50:53-03:00;0,0;
1;27.DISP.FLAT.500.PT.BG;Dispenser Flat  500ml - Preto c/ Bege;;;2329;17,02;14,50955;;0;0;0;2023-05-31 15:06:02-03:00;2023-10-12 21:15:07-03:00;0,0;
1;18.CAD.LAT.45;Cadeado | Latão | 45mm;;;2341;23,97;18,876375;;0;0;0;2022-12-12 21:21:33-03:00;;0,0;
1;27.OVAL.MRC;Escorredor de Talheres Oval | Marrom Claro;;;2349;7,6;6,478999999999999;;0;0;0;2024-01-22 13:40:03-03:00;;0,0;
1;26.ESGUI.7.G;Esguicho Multiplo Para Mangueira G;;;2321;11,9;10,323249999999998;;0;0;0;2022-07-21 17:41:00-03:00;2023-01-23 13:19:50-03:00;0,0;
1;29.TS.CZ.150;Trilho Simples para Cantoneira | Cinza | 150cm;;;2340;14,85;11,768624999999998;;0;0;0;2022-06-15 13:46:00-03:00;2023-03-25 11:00:54-03:00;0,0;
1;27.LIX.TAMPA.4.TS;Lixeira Tampa Transparente;;;2318;25,26;21,53415;;0;0;0;2022-07-04 09:40:06-03:00;2023-08-14 13:06:21-03:00;0,0;
1;34.PIN.4.RS;Pino Metal | 4cm Rose;;;2428;11,39;9,026575;;1;0;1;2022-08-09 15:29:00-03:00;2023-02-05 22:53:55-03:00;11,39;
1;42.COLA.2.8KG;Cola de contato | 2,8kg;;;2421;51,68;37,5972;;0;0;0;2026-01-31 14:37:19-03:00;2026-04-14 05:53:21-03:00;0,0;
1;27.CJ.TIG.03.INX;CJ de Tigelas | 03 Peças | Aço Inox;;;2343;36,7;34,22275;;0;0;0;2023-10-27 17:06:05-03:00;;0,0;
1;27.LIX.BASIC.2.5.MRC;Lixeira Basic Marrom Claro;;;2324;15,11;12,881275;;0;0;0;2022-05-13 20:28:00-03:00;;0,0;
1;27.LOUÇA.BASIC.PT;Escorredor de Louça Basic Preto;;;2307;27,98;24,832249999999995;;0;0;0;2022-02-25 15:48:03-03:00;;0,0;
1;27.DISP.RJ.VM;Dispenser Romeo e Julieta Vermelho;;;2319;15,4;13,1285;;0;0;0;2022-05-13 20:28:00-03:00;2023-05-30 10:13:39-03:00;0,0;
1;42.BUMP.RED.P.12PC;Bumper Redondo | P | 12 unidades;;;2357;5,51;4,835025000000001;;0;0;0;2023-06-26 19:52:00-03:00;2023-10-28 05:31:33-03:00;0,0;
1;27.DISP.RJ.TS;Dispenser Romeo e Julieta Transparente;;;2320;11,83;10,085075;;0;0;0;2022-05-13 20:28:00-03:00;2023-07-07 11:35:46-03:00;0,0;
1;22.TUF.5M;Desentupidor | Tufão | 05 Metros;;;2366;20,4;15,901799999999998;;0;0;0;2024-01-16 23:00:00-03:00;2025-05-05 19:48:04-03:00;0,0;
1;27.LOUÇA.BASIC.VM;Escorredor de Louça Basic Vermelho;;;2310;27,98;24,132749999999998;;0;0;0;2022-03-21 15:56:02-03:00;;0,0;
1;27.DISP.RJ.BR;Dispenser Romeo e Julieta Branco;;;2323;15,4;13,1285;;0;0;0;2022-05-13 20:28:00-03:00;;0,0;
1;29.TS.CZ.100;Trilho Simples para Cantoneira | Cinza | 100cm;;;2338;10,05;7,964625;;0;0;0;2022-06-15 13:46:00-03:00;;0,0;
1;27.DISP.RJ.PT;Dispenser Romeo e Julieta Preto;;;2370;15,4;13,1285;;0;0;0;2022-05-13 20:28:00-03:00;;0,0;
1;6.DISC.PORC;Disco Porcelanato 110 x 20 x 1,2mm ;;;2355;13,31;11,546425000000001;;0;0;0;2022-03-14 10:30:00-03:00;;0,0;
1;21.GAN.DO;Gancho Armador - Dourado (Oxidado);;;2378;42,31;30,780525;;0;0;0;2023-08-25 20:53:53-03:00;2024-08-01 15:15:37-03:00;0,0;
1;27.LIX.TAMPA.4.RS;Lixeira Tampa Rosa;;;2317;28,05;23,912625000000006;;0;0;0;2022-05-13 20:28:00-03:00;2023-03-31 15:08:00-03:00;0,0;
1;10.MF.DOB.REF.34;Mão Francesa Dobrável Reforçada - 34cm;;;2350;49,0;45,6925;;19;0;19;2022-12-13 09:47:00-03:00;2026-03-26 14:10:48-03:00;931,0;
1;35.ROD.LA.SEMT;Rodízio Laranja | RP50 S/ Trava;;;2404;9,55;8,666625000000002;;28;0;28;2023-02-09 00:00:00-03:00;2026-01-21 12:20:06-03:00;267,40000000000003;
1;29.SUP.TS.CZ.50;Suporte Simples 50cm Cinza;;;2337;14,08;11,158400000000002;;2;0;2;2022-06-15 13:46:00-03:00;2023-05-14 23:37:26-03:00;28,16;
1;31.PILHA.AA.ALCA;Pilha | Alcalina | AA | Blister c/ 4 Peças;;;2419;4,24;4,091600000000001;;0;0;0;2023-11-30 18:36:30-03:00;2023-10-26 08:08:42-03:00;0,0;
1;19.FIO.20M;Passa Fio | Alma aço | 20m;;;2546;0,0;0,0;;0;0;0;;;0,0;
1;39.MAO.RET.30;Mão Francesa Retrátil | 30cm;;;1732;9,28575;8,519675625;;64;0;64;;2026-04-29 13:18:35-03:00;594,288;
1;26.FITA.PR;Fita Isolante 18x5m Antichama - Prata;;;1747;1,01;0,9897999999999999;;11;0;11;2022-06-27 15:27:00-03:00;2025-04-29 07:14:14-03:00;11,11;
1;39.JG.SOQ.20PC;Jogo de Soquetes | 20 Peças;;;2581;0,0;0,0;;0;0;0;;2023-10-13 18:16:29-03:00;0,0;
1;6.GRA.TAP.10;Grampo para Grampeador | 10mm;;;1764;2,03;1,8929749999999999;;0;0;0;2023-09-18 14:43:00-03:00;2023-08-11 15:41:36-03:00;0,0;
1;33.FUME.PT.CTR.50;Rodízio Fumê | Preto | Com Trava | 50mm;;;2576;7,42;6,91915;;0;0;0;2022-06-30 14:07:00-03:00;2023-07-28 10:48:25-03:00;0,0;
1;12.FITA.45X100.TS;Fita Adesiva Transparente - 45x100m;;;1723;5,0;4,5375000000000005;;14;0;14;2022-10-07 13:47:53-03:00;;70,0;
1;5.VEDA.6MM.PT;Veda Fresta 6mm - 6 Metros | Preto;;;1714;16,79;15,656674999999998;;20;0;20;2023-08-04 11:54:01-03:00;2025-04-06 08:06:10-03:00;335,79999999999995;
1;13.ROD.COMT.35;Rodizio Transparente | Com Trava | 35mm;;;1726;2,58;2,40585;;534;480;54;2026-03-27 18:50:00-03:00;2026-05-14 22:00:51-03:00;1377,72;
1;15.TD.BR.100;Trilho Duplo para Cantoneira | Branco | 1,0 Metro;;;1713;8,87;8,271275;;248;0;248;2025-10-29 23:29:00-03:00;2026-05-02 15:46:16-03:00;2199,7599999999998;
1;37.CAD.DO;Cadeado | Segredo | 25mm | Dourado;;;2638;8,67;6,827624999999999;;0;0;0;2024-02-15 06:11:00-03:00;2025-05-17 23:54:18-03:00;0,0;
1;24.CAD.CRO.30;Cadeado | Cromado | 30mm;;;2376;14,43;10,497825;;0;0;0;2022-08-25 08:35:37-03:00;2023-05-23 08:13:52-03:00;0,0;
1;3.LIX.RAT.5.PT;Lixeira de Pia Rattan | 5 Litros | Preta;;;2403;4,77;3,7802249999999997;;0;0;0;2023-12-27 14:20:25-03:00;2025-03-24 15:52:19-03:00;0,0;
1;34.PIN.1.5.RS;Pino Metal | 1,5cm Rose;;;2418;11,39;9,026575;;11;0;11;2022-08-09 15:29:00-03:00;2023-01-30 14:22:36-03:00;125,29;
1;22.MAOF.20.BR;Mão francesa | 20cm | Branca;;;2491;2,7;2,12625;;0;0;0;2023-03-23 00:00:00-03:00;;0,0;
1;4.CAB.TRV.AZ;Cabide Trevo Azul;;;2384;1,86;1,53915;;0;0;0;2022-02-23 08:54:11-03:00;;0,0;
1;29.TS.BR.30;Trilho Simples para Cantoneira | Branco | 30cm;;;2383;3,13;2,4805249999999996;;0;0;0;2022-07-13 13:19:00-03:00;2023-09-23 11:18:54-03:00;0,0;
1;11.PF.TROA.3.5.35;Parafuso Trombeta | 3.5 x 35mm | 100 Peças;;;2386;0,0557;0,04414225;;0;0;0;;;0,0;
1;13.PIS.BR.180;Pistão Fit | Branco | 180N;;;2397;2,56;2,3872;;0;0;0;2025-11-26 15:21:00-03:00;2026-04-08 00:34:36-03:00;0,0;
1;34.PIN.4.PT;Pino Metal | 4cm Preto;;;2417;10,97;8,693725;;3;0;3;2022-08-09 15:29:00-03:00;;32,910000000000004;
1;27.MARM.MR;Marmita Hermética Nutri | Marrom + Preto;;;2399;14,34;12,224849999999998;;0;0;0;2024-03-05 15:06:02-03:00;2025-04-06 20:26:09-03:00;0,0;
1;35.ROD.LA.FIXO;Rodízio Laranja | RP50 Fixo;;;2416;7,7;6,98775;;0;0;0;2022-11-24 00:00:00-03:00;;0,0;
1;30.ROD.GAME.RS;Rodízio Gamer | SQ55 | HGA | Rosa;;;2407;9,05;6,878000000000001;;26;0;26;2024-07-29 08:32:00-03:00;2026-03-18 23:44:31-03:00;235,3;
1;27.LOUÇA.BASIC.MRC;Escorredor de Louça Basic Marrom Claro;;;2316;27,98;24,832249999999995;;0;0;0;2022-02-25 15:48:03-03:00;;0,0;
1;17.CONT.MAN;Contador Numérico | Manual;;;2447;13,46;9,792150000000001;;0;0;0;2025-08-08 00:00:00-03:00;2025-11-16 05:32:15-03:00;0,0;
1;27.LIX.PRESS.5.VM;Lixeira Press | 5 Litros | Vermelha;;;2372;29,86;26,500750000000004;;0;0;0;2022-02-25 15:48:03-03:00;2023-05-04 08:22:32-03:00;0,0;
1;27.DUO.MR;Pote Clear | Duo | Marrom;;;2401;19,94;16,99885;;0;0;0;2024-03-05 15:06:02-03:00;;0,0;
1;6.NVL.MAG.30;Nível Magnético | 30cm ;;;2409;16,08;14,472;;3;0;3;2025-08-12 08:26:00-03:00;2026-05-11 21:21:35-03:00;48,239999999999995;
1;3.SAB.PLA.BR;Saboneteira Plástica | Branco ;;;2379;0,78;0,61815;;0;0;0;2025-01-24 14:28:14-03:00;2025-03-26 21:40:44-03:00;0,0;
1;17.LA.18MM;Lâmina Estilete | 18mm ;;;2460;2,51;2,2778249999999995;;13;0;13;2024-06-26 00:00:00-03:00;2026-05-04 08:08:40-03:00;32,629999999999995;
1;35.ROD.GEL.CR;Rodízio | Duplo Gel Cromado |;;;2426;8,7;7,89525;;0;0;0;2022-11-24 00:00:00-03:00;2023-07-05 17:47:08-03:00;0,0;
1;34.PIN.3.CR;Pino Metal | 3cm Cromado;;;2411;10,97;8,693725;;8;0;8;2022-08-09 15:29:00-03:00;;87,76;
1;27.MARM.RS;Marmita Hermética Nutri | Rosa;;;2400;14,0;11,935;;4;0;4;2024-08-27 15:08:04-03:00;2023-07-15 10:26:27-03:00;56,0;
1;31.PILHA.AAA.ALCA;Pilha | Alcalina | AAA (Palito) | Comum;;;2432;4,1;3,9564999999999997;;0;0;0;2023-11-30 18:36:30-03:00;2023-08-21 20:28:14-03:00;0,0;
1;4.CAB.AD.GAT.BR;Cabide Gato Branco;;;2391;2,2;1,8205000000000002;;0;0;0;2022-02-23 08:54:11-03:00;2023-08-26 15:39:49-03:00;0,0;
1;27.OVAL.PT;Escorredor de Talheres Oval | Preto;;;2394;7,6;6,478999999999999;;0;0;0;2024-01-22 13:40:03-03:00;;0,0;
1;6.FLAP.CON.120.115;"DISCO FLAP CON 4-1/2"" - 115MM - GR#120";;;2975;2,67;2,316225;;260;50;210;2026-01-27 08:38:00-03:00;2026-04-13 11:04:41-03:00;694,1999999999999;
1;20.FACA.SOB;Faca de Sobremesa | Continental;;;2380;2,09;1,9760949999999995;;0;0;0;2023-01-20 15:07:00-03:00;;0,0;
1;27.DISP.RJ.CZF;Dispenser Romeo e Julieta Cinza;;;2373;15,4;13,1285;;0;0;0;2022-05-13 20:28:00-03:00;;0,0;
1;3.CX.RAT.PT.40;Caixa Organizadora Preta 40 Litros;;;2374;22,4;18,535999999999998;;0;0;0;2021-11-23 10:31:02-03:00;;0,0;
1;27.LIX.FLAT.2.8.PT.BG;Lixeira Flat 2,8l - Preto com Bege;;;2398;26,54;22,62535;;0;0;0;2022-10-18 22:58:01-03:00;2023-06-21 09:18:40-03:00;0,0;
1;20.FAQ.24PC.EURO;Conjunto Faqueiro 24 peças | Linha Euro;;;2377;93,52;87,2074;;0;0;0;2023-05-11 11:25:00-03:00;2023-10-26 20:22:35-03:00;0,0;
1;17.DISC.DIAM.400;Disco Diamantado Velcro | Grão 400;;;2390;10,94;7,958850000000001;;2;0;2;2023-10-23 00:00:00-03:00;;21,88;
1;38.PROT.FELT.33;Protetor Diversos Feltro | 33 Peças;;;2444;8,8;7,634000000000001;;0;0;0;2023-05-16 16:21:04-03:00;2026-04-16 17:48:28-03:00;0,0;
1;10.MF.RET.29;Mão Francesa Retrátil - 290mm (29cm);;;2375;20,5;19,11625;;4;0;4;2022-09-09 14:19:00-03:00;2026-04-21 17:54:46-03:00;82,0;
1;17.DISC.DIAM.1500;Disco Diamantado Velcro | Grão 1500;;;2422;10,94;7,958850000000001;;4;0;4;2023-10-23 00:00:00-03:00;;43,76;
1;33.FUME.ZC.STR.50;Rodízio Fumê | Zincado | Sem Trava | 50mm;;;2427;5,4;5,0355;;78;0;78;2022-06-30 14:07:00-03:00;2023-10-10 13:07:57-03:00;421,20000000000005;
1;30.ROD.GAME.LA;Rodízio Gamer | SQ55 | HGA | Laranja;;;2412;9,05;6,878000000000001;;47;0;47;2024-07-29 08:32:00-03:00;2026-05-05 08:55:16-03:00;425,35;
1;27.LOUÇA.BASIC.CZ;Escorredor de Louça Basic Cinza;;;2448;27,98;24,832249999999995;;0;0;0;2022-02-25 15:48:03-03:00;;0,0;
1;24.CAD.CRO.25;Cadeado | Cromado | 25mm;;;2495;12,37;8,999175;;0;0;0;2022-08-16 11:39:43-03:00;2023-08-15 13:29:36-03:00;0,0;
1;34.PIN.3.PT;Pino Metal | 3cm Preto;;;2415;10,97;8,693725;;11;0;11;2022-08-09 15:29:00-03:00;2023-01-24 16:46:20-03:00;120,67;
1;29.SUP.TS.PT.30;Suporte para Trilho | Preto | 30cm ;;;2385;3,9;3,09075;;0;0;0;2025-10-22 12:43:00-03:00;;0,0;
1;37.CAD.AZ;Cadeado | Segredo | 25mm | Azul;;;2455;9,59;7,552125;;0;0;0;2025-04-29 05:33:00-03:00;2025-03-17 16:00:07-03:00;0,0;
1;34.SUP.INV.10;Suporte Invisível | 10cm;;;2395;4,14;3,3948;;346;38;308;2026-03-10 07:20:43-03:00;2026-05-14 20:29:09-03:00;1432,4399999999998;
1;29.SUP.TS.CZ.15;Suporte Simples 15cm Cinza;;;2437;2,21;1,7514250000000002;;58;0;58;2022-07-13 13:19:00-03:00;2026-05-13 16:56:23-03:00;128,18;
1;31.PILHA.ZINC.AA;Pilha | Zinco | AA | 04 Peças;;;2413;1,798;1,7350700000000001;;96;0;96;;2026-04-29 11:25:08-03:00;172,608;
1;31.PILHA.ZINC.AAA;Pilha | Zinco | AAA (Palito) | 04 Peças;;;2405;1,673;1,614445;;126;0;126;;2026-05-04 11:27:45-03:00;210,798;
1;3.CX.RAT.BR.15;Caixa Organizadora Branca 15 Litros;;;2637;0,0;0,0;;0;0;0;;;0,0;
1;39.JG.SERRA.11;Jogo de Serra Copo | 11 Peças;;;2688;0,0;0,0;;0;0;0;;2025-05-06 00:53:54-03:00;0,0;
1;3.CX.RAT.BR.20;Caixa Organizadora Branca 20 Litros;;;2651;0,0;0,0;;0;0;0;;;0,0;
1;37.CADSEG.40.DO;Cadeado com Segredo Zamac E-Coat;;;2518;0,0;0,0;;0;0;0;;2024-07-31 11:53:26-03:00;0,0;
1;6.GRA.TAP.6;Grampo para Grampeador | 6mm;;;1774;1,72;1,6038999999999999;;29;0;29;2023-01-27 14:02:00-03:00;2026-04-13 23:30:33-03:00;49,88;
1;20.ESPA.5;Espátula Curva | Inox | 5;;;2464;10,22;9,530150000000003;;0;0;0;2023-05-11 11:25:00-03:00;2023-09-30 10:12:43-03:00;0,0;
1;17.VELC.BR.125.80;Disco de Lixa Pluma | Branco | Grão  80;;;1882;0,68;0,4947000000000001;;22;0;22;2025-11-03 00:00:00-03:00;2026-05-14 21:17:38-03:00;14,96;
1;22.MAOF.25.BR;Mão Francesa | 25cm | Branca;;;2498;3,13;2,4648749999999997;;0;0;0;2023-03-23 00:00:00-03:00;;0,0;
1;6.FLAP.CON.40.115;Disco de Lixa Flap Cônico 115mm | Grão 40;;;2461;2,67;2,316225;;180;10;170;2026-01-27 08:38:00-03:00;2026-04-29 14:02:22-03:00;480,59999999999997;
1;3.LIX.CLK.RS.9;Lixeira | Click Label | Inox;;;2484;8,78;7,2654499999999995;;0;0;0;2021-11-23 10:31:02-03:00;2023-03-15 11:11:56-03:00;0,0;
1;13.TRAV.INV.SLIM;Prende Porta | Magnético Slim;;;2531;8,8;7,920000000000002;;0;0;0;2026-02-09 10:01:00-03:00;2026-04-20 12:21:17-03:00;0,0;
1;15.ESP.1UN;Esponja Multiuso | Fit | 01un;;;2496;1,64;1,4226999999999996;;0;0;0;2024-01-31 10:32:00-03:00;;0,0;
1;37.FEC.1001.INX;Fechadura | 1001 | Inox;;;2462;26,67;21,002625;;0;0;0;2023-10-27 05:36:00-03:00;2024-07-31 12:25:37-03:00;0,0;
1;6.BOIA.25A;Boia Elétrica 25A;;;1883;17,32;15,025100000000002;;0;0;0;2025-02-24 07:50:00-03:00;2025-11-28 00:18:37-03:00;0,0;
1;8.MOLAP.PT;Mola Triunfo 454 - Preto;;;1916;35,96;28,4983;;185;167;18;2026-03-12 14:08:55-03:00;2026-05-12 16:48:54-03:00;6652,6;
1;24.CAD.BIO.PR;Cadeado | Biométrico CF30 | Prata;;;2492;143,99;104,75272500000001;;0;0;0;2023-04-25 12:42:30-03:00;2023-10-18 10:49:57-03:00;0,0;
1;3.COR.ZEB.2;Correte Zebrada | 2 Metros;;;2532;4,93;3,9070250000000004;;0;0;0;2023-02-28 09:40:35-03:00;2023-10-10 11:20:43-03:00;0,0;
1;4.ROD.BUC.30.CZ;Rodízio 30mm C/ Bucha - Cinza;;;2554;1,91;1,5136749999999999;;0;0;0;2024-08-26 13:48:00-03:00;2024-08-01 15:54:58-03:00;0,0;
1;8.MOLA.HID.BR;Mola Automática 453 - Branco;;;2459;194,37;154,03822499999998;;22;15;7;2026-03-12 14:08:55-03:00;2026-05-09 21:14:20-03:00;4276,14;
1;4.ABRI.VD;Abridor de Pote de Conserva | Verde;;;2507;2,09;1,6563249999999998;;0;0;0;2025-02-11 14:26:07-03:00;2025-02-25 19:08:12-03:00;0,0;
1;15.MF.VID.20;Mão Francesa Para Vidro | 20cm;;;2457;2,22;1,92585;;0;0;0;2024-05-29 10:11:00-03:00;2025-05-28 09:33:34-03:00;0,0;
1;4.BOMB.LA;Bomba Para Refrigerante - Laranja;;;2566;5,1;3,8759999999999994;;0;0;0;2023-09-06 07:53:04-03:00;2023-10-13 20:04:43-03:00;0,0;
1;31.LAMP.RGB;Lampada Elgin | RGB | Alexa;;;2438;34,9;30,275749999999995;;0;0;0;2022-09-30 15:20:02-03:00;;0,0;
1;29.SUP.TS.CZ.25;Suporte Simples 25cm Cinza;;;2533;3,4;2,6945;;0;0;0;2022-07-13 13:19:00-03:00;2023-09-11 14:46:25-03:00;0,0;
1;37.CAD.VD;Cadeado | Segredo | 25mm | Verde;;;2453;10,13;7,977375000000001;;0;0;0;2024-08-28 05:44:00-03:00;2025-02-26 14:30:20-03:00;0,0;
1;15.SUP.TS.PT.25;Suporte P/ Trilho | Preto | 25cm;;;2527;2,69;2,508425;;0;0;0;2026-02-05 20:31:00-03:00;2026-05-11 09:35:54-03:00;0,0;
1;27.DISP.RJ.MRC;Dispenser Romeo e Julieta Marrom Claro;;;2538;15,4;13,1285;;0;0;0;2022-05-13 20:28:00-03:00;;0,0;
1;37.FEC.502.03.INX;Fechadura | 501-502/03 | Inox;;;2441;27,16;21,3885;;0;0;0;2023-10-27 05:36:00-03:00;2024-07-31 12:13:23-03:00;0,0;
1;24.CAD.CRO.40;Cadeado | Cromado | 40mm;;;2514;17,79;12,942225;;0;0;0;2022-08-25 08:35:37-03:00;2023-08-16 14:15:08-03:00;0,0;
1;36.BUCHA.BLT;Bucha Bolt 1/4 | Unidade;;;2449;1,8857;1,49441725;;0;0;0;;2026-03-18 20:49:44-03:00;0,0;
1;22.TUF.10M;Desentupidor | Tufão | 10 Metros;;;2483;53,7;41,85915000000001;;2;0;2;2024-01-16 23:00:00-03:00;2026-02-25 12:47:55-03:00;107,4;
1;31.UMID.2LT;Umidificador de Ar | 2 Litros;;;2467;88,86;77,08605;;0;0;0;2022-08-18 08:22:05-03:00;2023-02-25 13:36:38-03:00;0,0;
1;27.LOUÇA.BASIC.BR;Escorredor de Louça Basic Branco;;;2474;27,98;24,832249999999995;;0;0;0;2022-02-25 15:48:03-03:00;;0,0;
1;24.CAD.CR30.AZ;Cadeado | Com Segredo CR30 | Azul;;;2522;16,46;11,97465;;0;0;0;2022-11-29 12:31:36-03:00;2023-06-07 09:40:08-03:00;0,0;
1;11.PF.TROA.3.5.45;Parafuso Trombeta | 3.5 x 45mm | 100 Peças;;;2508;0,0688;0,054524;;0;0;0;;;0,0;
1;22.MAOF.30.BR;Mão Francesa | 30cm | Branca;;;2501;3,67;2,8901250000000003;;0;0;0;2023-03-23 00:00:00-03:00;;0,0;
1;40.ETIQ.4X2.5;Etiqueta Térmica | 02 Colunas | 40 x 25mm ;;;2553;9,0;6,547499999999999;;0;0;0;2023-05-04 10:46:32-03:00;2023-09-22 10:52:22-03:00;0,0;
1;29.SUP.TS.CZ.30;Suporte Simples 30cm Cinza;;;2465;4,1;3,24925;;0;0;0;2022-07-13 13:19:00-03:00;2023-02-07 21:14:44-03:00;0,0;
1;4.ROD.BUC.30.BR;Rodízio 30mm C/ Bucha - Branco;;;2557;1,91;1,5136749999999999;;0;0;0;2024-08-26 13:48:00-03:00;2025-05-20 14:57:05-03:00;0,0;
1;20.GARF.SOB.EURO;Garfo de Sobremesa | Linha Euro;;;2523;2,97;2,7695250000000002;;0;0;0;2023-05-11 11:25:00-03:00;;0,0;
1;28.WOK.32.MR;Panela Wok 32cm Marrom;;;2519;87,96;75,86549999999998;;0;0;0;2022-04-07 15:21:48-03:00;;0,0;
1;24.CAD.CRO.20;Cadeado | Cromado | 20mm;;;2520;16,4;11,931;;0;0;0;2022-11-09 22:14:47-03:00;2024-07-31 14:25:26-03:00;0,0;
1;3.SAB.PLA.PT;Saboneteira Plástica | Preto ;;;2539;0,62;0,49134999999999995;;0;0;0;2025-01-24 14:28:14-03:00;2025-05-24 16:21:42-03:00;0,0;
1;47.DISP.PRM.500.VM;Dispenser Premium | 500ml | Vermelho;;;1758;17,13;14,603324999999998;;1;0;1;2024-03-05 16:12:48-03:00;2026-05-05 00:12:02-03:00;17,13;
1;3.LIX.CLK.INX.9;Lixeira | Click Label | Inox ;;;2382;10,02;7,940849999999999;;2;0;2;2025-01-24 14:28:14-03:00;2026-04-15 10:27:55-03:00;20,04;
1;24.CAD.TRT.70;Cadeado | Tetra-Chave | 70mm;;;2515;132,07;96,08092500000001;;0;0;0;2023-10-18 18:48:41-03:00;2024-07-31 12:38:53-03:00;0,0;
1;11.PF.TROA.3.5.38;Parafuso Trombeta | 3.5 x 38mm | 100 Peças;;;2542;0,0723;0,05729775000000001;;0;0;0;;2023-10-26 08:08:42-03:00;0,0;
1;39.TARR.MACH;Jogo de Tarracha + Macho (12 Peças);;;2493;0,0;0,0;;2;0;2;;2026-05-13 10:46:47-03:00;0,0;
1;42.FEL.QUAD.30MM.12PC;Feltro Quadrado | 30mm | 12 Peças;;;2558;3,87;2,815425;;0;0;0;2023-06-26 19:52:00-03:00;2023-10-12 16:22:29-03:00;0,0;
1;27.ESC.TAP.SING.BRC;Escorredor com Tapete | Single | Branco Acinzendado;;;1716;0,0;0,0;;1050;0;1050;;;0,0;
1;4.SAB.TAR.AZ;Saboneteira Tartaruga Azul;;;2458;0,0;0,0;;0;0;0;;2023-09-02 19:10:36-03:00;0,0;
1;24.CAD.25;Cadeado | Clássico | 25mm;;;2517;10,17;7,398675;;0;0;0;2023-09-18 21:35:39-03:00;2025-05-13 13:12:34-03:00;0,0;
1;3.SAB.PLA.RS;Saboneteira Plástica | Rosa ;;;2592;0,73;0,5785250000000001;;0;0;0;2025-01-24 14:28:14-03:00;2026-01-15 23:48:58-03:00;0,0;
1;13.PIS.CZ.180;Pistão Fit | Branco | 120N;;;2485;0,0;0,0;;140;0;140;;2026-05-13 21:54:30-03:00;0,0;
1;15.GRAMP.C.4;"Grampo Tipo C Para Marceneiro | 4""";;;2619;12,43;11,429385;;0;0;0;2024-10-29 15:17:00-03:00;2023-10-31 14:37:32-03:00;0,0;
1;20.GARF.SOB;Garfo de Sobremesa | Continental;;;2574;1,67;1,557275;;0;0;0;2023-01-20 15:07:00-03:00;;0,0;
1;24.CAD.SMIL;Cadeado | Com Segredo 35mm | Smile;;;2521;16,62;12,091050000000001;;0;0;0;2022-11-09 22:14:47-03:00;2023-09-05 20:21:59-03:00;0,0;
1;6.ESP.CRUZ.2;Espaçador Piso Cruzeta 2;;;2586;1,28;1,1584;;0;0;0;2022-03-14 10:30:00-03:00;2023-09-21 16:04:01-03:00;0,0;
1;17.VELC.BR.125.120;Disco de Lixa Pluma | Branco | Grão  120;;;2797;0,68;0,4947000000000001;;280;0;280;2025-11-03 00:00:00-03:00;2026-05-10 13:44:53-03:00;190,4;
1;3.TAP.TS;Tapete Transparente para Banheiro;;;2596;12,51;9,914175;;0;0;0;2025-01-24 14:28:14-03:00;2025-05-20 13:05:30-03:00;0,0;
1;33.ROD.PIN.GEL;Rodízio Sem Pino | Com Trava;;;2599;6,95;6,480875;;0;0;0;2022-06-30 14:07:00-03:00;2023-03-25 12:04:02-03:00;0,0;
1;15.GRAMP.C.2;"Grampo Tipo C Para Marceneiro | 2""";;;2621;6,1;5,60895;;0;0;0;2022-05-31 16:57:00-03:00;2023-08-02 23:04:22-03:00;0,0;
1;27.SAND.DIS.AM;Sanduba Nutri Disney - Amarelo;;;2559;6,66;5,67765;;0;0;0;2023-02-14 19:20:02-03:00;2023-10-07 20:24:54-03:00;0,0;
1;13.PIS.CZ.120;Pistão Fit | Cinza | 120N;;;2530;2,35;2,1913750000000007;;559;292;267;2025-08-15 09:50:00-03:00;2026-05-14 07:15:43-03:00;1313,65;
1;28.WOK.32.CE;Panela Wok 32cm Cereja;;;2516;87,96;75,86549999999998;;0;0;0;2022-04-07 15:21:48-03:00;;0,0;
1;26.FITA.VD;Fita Isolante 18x5m Antichama - Verde;;;2630;0,79;0,7742000000000001;;4;0;4;2023-05-15 10:14:00-03:00;2025-04-22 23:27:11-03:00;3,16;
1;38.GAN.INX;KIT | Gancho Parede Aço | 5,5 x 5,5;;;2556;6,8;6,341;;100;0;100;2024-08-08 08:26:02-03:00;2026-05-13 10:53:28-03:00;680,0;
1;20.FACA.MESA;Faca de Churrasco | Continental;;;2615;2,23;2,108465;;0;0;0;2023-01-20 15:07:00-03:00;2023-07-25 11:03:30-03:00;0,0;
1;42.HOT.BR.2.5KG;Cola Hot Melt | Branca | 2,5kg;;;2528;43,88;31,9227;;34;2;32;2026-02-27 15:22:07-03:00;2026-05-13 17:49:59-03:00;1491,92;
1;4.TPOR.MR;Trava Porta Prático | Marrom;;;2572;2,66;1,9351499999999997;;0;0;0;2025-04-08 08:14:21-03:00;2025-05-16 12:55:54-03:00;0,0;
1;23.FEC.DIG.120;Fechadura Digital YDD 120 | Com Senha;;;2589;490,99;357,195225;;0;0;0;2024-08-08 10:39:13-03:00;2025-05-18 19:38:19-03:00;0,0;
1;6.MULT.DIG;Multímetro Digital;;;2550;20,71;19,001425;;0;0;0;2022-02-03 14:13:00-03:00;2023-04-18 09:36:50-03:00;0,0;
1;1.MESA.90.40.PT;Mesa Retrátil Preta;;;2506;82,36;66,87631999999999;;0;0;0;2022-04-14 16:20:00-03:00;;0,0;
1;4.BELLA.AZ;Bella Bomba Azul;;;1658;18,3;14,22825;;0;0;0;2022-02-23 08:54:11-03:00;;0,0;
1;4.COL.INF.PLA.RS;Colher Infantil Plástico - Rosa;;;2555;0,38;0,30115;;0;0;0;2025-01-09 10:34:30-03:00;2025-03-30 13:12:57-03:00;0,0;
1;39.MAO.RET.35;Mão Francesa Retrátil | 35cm;;;2511;10,697;9,8144975;;17;0;17;;2026-01-25 11:59:20-03:00;181,849;
1;6.FLAP.CON.100.115;Disco de Lixa Flap Cônico 115mm | Grão 100;;;3125;2,67;2,316225;;66;50;16;2025-12-19 08:59:00-03:00;2026-05-06 22:22:18-03:00;176,22;
1;34.PIN.1.5.PT;Pino Metal | 1,5cm Preto;;;2587;10,97;8,693725;;16;0;16;2022-08-09 15:29:00-03:00;;175,52;
1;13.ROD.SEMT.100;Rodizio Transparente | Sem Trava | 100mm;;;1719;13,34;12,43955;;747;0;747;2024-02-12 16:58:00-03:00;2026-03-03 10:47:33-03:00;9964,98;
1;27.DISP.RJ.CZ;Dispenser Romeo e Julieta Cinza;;;1743;0,0;0,0;;0;0;0;;;0,0;
1;33.ROD.PIN.TRV;Rodízio com Pino | Sem Trava;;;2632;7,9;7,3667500000000015;;0;0;0;2022-06-30 14:07:00-03:00;2023-06-07 09:33:43-03:00;0,0;
1;15.SUP.TS.BR.30;Suporte P/ Trilho | Branca | 30cm;;;2560;3,71;3,459575;;4;0;4;2025-06-30 18:58:00-03:00;2025-11-24 06:26:44-03:00;14,84;
1;30.ROD.U.TRAV;Rodízio em U Com Trava;;;2590;0,0;0,0;;0;0;0;;;0,0;
1;42.AD.GOTA.25;Adesivo Bumper Gota Anti-Impacto Gota - 25 Unidades Tekbond;;;2582;0,0;0,0;;0;0;0;;;0,0;
1;39.MAO.RET.25;Mão Francesa Retrátil | 25cm;;;2477;7,35425;6,747524374999999;;11;0;11;;2026-04-21 13:44:26-03:00;80,89675;
1;17.DISC.POL;Disco Flap | Polimento ;;;2631;10,77;7,835175000000001;;0;0;0;2025-11-03 00:00:00-03:00;2026-03-10 16:17:56-03:00;0,0;
1;15.MF.VID.25;Mão Francesa Para Vidro | 25cm;;;2625;2,9;2,7042499999999996;;10;0;10;2025-11-21 20:19:00-03:00;2026-03-25 21:51:20-03:00;29,0;
1;20.ESPA.4;Espátula Curva | Inox | 4;;;2575;9,7;9,04525;;0;0;0;2023-05-11 11:25:00-03:00;2023-09-24 22:00:32-03:00;0,0;
1;6.SERRA.COP.35;Serra Copo Diamantado;;;3056;9,75;8,458124999999999;;0;0;0;2024-11-27 10:17:00-03:00;2026-02-21 14:26:47-03:00;0,0;
1;45.GAN.CR;Gancho de Rede | Cromado;;;2824;22,69;18,605800000000002;;0;0;0;2024-01-22 09:48:00-03:00;2024-08-01 10:28:27-03:00;0,0;
1;6.MAND.APR.13;Mandril Aperto Rápido 13mm | 1/2;;;1771;15,35;14,114325;;0;0;0;2023-12-13 14:43:00-03:00;2023-02-10 20:00:45-03:00;0,0;
1;15.SUP.TS.BR.20;Suporte P/ Trilho | Branca | 20cm;;;2685;2,95;2,6550000000000002;;0;0;0;2022-08-10 18:39:00-03:00;2025-11-03 22:37:26-03:00;0,0;
1;38.PROT.12PCS;Adesivo Protetor | Silicone | 2cm | (12 peças);;;2636;2,54;2,4511000000000003;;0;0;0;2024-02-26 16:28:15-03:00;2025-05-01 16:47:49-03:00;0,0;
1;25.GARR.1L;Garrafa Térmica Safira | Inox | 1 litro;;;2664;0,0;0,0;;0;0;0;;2023-10-19 09:36:34-03:00;0,0;
1;42.FEL.RED.20MM.24PC;Feltro Redondo | 20mm | 24 Peças;;;2544;3,87;2,815425;;0;0;0;2023-11-28 23:29:00-03:00;2023-10-26 18:43:28-03:00;0,0;
1;24.SMRT.LOCK.SL120;Fechadura Digital Smart Lock SL120;;;2593;291,28;211,90619999999998;;0;0;0;2022-11-29 12:31:36-03:00;2023-10-31 19:50:32-03:00;0,0;
1;24.FEC.ART801;Fechadura de Embutir | ART801;;;2598;13,38;10,60365;;0;0;0;2023-10-16 16:42:17-03:00;;0,0;
1;8.MOLAP.CZ;Mola Triunfo 454 - Cinza;;;2600;37,07;29,377975000000003;;56;5;51;2025-09-25 09:10:47-03:00;2026-05-14 21:10:29-03:00;2075,92;
1;37.CAD.SEG.40.BR;Cadeado | Segredo | 40mm | Branco;;;2605;19,75;15,553125;;15;0;15;2022-12-01 07:07:00-03:00;2026-02-25 00:41:24-03:00;296,25;
1;28.EXT.4.5.CE;PANELA DE PRESSAO ALUM 4,5L FEC EXT AA CEREJA;;;2585;95,56;82,4205;;0;0;0;2022-04-07 15:21:48-03:00;;0,0;
1;42.HOT.TS.2.5KG;Cola Hot Melt | Transparente | 2,5kg;;;2694;81,63;59,385825;;24;0;24;2026-03-05 17:33:12-03:00;;1959,12;
1;24.CAD.TWIN.PT;Cadeado Twinpack | Preto;;;2584;45,25;32,919375;;0;0;0;2023-01-05 09:38:40-03:00;;0,0;
1;27.SAND.DIS.RS;Sanduba Nutri Disney - Rosa;;;2571;6,66;5,67765;;0;0;0;2023-01-30 13:24:01-03:00;2023-08-23 14:48:45-03:00;0,0;
1;37.CAD.ECO.25;Cadeado | Zamac | 25mm | E-coat;;;2635;9,32;7,339500000000002;;0;0;0;2022-12-01 07:07:00-03:00;;0,0;
1;9.TRAV.FIX.CR;Trava Porta Adesivo Smartfix - Cromado;;;1765;22,97;18,95025;;22;0;22;2025-01-29 08:58:01-03:00;2026-01-18 20:26:27-03:00;505,34;
1;38.TIMER.OVO.AZ;Timer | Ovos Resina | Azul;;;2577;3,24;3,0213000000000005;;0;0;0;2022-12-07 11:37:24-03:00;2023-10-30 11:51:01-03:00;0,0;
1;27.SAND.RS;Sanduba Nutri | Rosa;;;2611;9,29;7,919725;;0;0;0;2024-03-05 15:06:02-03:00;2023-10-10 09:57:55-03:00;0,0;
1;24.FEC.TRT.RED.40;Fechadura | Chave Tetra | Redonda | 40mm;;;2594;45,41;33,035774999999994;;0;0;0;2024-01-24 11:07:47-03:00;;0,0;
1;42.GOTA.P.25PC;Bumper Gota | P | 25 Peças;;;2668;5,42;4,75605;;0;0;0;2023-06-26 19:52:00-03:00;2023-09-03 11:56:57-03:00;0,0;
1;27.LOUÇA.BASIC.TS;Escorredor de Louça Basic Transparente;;;2634;27,98;24,832249999999995;;0;0;0;2022-02-25 15:48:03-03:00;;0,0;
1;28.EXT.4.5.MR;PANELA DE PRESSAO ALUM 4,5L FEC EXT AA Marrom;;;2639;95,56;82,4205;;0;0;0;2022-04-07 15:21:48-03:00;;0,0;
1;37.CAD.SEG.40.DO;Cadeado | Segredo | 40mm | Zamac;;;2652;16,99;13,379624999999999;;0;0;0;2022-12-01 07:07:00-03:00;;0,0;
1;24.CAD.TRT.50;Cadeado | Tetra-Chave | 50mm;;;2654;82,47;59,996925000000005;;1;0;1;2023-02-16 21:07:45-03:00;2026-04-27 11:14:31-03:00;82,47;
1;27.SAB.PT;Saboneteira Splash - Preto;;;2696;7,23;6,163575;;0;0;0;2024-10-22 19:30:03-03:00;2025-04-21 09:38:34-03:00;0,0;
1;15.TD.BR.200;Trilho Duplo para Cantoneira | Branco | 2,0 Metro;;;2686;17,28;16,1136;;295;0;295;2025-08-14 18:13:00-03:00;2026-03-06 15:01:57-03:00;5097,6;
1;17.GRAMP.C.4;"Grampo tipo C | 4"" ";;;2684;18,58;16,861349999999998;;0;0;0;2024-12-20 00:00:00-03:00;;0,0;
1;17.SUP.DUP.27.BR;Suporte Duplo | 27cm | Branco;;;2103;7,2;5,2379999999999995;;4;0;4;2025-11-03 00:00:00-03:00;2025-11-25 06:32:33-03:00;28,8;
1;11.PF.4.0.35;Parafuso Chipboard 4,0 x 35mm | Caixa Master;;;2640;0,0533;0,04224025000000001;;0;0;0;;2025-03-31 20:39:13-03:00;0,0;
1;8.MOLA.HID.OU;Mola Automática 453 - Ouro;;;2681;194,37;154,03822499999998;;9;2;7;2026-03-12 14:08:55-03:00;2026-04-21 23:47:07-03:00;1749,33;
1;11.PF.5.0.40;Parafuso Chipboard 5,0 x 40mm | Caixa master;;;2627;0,0707;0,06416025;;810;0;810;;2025-05-19 17:08:17-03:00;57,266999999999996;
1;17.DOB.4.PT;Dobradiça Vai-vem | 4 Pol. | Preta;;;2623;13,505;12,2557875;;16;0;16;;2026-05-07 17:12:20-03:00;216,08;
1;20.FACA.MESA.EURO;Faca de Churrasco | Linha Euro;;;2676;3,57;3,3754349999999995;;0;0;0;2023-05-11 11:25:00-03:00;2024-08-01 10:10:55-03:00;0,0;
1;15.TS.PT.100;Trilho Simples | Preto | 100cm;;;1824;7,34;6,844550000000001;;80;0;80;2025-10-29 23:29:00-03:00;2026-05-14 09:56:56-03:00;587,2;
1;26.RL.QUAD;Ralo Inox | Quadrado | Abre e Fecha;;;2644;3,94;3,61495;;0;0;0;2023-05-15 10:14:00-03:00;2023-10-27 09:20:18-03:00;0,0;
1;27.SAB.CR;Saboneteira Splash - Cristal;;;2699;6,87;5,856675;;0;0;0;2024-07-26 23:32:01-03:00;2025-05-06 23:36:44-03:00;0,0;
1;42.LIMP.AR.300ML;Limpador de Ar Condicionado | 300ml;;;2650;15,82;12,023200000000001;;22;0;22;2023-06-26 19:52:00-03:00;2023-09-22 05:51:30-03:00;348,04;
1;42.TINT.BRB.350ML;Tinta Aerossol | Branco Brilhante | 350ml;;;2669;9,77;7,4252;;0;0;0;2023-06-26 19:52:00-03:00;;0,0;
1;19.FIO.10M;Passa Fio | Alma aço | 10m;;;2653;7,96;5,790900000000001;;31;0;31;2023-10-25 09:54:00-03:00;2026-05-05 19:46:45-03:00;246,76;
1;46.CHV.VELA.5;Chave para Velas | 05 peças;;;2663;15,89;12,386255000000002;;0;0;0;2023-11-10 16:56:00-03:00;;0,0;
1;24.CAD.PASS;Cadeado TSA | Com Segredo 35mm | Passaporte;;;2678;26,7;19,424249999999997;;0;0;0;2023-10-18 18:48:41-03:00;2024-08-01 11:00:35-03:00;0,0;
1;6.DISC.VELC.120.125;Disco de Lixa Velcro - 125mm | Grão 120;;;2647;0,34;0,29495000000000005;;1020;0;1020;2024-02-29 14:54:00-03:00;2026-04-17 20:07:51-03:00;346,8;
1;42.FITA.48.50;Fita Crepe | 48 x 50m;;;2573;8,17;6,2092;;0;0;0;2023-06-26 19:52:00-03:00;2026-01-16 16:00:28-03:00;0,0;
1;24.FEC.BIO.PT;Fechadura Eletronica | Biométrica | Preto;;;2580;153,98;122,02915;;0;0;0;2023-06-06 16:28:46-03:00;2023-06-15 09:33:23-03:00;0,0;
1;13.MF.RET.PT.35;Mão Francesa Retrátil | Preta | 35cm;;;1729;28,31;26,399075;;192;0;192;2023-01-26 16:59:00-03:00;2023-05-10 10:25:44-03:00;5435,5199999999995;
1;4.ROD.BUC.38.PT;Rodízio 38mm C/ Bucha - Preto;;;2242;2,52;1,9970999999999997;;46;0;46;2025-04-08 08:14:36-03:00;2026-04-27 08:04:15-03:00;115,92;
1;39.MAO.RET.20;Mão Francesa Retrátil | 20cm;;;2608;6,05425;5,554774375;;0;0;0;;2023-10-17 12:04:46-03:00;0,0;
1;38.PROT.BR;KIT | 2 Protetores de Parede;;;2606;2,09;2,0168499999999994;;0;0;0;2023-08-30 15:26:33-03:00;2024-08-01 16:21:36-03:00;0,0;
1;4.CAB.COR.AZ;Cabide Coração Azul;;;2076;1,86;1,53915;;0;0;0;2022-02-23 08:54:11-03:00;;0,0;
1;6.MAOF.PT.25;Mão Francesa Preto | 25cm;;;2761;1,84;1,7158;;4168;1968;2200;2026-03-03 08:14:00-03:00;2026-05-13 21:22:11-03:00;7669,12;
1;45.DOBR.CR;Dobradiça Aço | Cromada;;;1631;14,91;11,741625;;0;0;0;2023-10-25 10:15:00-03:00;;0,0;
1;37.CAD.PT;Cadeado | Segredo | 25mm | Preto Fosco;;;1601;9,79;7,709624999999999;;212;0;212;2025-02-12 05:45:00-03:00;2026-04-30 09:59:46-03:00;2075,48;
1;28.INT.4.5.ALU;PANELA DE PRESSAO ALUM 4,5L FEC INT POLIDA PANELUX CLASSIC;;;2665;32,62;28,134749999999997;;0;0;0;2022-04-07 15:21:48-03:00;;0,0;
1;38.COCO.14;Furador de Coco | Aço Inox | 14cm;;;1634;4,92;4,5239400000000005;;0;0;0;2023-05-16 16:21:04-03:00;2025-02-23 10:53:24-03:00;0,0;
1;38.PROT.DEDO;Protetor De Dedos Cozinha | Aço Inox;;;1622;2,38;2,2193499999999995;;0;0;0;2023-05-16 16:21:04-03:00;2025-03-19 14:38:10-03:00;0,0;
1;50.PORT.COPO.BR;Dispenser Easy Flex - Branco;;;2940;0,0;0,0;;0;0;0;;2025-05-06 22:30:30-03:00;0,0;
1;36.BUCHA.SFU.10;Bucha SFU 10 | 250 Peças;;;1625;0,07152;0,059004;;15750;0;15750;;;1126,44;
1;4.BOMB.CHOP;Bomba para chop;;;1673;0,0;0,0;;0;0;0;;2023-06-01 10:41:06-03:00;0,0;
1;45.GAN.ANT;Gancho de Rede | Antique;;;2702;22,69;18,605800000000002;;0;0;0;2024-01-22 09:48:00-03:00;2024-08-01 10:11:21-03:00;0,0;
1;26.LUZ.AUT;Luz de Emergência Automotica | 12v led 5W;;;2642;10,36;9,997399999999999;;0;0;0;2023-05-15 10:14:00-03:00;2023-08-30 23:39:30-03:00;0,0;
1;42.COLA.14KG;Cola de contato | 14kg;;;1615;236,02;171,70455;;72;0;72;2026-02-27 15:22:07-03:00;2026-05-12 07:22:24-03:00;16993,440000000002;
1;45.DOBR.ACE.ESC;Dobradiça Aço | Acetinado Escovado;;;2659;14,91;11,741625;;0;0;0;2023-10-25 10:15:00-03:00;;0,0;
1;37.FEC.602.03.INX;Fechadura | 601-602/03 | Inox;;;2648;30,49;24,010875;;0;0;0;2024-10-31 05:51:00-03:00;2025-05-14 06:54:14-03:00;0,0;
1;29.SUP.TS.CZ.40;Suporte Simples 40cm Cinza;;;2304;7,03;5,571275;;8;0;8;2022-07-13 13:19:00-03:00;2023-09-19 11:07:51-03:00;56,24;
1;26.APLIC.FITA;Aplicador de Fita Adesiva;;;2656;16,32;15,748800000000001;;19;0;19;2023-05-15 10:14:00-03:00;2026-04-06 09:41:39-03:00;310,08;
1;27.ESC.TAP.SING.PT;Escorredor com Tapete | Single | Preto;;;1624;27,44;23,3926;;0;0;0;2025-01-24 14:46:02-03:00;2025-03-24 23:00:41-03:00;0,0;
1;15.TS.BR.150; Trilho p/ Prateleira | Branco | 1,5 Metros;;;2929;8,96;8,355200000000002;;0;0;0;2024-12-17 19:11:00-03:00;;0,0;
1;42.COLA.750G;Cola de Contato | 750g;;;3168;25,89;18,834975;;201;0;201;2026-03-06 07:48:07-03:00;2026-05-14 21:41:11-03:00;5203,89;
1;37.FEC.701.100.PTF;Fechadura | 701/100 | Preto Fosco;;;2762;31,21;24,577875;;0;0;0;2023-10-27 05:36:00-03:00;2024-07-31 12:02:14-03:00;0,0;
1;24.CAD.50;Cadeado | Clássico | 50mm;;;2655;25,47;18,529424999999996;;0;0;0;2024-02-19 18:45:24-03:00;2025-05-21 20:42:38-03:00;0,0;
1;24.CAD.TRT.60;Cadeado | Tetra-Chave | 60mm;;;2670;96,1;69,91274999999999;;0;0;0;2023-02-16 21:07:45-03:00;2023-10-30 19:31:28-03:00;0,0;
1;27.OVAL.BR;Escorredor de Talheres Oval | Branco;;;1645;9,57;8,158425000000001;;0;0;0;2024-10-22 19:30:03-03:00;2025-05-10 18:13:29-03:00;0,0;
1;32.TORN.BR;Torneira de Mesa | Branca;;;2764;17,33;13,647375;;12;0;12;2023-09-20 17:06:00-03:00;;207,95999999999998;
1;45.GAN.ZC;Gancho de Rede | Zincado;;;2736;19,02;15,596400000000001;;5;0;5;2024-01-22 09:48:00-03:00;2026-04-21 15:00:57-03:00;95,1;
1;27.UNO.BR;Pote Clear | Uno | Branco;;;2672;11,08;9,445700000000002;;0;0;0;2024-03-05 15:06:02-03:00;;0,0;
1;32.PROL.REG.20;Prolongador ABS Cromo P/ Registro Deca 20mm;;;1623;10,89;8,575875000000002;;11;0;11;2022-06-24 10:48:00-03:00;2026-02-05 18:37:28-03:00;119,79;
1;29.TS.PT.150;Trilho Simples para Cantoneira | Preto | 150cm;;;2293;12,14;9,62095;;0;0;0;2023-11-23 08:56:00-03:00;2024-02-08 17:20:32-03:00;0,0;
1;24.FEC.ART940B;Fechadura para Gaveteiro | ART 940B0 ;;;2751;7,28;5,7694;;0;0;0;2023-02-08 12:51:24-03:00;2023-05-22 07:32:38-03:00;0,0;
1;17.ALMO.425G;Almotolia - 425g;;;1621;18,4;16,698;;0;0;0;2024-01-03 00:00:00-03:00;;0,0;
1;17.CINTA.4.5;"Cinta Carga Com Catraca 4.5m 1""";;;1595;16,58;15,046349999999999;;0;0;0;2022-06-10 00:00:00-03:00;2023-06-19 08:20:37-03:00;0,0;
1;30.ROD.GAME.PT;Rodízio Gamer | SQ55 | HGA | Preto;;;1591;9,5;7,220000000000001;;6;0;6;2025-05-07 10:30:14-03:00;2025-11-10 14:21:32-03:00;57,0;
1;26.ADES.24PC;Adesivo Anti Impacto | 24 Peças;;;2641;1,86;1,7949000000000002;;104;0;104;2023-05-15 10:14:00-03:00;2025-05-15 10:29:15-03:00;193,44;
1;1.SUP.DUP.BR.32;Suporte Para Trilho Duplo | Branco | 32cm;;;2509;10,01;7,607600000000001;;0;0;0;2022-06-20 10:02:00-03:00;2024-07-31 14:49:03-03:00;0,0;
1;44.VEDA.I.BR;Veda Fresta | Modelo I | Branco;;;2710;14,9;10,839749999999999;;0;0;0;2023-08-22 16:09:00-03:00;2023-10-06 09:39:19-03:00;0,0;
1;20.FACA.SOB.EURO;Faca de Sobremesa | Linha Euro;;;2725;3,01;2,845955;;0;0;0;2023-05-11 11:25:00-03:00;;0,0;
1;27.POT.FLIP.1.1L;Pote Hermético Flip | 1,1l;;;1630;13,99;13,045675;;0;0;0;2023-10-27 02:04:03-03:00;;0,0;
1;6.ALI.REB.ALAV;Alicate Rebitador Tipo Alavanca;;;1618;31,52;28,98264;;0;0;0;2023-05-08 09:06:00-03:00;;0,0;
1;29.TS.BR.100;Trilho Simples para Cantoneira | Branco | 100cm;;;1604;7,34;5,81695;;0;0;0;2025-10-22 12:43:00-03:00;;0,0;
1;26.SOQ.E27;Soquete E27 C/ Adaptador Para Tomada | Liga e Desl;;;2660;2,68;2,5862;;12;0;12;2023-05-15 10:14:00-03:00;2025-03-27 09:03:44-03:00;32,160000000000004;
1;18.CAD.LAT.40;Cadeado | Latão | 40mm;;;2368;19,68;15,498000000000001;;0;0;0;2022-12-12 21:21:33-03:00;;0,0;
1;4.BELLA.CZ;Bella Bomba Cinza;;;1629;18,3;14,22825;;0;0;0;2022-02-23 08:54:11-03:00;;0,0;
1;ERRO;Trilho Simples | Preto | 200cm;;;2967;0,0;0,0;;0;0;0;;;0,0;
1;17.CONT.5ALG;Contador Numérico De Batidas 5 Algarismos Starfer;;;1587;0,0;0,0;;0;0;0;;;0,0;
1;42.GAN.BR.P;Gancho Ambar Branco | P ;;;1582;9,07;6,8932;;0;0;0;2023-11-28 23:29:00-03:00;2025-03-05 01:20:26-03:00;0,0;
1;32.SIF.CANOP.70;Sifão Tubo Extensivo Cromado c/ Canopla | 70cm;;;1620;21,31;16,781625000000002;;0;0;0;2024-07-31 15:31:00-03:00;;0,0;
1;25.FECH.4511;Fechadura 4511 - P/ Móveis c/ Lingueta - 49mm ;;;2662;6,22;5,30255;;0;0;0;2023-03-16 08:40:39-03:00;2023-10-14 10:31:56-03:00;0,0;
1;1.SUP.TS.PT.25;Suporte Para Trilho Simples | Preto | 25cm;;;1828;4,0;3,1100000000000008;;6;0;6;2023-07-17 13:23:00-03:00;2026-05-02 12:37:37-03:00;24,0;
1;6.ESQ.25;Esquadro 10 Polegadas - 25cm;;;2973;4,49;4,3328500000000005;;0;0;0;2024-10-23 08:24:00-03:00;2025-05-13 19:02:31-03:00;0,0;
1;4.BELLA.LA;Bella Bomba Laranja;;;1586;18,3;14,22825;;0;0;0;2022-02-23 08:54:11-03:00;;0,0;
1;27.LIX.SING.CZE;Lixeira Single 2,5l - Cinza Escuro;;;1609;11,99;10,221475000000002;;10;0;10;2024-12-19 19:54:01-03:00;;119,9;
1;6.DISC.CONT;Disco Diamantado Contínuo 110mm Corte A Seco;;;1641;5,86;5,083550000000001;;0;0;0;2022-03-14 10:30:00-03:00;;0,0;
1;27.POT.FLIP.1.5L;Pote Hermético Flip | 1,5l;;;2695;13,99;13,045675;;0;0;0;2023-10-27 02:04:03-03:00;2025-03-07 19:51:34-03:00;0,0;
1;6.DISC.TURBO;DISCO DIAM TURBO 20 X 110 MM DB;;;2649;6,05;5,248374999999999;;0;0;0;2022-03-14 10:30:00-03:00;2023-06-12 09:12:12-03:00;0,0;
1;27.OVAL.CZE;Escorredor de Talheres Oval | Cinza Escuro;;;1600;0,0;0,0;;0;0;0;;;0,0;
1;27.DISP.SING.CZC;Dispenser Single - Cinza Claro;;;1588;6,49;5,532725;;0;0;0;2024-12-19 19:54:01-03:00;2025-05-27 00:24:42-03:00;0,0;
1;27.LIX.SING.AM;Lixeira Single 2,5l -  Amarelo;;;3090;12,78;10,89495;;0;0;0;2022-05-10 18:24:04-03:00;2023-02-27 11:02:08-03:00;0,0;
1;31.FERRO.RX.110;Ferro a Vapor | Iron Light 127v | Roxo;;;2739;54,88;51,1756;;0;0;0;2023-08-21 08:30:01-03:00;2023-10-31 21:25:46-03:00;0,0;
1;11.PF.3.5.16;Parafuso Minichip 3,5 x 16mm ;;;3068;0,025099999999999997;0,01989175;;0;0;0;;;0,0;
1;31.BAT.LR44.10;Bateria | Alcalina | LR44 | Blister 10 Peças;;;1603;2,4;2,316;;0;0;0;2023-12-22 15:07:04-03:00;2025-02-16 23:53:37-03:00;0,0;
1;27.ESC.INX.12P;Escorredor de louça | Inox | 12 Pratos;;;3065;69,01;58,831025000000004;;12;0;12;2024-08-29 10:04:00-03:00;2026-01-19 17:55:26-03:00;828,1200000000001;
1;31.FERRO.GLIDE.110;Ferro a Vapor | Iron Glide | Azul Escuro;;;2742;76,32;66,20759999999999;;0;0;0;2022-09-14 07:35:00-03:00;;0,0;
1;38.TAP.PVC;Tapete | Escorredor | PVC;;;2871;13,5;12,588750000000001;;2;0;2;2023-05-16 16:21:04-03:00;2023-10-23 16:08:56-03:00;27,0;
1;24.FEC.DIG.SL125;Fechadura Digital de Sobrepor | SL125;;;3067;397,28;289,02119999999996;;0;0;0;2024-07-17 23:54:18-03:00;2026-01-03 13:46:59-03:00;0,0;
1;24.FEC.POR.100;Fechadura para Portão |100mm | Preto;;;2706;38,24;27,819599999999998;;0;0;0;2023-04-25 12:42:30-03:00;2024-08-01 10:13:11-03:00;0,0;
1;29.TS.CZ.200;Trilho Simples para Cantoneira | Cinza | 200cm;;;2286;19,13;15,160524999999998;;0;0;0;2022-06-15 13:46:00-03:00;2023-03-23 10:29:49-03:00;0,0;
1;6.TS.BR.200;Trilho p/ Prateleira | Branco | 2 Metros;;;3124;11,75;10,956874999999998;;746;0;746;2026-03-03 08:14:00-03:00;2026-05-13 21:16:38-03:00;8765,5;
1;51.ROD.PIN.PT;Roda de Nylon 50mm ;;;3032;3,24;2,5677000000000003;;90;0;90;2024-07-24 00:01:39-03:00;;291,6;
1;6.TESO.VERG;Tesoura Corta Vergalhão;;;2716;45,93;42,232634999999995;;6;0;6;2023-05-10 09:26:00-03:00;2024-07-31 12:27:28-03:00;275,58;
1;42.APLIC.SIL.PT;Aplicador de Silicone | Preto ;;;2735;12,0;9,354000000000001;;0;0;0;2023-06-26 19:52:00-03:00;;0,0;
1;24.MOLA.PPZ.PR;Mola Aérea | PPZ200 | Prata;;;2708;122,07;96,74047499999999;;0;0;0;2023-01-20 16:35:38-03:00;;0,0;
1;6.BROC.SDS.6.110;Broca Concreto SDS Plus | 6.0 x 110mm;;;2709;2,36;2,1889;;0;0;0;2022-03-22 08:54:00-03:00;2023-10-23 16:41:14-03:00;0,0;
1;38.TRAV.FOLHA;Trava Porta | Folha | 9,5 x 5cm;;;2876;3,46;3,3388999999999998;;0;0;0;2022-12-07 11:37:24-03:00;2023-09-14 09:05:02-03:00;0,0;
1;27.POT.FLIP.2.3L;Pote Hermético Flip | 2,3l;;;2715;14,99;13,978174999999998;;0;0;0;2023-10-27 02:04:03-03:00;;0,0;
1;25.AMPO.1L;Ampola de Vidro | Safira | 1 litro;;;2731;33,37;32,20204999999999;;0;0;0;2023-03-03 13:48:25-03:00;2023-10-27 10:37:15-03:00;0,0;
1;27.LOUÇA.SING.VM;Escorredor de Louça Single - Vermelho;;;1635;15,81;14,031374999999999;;0;0;0;2022-02-25 15:48:03-03:00;;0,0;
1;42.FEL.RED.30MM.12PC;Feltro Redondo | 30mm | 12 Peças;;;2729;3,87;2,815425;;0;0;0;2023-06-26 19:52:00-03:00;;0,0;
1;12.FITA.45x100.MR;Fita Adesiva Marrom - 45x100m;;;2714;5,9;4,29225;;0;0;0;2024-08-27 13:56:11-03:00;2023-08-04 14:18:01-03:00;0,0;
1;31.DIS.2P.6A;Disjuntor 2 Polos | 6A;;;2767;14,29;13,325425;;0;0;0;2023-12-11 08:13:13-03:00;;0,0;
1;38.COCO.16;Furador de Coco | Aço Inox | 16,5cm;;;2713;7,11;6,537645000000001;;0;0;0;2022-12-07 11:37:24-03:00;2023-10-17 06:47:35-03:00;0,0;
1;27.POT.FLIP.2L;Pote Hermético Flip | 2l;;;2717;14,99;13,978174999999998;;0;0;0;2023-10-27 02:04:03-03:00;;0,0;
1;17.MOLA.ZC;Mola Aéra | Prata;;;2707;34,5;25,09875;;35;0;35;2025-11-03 00:00:00-03:00;2026-05-07 15:49:20-03:00;1207,5;
1;31.LAMP.12W.BRQ;Lâmpada Bulbo | Led | 12w | Branco Quente ;;;2763;3,2;2,9840000000000004;;96;0;96;2023-12-11 08:13:13-03:00;2026-03-16 18:09:26-03:00;307,20000000000005;
1;38.ESCOV.PELO;Escova Removedora de Pelos;;;3108;18,29;15,866575000000001;;0;0;0;2023-05-22 08:49:07-03:00;;0,0;
1;39.MINI.MART;"Mini Martelo Unha | 6""";;;2815;3,633166666666667;3,34069675;;0;0;0;;2024-07-31 13:01:26-03:00;0,0;
1;31.FERRO.AZ.110;Ferro a Vapor | Iron Steam PRO 127v | Azul;;;2758;96,34;89,83705000000002;;0;0;0;2023-08-21 08:30:01-03:00;2023-10-24 09:06:35-03:00;0,0;
1;31.PILHA.A23;Bateria | Alcalina | A23 | Cartela c/ 5 Peças ;;;2757;8,35;7,389749999999999;;0;0;0;2024-01-15 16:05:04-03:00;2025-03-12 22:24:08-03:00;0,0;
1;27.LOUÇA.SING.BR;Escorredor de Louça Single - Branco;;;1626;15,81;14,031374999999999;;0;0;0;2022-02-25 15:48:03-03:00;;0,0;
1;17.GRAMP.C.5;"Grampo tipo C | 5"" ";;;3100;22,11;20,064825;;0;0;0;2024-09-26 00:00:00-03:00;2025-04-01 13:21:22-03:00;0,0;
1;25.AMPO.2.5L;Ampola de reposição | Exclusiva | 2,5l ;;;2745;75,63;72,98295;;0;0;0;2023-03-03 13:48:25-03:00;2023-05-08 09:09:46-03:00;0,0;
1;21.GAN.ANJO;Encurtador de Rede Anjo (Par);;;3156;65,02;47,30205;;0;0;0;2025-01-10 15:24:37-03:00;;0,0;
1;31.LAMP.12W.BRF;Lâmpada Bulbo | Led | 12w | Branco Frio ;;;2765;3,2;2,9840000000000004;;66;0;66;2023-12-11 08:13:13-03:00;;211,20000000000002;
1;19.ADAP.SOQ;Adaptador Para Soquete | Jogo c/ 3 Peças;;;2722;9,02;7,572289999999999;;0;0;0;2023-10-25 09:54:00-03:00;2025-02-20 16:37:16-03:00;0,0;
1;17.VELC.BR.125.220;Disco de Lixa Pluma | Branco | Grão  220;;;2744;0,68;0,4947000000000001;;121;0;121;2025-11-03 00:00:00-03:00;2026-05-14 21:21:20-03:00;82,28;
1;42.ROLO.AD.100MM;Rolo Adesivo | 60 fls | 100mm;;;2733;9,54;7,2504;;0;0;0;2023-06-26 19:52:00-03:00;;0,0;
1;15.LAP.CARP;Lápis para Carpinteiro (c/ 72);;;2712;23,12;20,0566;;0;0;0;2023-01-24 19:14:00-03:00;2023-07-10 12:35:38-03:00;0,0;
1;31.DIS.3P.25A;Disjuntor 3 Polos | 25A;;;2760;19,81;18,472824999999997;;0;0;0;2023-12-11 08:13:13-03:00;;0,0;
1;42.FITA.24.50;Fita Crepe | 24 x 50m;;;2718;3,97;3,0172000000000003;;0;0;0;2023-11-28 23:29:00-03:00;2025-11-18 08:18:15-03:00;0,0;
1;27.SAB.AZ;Saboneteira Splash - Azul;;;2719;6,58;5,60945;;1;0;1;2024-07-26 23:32:01-03:00;2026-04-26 17:19:53-03:00;6,58;
1;51.ROD.BOR.SEMT.75;Rodízio Giratório Borracha | 75mm | Sem Trava;;;3161;11,83;9,375275;;42;0;42;2024-08-03 13:01:28-03:00;2025-04-19 17:37:18-03:00;496,86;
1;18.CAD.LAT.50;Cadeado | Latão | 50mm;;;2367;28,23;22,231125000000002;;2;0;2;2022-12-12 21:21:33-03:00;2023-03-15 10:40:48-03:00;56,46;
1;37.CAD.ECO.45;Cadeado | Zamac | 45mm | E-coat;;;2804;16,04;12,6315;;6;0;6;2022-12-01 07:07:00-03:00;2023-02-08 08:25:58-03:00;96,24;
1;27.SAND.RX;Sanduba Nutri | Lilás;;;2727;9,66;8,235149999999999;;0;0;0;2024-10-22 19:30:03-03:00;2025-02-16 16:45:02-03:00;0,0;
1;15.SUP.TS.PT.15;Suporte P/ Trilho | Preto | 15cm;;;2781;1,93;1,7997250000000002;;691;0;691;2026-02-05 20:31:00-03:00;2026-05-13 11:25:40-03:00;1333,6299999999999;
1;27.LIX.SING.BRC;Lixeira Single 2,5l - Branco Acinzentado;;;1596;11,99;10,221475000000002;;0;0;0;2024-12-19 19:54:01-03:00;;0,0;
1;6.MAOF.PT.30;Mão Francesa Preta | 30cm;;;2749;2,25;2,098125;;4001;594;3407;2026-01-29 10:05:00-03:00;2026-05-14 20:12:14-03:00;9002,25;
1;44.VEDA.E.BR;Veda Fresta | Modelo E | Branco;;;2827;14,9;10,839749999999999;;16;0;16;2023-08-22 16:09:00-03:00;;238,4;
1;31.FERRO.BR.110;Ferro de Passar Seco | 12v | Branco;;;2737;39,84;34,56120000000001;;0;0;0;2022-07-13 10:17:06-03:00;;0,0;
1;27.DISP.FLAT.500.AZ;Dispenser Flat Lgr 500ml - Azul;;;1602;22,42;19,33725;;0;0;0;2022-03-21 15:56:02-03:00;;0,0;
1;18.CAD.20.AM;Cadeado | SM | 20mm | Amarelo;;;2371;12,87;10,135124999999999;;0;0;0;2022-12-12 21:21:33-03:00;2023-07-01 05:53:20-03:00;0,0;
1;31.DIS.2P.10A;Disjuntor 2 Polos | 10A;;;3101;0,0;0,0;;0;0;0;;;0,0;
1;38.TIMER.OVO.AM;Timer | Ovos Resina Amarelo;;;2875;3,24;3,0213000000000005;;0;0;0;2022-12-07 11:37:24-03:00;2023-10-26 09:45:57-03:00;0,0;
1;16.BUCHA.PER.10;Bucha Perfix | 10mm;;;1752;0,06952;0,0528352;;4900;0;4900;;2026-05-07 19:45:25-03:00;340,64799999999997;
1;38.TIMER.OVO.VM;Timer | Ovos Resina | Vermelho;;;2873;3,24;3,0213000000000005;;0;0;0;2022-12-07 11:37:24-03:00;2023-06-01 08:53:58-03:00;0,0;
1;36.BUCHA.FLY.3;Bucha Fly 3 | 50 Peças;;;1676;0,1048;0,08646000000000002;;3606;0;3606;;2026-04-23 13:04:46-03:00;377,90880000000004;
1;27.ESC.SING.VM;Escorredor de Louças | Single | Vermelho;;;1700;15,81;14,031374999999999;;0;0;0;2022-02-25 15:48:03-03:00;;0,0;
1;5.TRAV.BOR.MRC;Trava Porta De Borracha | Marrom Claro;;;1667;7,65;7,057125;;0;0;0;2022-04-27 17:19:17-03:00;;0,0;
1;42.SILIC.SPRAY.300ML;Silicone Spray | Tekspray | 300ml;;;2732;11,17;8,4892;;0;0;0;2023-06-26 19:52:00-03:00;2024-07-31 12:38:34-03:00;0,0;
1;17.LONA.2X2;Lona 75G | 2x2 | Azul;;;2792;11,38;10,327350000000001;;22;0;22;2025-08-08 00:00:00-03:00;2025-11-24 18:45:40-03:00;250,36;
1;11.PF.3.16.40;Parafuso Zincado | 3/16 x 40mm ;;;2741;0,11359999999999999;0,090028;;0;0;0;;2025-04-01 11:04:18-03:00;0,0;
1;33.TRAV.CPM.DO;Prendedor de Porta | CPM | Dourado;;;2791;17,1;15,389999999999999;;0;0;0;2022-06-30 14:07:00-03:00;2025-11-02 12:14:36-03:00;0,0;
1;10.TRAV.CR;Batente De Porta | Cromado | max 118;;;2888;11,64;10,476;;114;0;114;2025-01-08 13:01:00-03:00;2026-04-30 13:07:52-03:00;1326,96;
1;37.FEC.502.33.INX;Fechadura | 501-502/33 | Inox;;;2803;30,8;24,255000000000003;;0;0;0;2025-02-12 05:45:00-03:00;2025-04-27 19:56:31-03:00;0,0;
1;33.TRAV.CPM.CR;Prendedor de Porta | CPM | Cromado;;;2799;17,1;15,389999999999999;;0;0;0;2022-06-30 14:07:00-03:00;;0,0;
1;6.DISC.VELC.240.125;Disco de Lixa Velcro - 125mm | Grão 240;;;2789;0,36;0,31229999999999997;;1760;0;1760;2024-07-19 08:48:00-03:00;2026-05-04 08:39:03-03:00;633,6;
1;15.BITS.110;Jogo de Bits C/ 10 peças | 110mm;;;2768;17,24;15,85218;;0;0;0;2022-05-10 19:57:00-03:00;;0,0;
1;27.SAB.CZ;Saboneteira Splash - Cinza ;;;2723;5,7;4,859249999999999;;0;0;0;2023-02-14 19:20:02-03:00;2023-10-29 21:58:52-03:00;0,0;
1;26.TAPE.50M;Fita Adesiva | Silver Tape 45x50m;;;2772;15,64;15,092600000000001;;0;0;0;2023-05-15 10:14:00-03:00;2024-07-31 12:55:16-03:00;0,0;
1;24.CAD.20;Cadeado | Clássico | 20mm;;;2754;8,53;6,205575;;0;0;0;2023-02-16 21:07:45-03:00;2025-05-27 20:52:50-03:00;0,0;
1;25.MOLA.A530.F4.PR;Mola Aérea A530 Força 4 - 85kg Prata;;;2855;105,98;98,82635;;0;0;0;2022-12-13 17:01:11-03:00;2023-07-17 11:46:32-03:00;0,0;
1;35.ROD.PT.CZ;Rodízio | RD 55 | PU;;;2802;5,85;5,308875;;0;0;0;2023-02-09 00:00:00-03:00;2023-08-17 17:06:38-03:00;0,0;
1;17.MOLA.OU;Mola Aérea | Ouro;;;2788;34,5;25,09875;;2;0;2;2025-11-03 00:00:00-03:00;2026-04-16 10:02:44-03:00;69,0;
1;42.DUPLA.EXT.25MM.2M;Fita Dupla Face | Externa | 25mm x 2m;;;1688;14,78;10,752450000000001;;9;0;9;2023-06-26 19:52:00-03:00;2026-04-27 09:23:12-03:00;133,01999999999998;
1;25.MOLA.A302.F2.PR;Mola Aérea A302 Força 2 - 45kg Prata;;;2724;52,0;48,49000000000001;;0;0;0;2023-11-24 17:20:33-03:00;2024-07-31 12:32:26-03:00;0,0;
1;17.VELC.BR.125.1000;Disco de Lixa Pluma | Branco | Grão  1000;;;2886;0,68;0,4947000000000001;;1612;0;1612;2025-11-03 00:00:00-03:00;2026-05-10 23:06:47-03:00;1096,16;
1;3.MLT.5060.PT;MALETA COMBAT 5060 PRETA - 12 - PRIMEIRA MOAGEM;;;2704;2,18;1,80395;;0;0;0;2021-11-23 10:31:02-03:00;;0,0;
1;31.UMID.TOUCH.4LT;Umidificador de Ar Touch | 4 Litros;;;2771;137,41;99,965775;;0;0;0;2024-01-19 08:34:37-03:00;;0,0;
1;26.BALANC.TS.QUAD;Balança de Banheiro | Transparente Quadrada 180kg;;;2809;31,35;31,271625;;0;0;0;2023-05-15 10:14:00-03:00;;0,0;
1;44.VEDA.5MM.BR;Veda Fresta | 5mm | Branco;;;2832;14,63;10,643325;;17;0;17;2023-08-22 16:09:00-03:00;2026-02-15 18:12:44-03:00;248,71;
1;17.VELC.BR.125.150;Disco de Lixa Pluma | Branco | Grão  150;;;1857;0,68;0,4947000000000001;;10;0;10;2025-11-03 00:00:00-03:00;2026-05-14 21:19:04-03:00;6,800000000000001;
1;38.FORM.QUAD.16;Forma Cozimento | Quadrada | 16cm;;;2812;8,58;8,000850000000002;;58;0;58;2023-05-22 08:49:07-03:00;2026-05-05 18:28:24-03:00;497,64;
1;20.ESPA.2.5;Espátula Curva | Inox | 2,5;;;2807;9,44;8,8028;;20;0;20;2023-05-11 11:25:00-03:00;2023-09-24 22:00:32-03:00;188,79999999999998;
1;25.GARR.1.9L;Garrafa Térmica Safira | Inox | 1,9 litros;;;2846;103,62;99,99330000000002;;0;0;0;2023-03-03 13:48:25-03:00;2024-08-01 10:28:17-03:00;0,0;
1;30.ROD.PIN.PT.CZ;Rodízio SQ90 | HGA (Com Pino) | Preto c/ Cinza;;;2738;6,04;4,5904;;54;0;54;2025-03-13 13:56:24-03:00;2025-03-24 15:50:32-03:00;326,16;
1;3.EST.8002;Estojo Organizador Double Case | 8002;;;2433;2,84;2,2506999999999997;;0;0;0;2023-12-27 14:20:25-03:00;2024-08-01 16:13:47-03:00;0,0;
1;31.BAT.9V.250;Bateria Energy  Roxa | 9V Recarregável | 250 mAh;;;2752;16,32;15,748800000000001;;0;0;0;2024-01-15 16:05:04-03:00;2023-10-11 10:31:14-03:00;0,0;
1;19.BITS.5;Bits/Ponteira | CRV | 5 Peças;;;2778;6,56;5,50712;;0;0;0;2023-10-25 09:54:00-03:00;2023-07-12 09:43:02-03:00;0,0;
1;27.DISP.FLAT.500.VM;Dispenser Flat Lgr 500ml - Vermelho;;;2680;17,47;14,893175000000001;;2;0;2;2023-03-22 09:34:01-03:00;2024-07-31 14:33:58-03:00;34,94;
1;8.MOLAP.OU;Mola Triunfo 454 - Ouro;;;2796;37,07;29,377975000000003;;121;7;114;2025-11-20 13:52:22-03:00;2026-05-10 20:52:18-03:00;4485,47;
1;27.MARM.DIS.VM;Marmita Hermética Nutri Disney - Vermelha;;;2776;13,34;11,37235;;0;0;0;2023-02-14 19:20:02-03:00;2023-08-20 14:31:05-03:00;0,0;
1;17.LONA.8X6;Lona 75G | 8x6 | Azul;;;1725;136,17;123,574275;;0;0;0;2025-11-03 00:00:00-03:00;2025-11-17 19:58:52-03:00;0,0;
1;44.VEDA.E.MR;Veda Fresta | Modelo E | Marrom;;;2831;14,9;10,839749999999999;;14;0;14;2023-08-22 16:09:00-03:00;2026-03-20 13:21:52-03:00;208,6;
1;27.SAB.VM;Saboneteira Splash - Vermelho;;;2728;6,77;5,771425;;0;0;0;2023-12-18 16:48:03-03:00;2023-09-11 19:43:20-03:00;0,0;
1;48.TUC.PP.PT;Suporte Tucano | PP | Preto;;;2894;3,4;2,6775;;207;0;207;2024-05-07 10:22:24-03:00;2026-02-07 12:48:45-03:00;703,8;
1;27.SAND.VD;Sanduba Nutri | Verde;;;2730;9,29;7,919725;;4;0;4;2024-03-07 19:28:02-03:00;2026-04-23 20:41:10-03:00;37,16;
1;39.CHV.MAND2PC;Chave p/ Mandril (2pçs);;;2862;0,0;0,0;;0;0;0;;2024-08-01 10:38:31-03:00;0,0;
1;27.LOUÇA.SING.PT;Escorredor de Louça Single - Preto;;;1678;15,81;14,031374999999999;;0;0;0;2022-02-25 15:48:03-03:00;;0,0;
1;test_sku;Test Product;;;2887;0,0;0,0;;0;0;0;;;0,0;
1;39.ESC.3PC;Escova de Aço | 03 Peças;;;2869;1,95;1,6916249999999997;;25;0;25;;2026-04-23 08:37:32-03:00;48,75;
1;45.DOBR.PT;Dobradiça Aço | Preto;;;2837;0,0;0,0;;0;0;0;;;0,0;
1;45.GAN.BR;Gancho de Rede | Branco;;;2829;22,69;18,605800000000002;;0;0;0;2024-01-22 09:48:00-03:00;2024-08-01 09:57:43-03:00;0,0;
1;33.TRAV.CPM.FME;Prendedor de Porta | CPM | Fumê;;;2800;17,1;15,389999999999999;;0;0;0;2022-06-30 14:07:00-03:00;2023-09-13 09:15:53-03:00;0,0;
1;31.DIS.2P.25A;Disjuntor 2 Polos | 25A;;;2774;14,29;13,325425;;0;0;0;2023-12-11 08:13:13-03:00;;0,0;
1;42.ESP.LIMPA.400;ESPUMA LIMPA TUDO 400ML;;;3169;14,68;11,1568;;8;0;8;2025-11-12 20:21:08-03:00;2026-03-31 18:35:31-03:00;117,44;
1;31.DIS.3P.10A;Disjuntor 3 Polos | 10A;;;2770;19,81;18,472824999999997;;10;0;10;2023-12-11 08:13:13-03:00;;198,1;
1;38.TAP.AIR.QUAD.16;Tapete Quadrado | 16 x 16;;;2861;3,19;2,9746749999999995;;120;0;120;2023-05-22 08:49:07-03:00;2026-05-12 20:50:53-03:00;382,8;
1;45.PREND.PT;Prendedor de Porta | Preto;;;2891;13,75;11,275;;0;0;0;2024-01-22 09:48:00-03:00;;0,0;
1;21.TRAV.DO;Prendedor de Porta - Aço Dourado (Oxidado );;;2848;10,78;7,842449999999999;;0;0;0;2023-07-04 16:23:55-03:00;2023-07-01 21:34:46-03:00;0,0;
1;32.TORN.PT;Torneira de Mesa | Preta;;;2786;17,33;13,647375;;0;0;0;2023-09-20 17:06:00-03:00;;0,0;
1;6.RALO.RED;Ralo Click | Inox | Redondo | 10x10;;;2798;15,64;14,3497;;6;0;6;2025-09-12 11:22:00-03:00;2026-05-02 00:51:12-03:00;93,84;
1;45.GAN.OU;Gancho de Rede | Ouro Velho;;;2840;22,69;18,605800000000002;;0;0;0;2024-01-22 09:48:00-03:00;;0,0;
1;32.TORN.1.2;Torneira 90º ABS Cromado P/ Maquina de Lavar 1/2;;;2775;18,47;14,545124999999999;;1;0;1;2023-09-20 17:06:00-03:00;2026-04-17 19:44:31-03:00;18,47;
1;45.GAN.PT;Gancho de Rede | Preto;;;2847;22,69;18,605800000000002;;0;0;0;2024-01-22 09:48:00-03:00;2024-08-01 10:11:33-03:00;0,0;
1;44.VEDA.TS;Veda Fresta | Transparente;;;2845;22,5;16,36875;;0;0;0;2023-08-22 16:09:00-03:00;;0,0;
1;42.COLA.400G;Cola de Contato | 400g;;;2849;15,39;11,196225000000002;;577;0;577;2026-03-05 17:33:12-03:00;2026-05-14 15:58:16-03:00;8880,03;
1;27.DISP.SING.VMC;Dispenser Single - Vermelho Claro;;;1703;6,49;5,532725;;48;0;48;2025-01-24 14:46:02-03:00;2025-11-25 18:03:09-03:00;311,52;
1;27.MARM.VD;Marmita Hermética Nutri | Verde + Preto;;;2865;14,34;12,224849999999998;;2;0;2;2024-03-05 15:06:02-03:00;2025-03-17 14:09:18-03:00;28,68;
1;45.PREND.CR;Prendedor de Porta | Cromado;;;2842;13,75;11,275;;0;0;0;2024-01-22 09:48:00-03:00;;0,0;
1;17.DISC.DIAM.800;Disco Diamantado Velcro | Grão 800;;;2780;10,94;7,958850000000001;;0;0;0;2023-10-23 00:00:00-03:00;;0,0;
1;41.MINI.R2;Sonoff | Mini R2;;;2884;38,0;27,645000000000003;;0;0;0;2023-08-04 13:48:22-03:00;2023-09-29 00:37:36-03:00;0,0;
1;44.VEDA.5MM.PT;Veda Fresta | 5mm | Preto;;;2825;14,63;10,643325;;0;0;0;2023-08-22 16:09:00-03:00;2025-04-22 18:43:09-03:00;0,0;
1;32.DUCHAO;Válvula Duchão | 06 Peças;;;2787;77,76;63,76320000000001;;2;0;2;2022-12-08 08:20:00-03:00;2026-04-30 10:15:09-03:00;155,52;
1;45.PREND.DO;Prendedor de Porta | Dourado;;;2892;13,75;11,275;;0;0;0;2024-01-22 09:48:00-03:00;;0,0;
1;42.COLA.200G;Cola de Contato | 200g ;;;2808;8,59;6,249225000000001;;6;0;6;2024-05-23 22:48:00-03:00;2026-04-27 13:36:47-03:00;51,54;
1;37.CAD.ECO.40;Cadeado | Zamac | 40mm | E-coat;;;2806;14,7;11,57625;;0;0;0;2022-12-01 07:07:00-03:00;2023-10-15 21:17:07-03:00;0,0;
1;13.PIS.BR.120;Pistão Fit | Branco | 120N;;;2860;2,35;2,1913750000000007;;333;0;333;2025-09-29 09:40:00-03:00;2026-04-25 20:57:15-03:00;782,5500000000001;
1;31.DIS.3P.6A;Disjuntor 3 Polos | 6A;;;2782;19,81;18,472824999999997;;0;0;0;2023-12-11 08:13:13-03:00;;0,0;
1;4.SAB.TAR.VD;Saboneteira Tartaruga Verde;;;2463;0,0;0,0;;0;0;0;;2023-08-04 17:38:53-03:00;0,0;
1;32.TORN.CR;Torneira de Mesa | Cromada;;;2773;32,79;25,822125;;0;0;0;2023-09-20 17:06:00-03:00;;0,0;
1;39.KIT.CANUD;Canudo de Aço Inox em (5pçs);;;2874;0,0;0,0;;0;0;0;;2025-05-27 15:30:24-03:00;0,0;
1;46.CHV.COMB.12;Chave Combinada | 12 Peças;;;2838;0,0;0,0;;0;0;0;;;0,0;
1;13.PIX.3T;Torre De Tomada | 03 Tomadas;;;2878;107,13;103,38045;;0;0;0;2022-07-28 14:55:00-03:00;2023-01-28 16:48:59-03:00;0,0;
1;27.ESC.TAP.SING.AZ;Escorredor com Tapete | Single | Azul;;;2890;0,0;0,0;;0;0;0;;;0,0;
1;27.MARM.DIS.RS;Marmita Hermética Nutri Disney - Rosa;;;2769;13,34;11,37235;;0;0;0;2023-02-14 19:20:02-03:00;2023-05-08 07:42:31-03:00;0,0;
1;12.STRET.3.TS;Bobina | 500mm x 25m | Transparente | 2,5kg;;;1702;13,5;12,25125;;0;0;0;2022-10-26 14:09:52-03:00;;0,0;
1;36.BUCHA.SFU.6;Bucha SFU 6 | 1000 Peças;;;2779;0,02114;0,017440499999999998;;0;0;0;;2026-02-04 07:38:10-03:00;0,0;
1;17.DISC.DIAM.100;Disco Diamantado Velcro | Grão 100;;;2805;10,94;7,958850000000001;;4;0;4;2023-10-23 00:00:00-03:00;;43,76;
1;38.FORM.RED.16;Forma Cozimento | Redonda | 16cm;;;2823;8,53;7,954224999999998;;61;0;61;2023-05-22 08:49:07-03:00;2026-03-12 08:43:12-03:00;520,3299999999999;
1;44.VEDA.P.MR;Veda Fresta | Modelo P | Marrom;;;2854;14,9;10,839749999999999;;18;0;18;2023-08-22 16:09:00-03:00;2025-04-05 06:12:52-03:00;268,2;
1;44.VEDA.P.BR;Veda Fresta | Modelo P | Branco;;;2836;14,9;10,839749999999999;;1;0;1;2023-08-22 16:09:00-03:00;2026-04-14 11:50:51-03:00;14,9;
1;43.DUPL.FACE.12;Fita Dupla Face | 12mm x 2m | 3M;;;2826;12,71;9,246525;;0;0;0;2023-07-26 09:00:48-03:00;2025-03-25 12:47:16-03:00;0,0;
1;1.TD.PT.100;Trilho Duplo | Preto | 100cm;;;2777;13,55;10,494475;;0;0;0;2022-11-18 15:44:00-03:00;2025-11-02 21:26:44-03:00;0,0;
1;13.CAB.BASC.83;Cabideiro Extensivel Basculante Guarda Roupa | 600/830mm;;;2959;148,3;138,28975000000003;;0;0;0;2025-01-29 14:00:00-03:00;2025-05-20 13:55:34-03:00;0,0;
1;17.LONA.12X10;Lona 75G | 12x10 | Azul;;;3131;340,48;308,9856;;0;0;0;2025-11-03 00:00:00-03:00;;0,0;
1;8.MOLA.HID.PT;Mola Automática 453 - Preto;;;2945;200,38;154,03822499999998;;7;4;3;2026-03-12 14:08:55-03:00;2026-03-30 08:38:06-03:00;1402,6599999999999;
1;38.TERMO.INX;Termômetro | Forno | Aço Inox;;;2867;8,38;8,0867;;0;0;0;2022-12-07 11:37:24-03:00;2024-08-01 10:31:09-03:00;0,0;
1;44.VEDA.P.PT;Veda Fresta | Modelo P | Preto;;;2839;14,9;10,839749999999999;;8;0;8;2023-08-22 16:09:00-03:00;2025-05-26 19:20:36-03:00;119,2;
1;44.VEDA.D.BR;Veda Fresta| Modelo D | Branco;;;2851;14,9;10,839749999999999;;0;0;0;2023-08-22 16:09:00-03:00;2023-10-21 01:04:00-03:00;0,0;
1;44.VEDA.5MM.CZ;Veda Fresta | 5mm | Cinza;;;2853;14,63;10,643325;;16;0;16;2023-08-22 16:09:00-03:00;2025-11-19 07:56:00-03:00;234,08;
1;32.ANEL.GUIA;Anel de Vedação | Com Guia;;;2866;3,79;3,1077999999999997;;87;0;87;2023-07-27 16:40:00-03:00;2026-05-14 15:26:38-03:00;329,73;
1;48.TUC.P.CR;Suporte Tucano | Pequeno | Cromado;;;2901;4,22;3,3232499999999994;;57;0;57;2024-05-07 10:22:24-03:00;2026-05-06 11:46:31-03:00;240,54;
1;6.ALI.REB.25;Alicate Rebitador | 25cm;;;2957;13,93;12,808635000000002;;34;0;34;2023-05-08 09:06:00-03:00;2025-02-27 15:26:34-03:00;473,62;
1;26.TRA.BIKE.VM;Trava para Bicicleta Vermelha;;;2097;8,64;7,495200000000001;;0;0;0;2022-07-21 17:41:00-03:00;2023-02-05 23:05:02-03:00;0,0;
1;15.SUP.TS.PT.40;Suporte P/ Trilho | Preto | 40cm;;;2918;5,59;5,212675;;20;0;20;2025-10-29 23:29:00-03:00;2026-03-25 16:08:04-03:00;111,8;
1;38.TABUA.AL;Tábua Descongelar Alimentos | Alumínio;;;2863;42,11;39,26757500000001;;0;0;0;2023-05-22 08:49:07-03:00;;0,0;
1;6.DISC.VELC.320.125;Disco de Lixa Velcro - 125mm | Grão 320;;;2880;0,36;0,31229999999999997;;2720;0;2720;2024-07-19 08:48:00-03:00;2026-05-04 08:39:03-03:00;979,1999999999999;
1;48.TUC.M.BR;Suporte Tucano | Médio | Branco;;;2895;5,5;4,33125;;107;0;107;2024-05-07 10:22:24-03:00;2026-04-07 19:21:31-03:00;588,5;
1;42.ROLO.AD.76MM;Rolo Adesivo | 21 fls | 76mm;;;1692;4,73;3,5948000000000007;;5;0;5;2023-06-26 19:52:00-03:00;2026-03-13 13:57:33-03:00;23,650000000000002;
1;17.PAQUI.PLA.150;Paquímetro Plástico | 150;;;3137;4,59;4,165425;;0;0;0;2024-11-08 00:00:00-03:00;2026-01-24 16:21:39-03:00;0,0;
1;25.SUP.MOLA.A530.PR;Suporte Mola Aérea A530 P/ Vidro - Prata;;;2844;30,81;28,730324999999997;;0;0;0;2022-12-13 17:01:11-03:00;2023-07-02 20:09:52-03:00;0,0;
1;6.BROC.SDS.8.110;Broca Concreto SDS Plus | 8.0 x 110mm;;;1705;2,32;2,13324;;0;0;0;2022-11-30 11:07:00-03:00;2023-06-28 11:06:32-03:00;0,0;
1;30.ROD.SQ90.CAPA.SEM;SQ90 S/PINO PRETO C/CAPA;;;3170;2,62;1,9912000000000003;;400;0;400;2026-01-23 07:34:26-03:00;;1048,0;
1;38.ADES.20PC.1CM;Adesivo Protetor | Silicone | 1cm | (20 peças);;;2818;2,72;2,6248000000000005;;0;0;0;2024-08-08 08:26:02-03:00;2025-05-13 13:48:37-03:00;0,0;
1;4.COL.INF.PLA.AZC;Colher Infantil Plástico - Azul Claro;;;2879;0,38;0,30115;;0;0;0;2025-01-09 10:34:30-03:00;2025-04-05 21:59:54-03:00;0,0;
1;47.DISP.PRM.500.BR;Dispenser Premium | 500ml | Branco;;;2909;17,13;14,603324999999998;;0;0;0;2024-03-05 16:12:48-03:00;;0,0;
1;38.SAB.PLAS;Saboneteira Plástica;;;2864;2,7;2,51775;;0;0;0;2023-05-22 08:49:07-03:00;2023-10-20 10:16:30-03:00;0,0;
1;6.CHVL.HEXA.9;Chave Longa Hexagonal | 9 PÇS;;;2963;11,88;10,923660000000002;;4;0;4;2024-01-22 13:25:00-03:00;2023-08-01 15:25:05-03:00;47,52;
1;46.PIROG.127V;Pirógrafo | 127v;;;2893;30,56;24,066;;0;0;0;2023-11-10 16:56:00-03:00;;0,0;
1;46.LATA.350;Amassador de Latas | 350ml;;;2883;30,56;22,2324;;0;0;0;2023-11-10 16:56:00-03:00;2024-07-31 14:20:07-03:00;0,0;
1;8.DOBR.3.CZ;Dobradiça Vai e Vem | 3 Polegadas | Cinza;;;2935;35,43;25,775325;;0;0;0;2024-01-16 11:06:20-03:00;2025-05-26 11:01:55-03:00;0,0;
1;44.VEDA.I.PT;Veda Fresta | Modelo I | Preto;;;2843;14,9;10,839749999999999;;12;0;12;2023-08-22 16:09:00-03:00;;178,8;
1;47.DISP.TRI.650.PT;Dispenser Trium | 650ml | Preto;;;2906;16,18;13,79345;;42;0;42;2024-03-05 16:12:48-03:00;2025-05-16 11:34:21-03:00;679,56;
1;6.FLAP.CON.60.115;Disco de Lixa Flap Cônico 115mm | Grão 60;;;2969;2,67;2,316225;;272;60;212;2026-01-27 08:38:00-03:00;2026-05-07 20:24:04-03:00;726,24;
1;6.BROC.SDS.6.160;Broca Concreto SDS Plus | 6.0 x 160mm;;;2964;2,56;2,35392;;0;0;0;2022-10-28 09:31:00-03:00;2023-06-08 13:44:38-03:00;0,0;
1;6.TS.BR.150;Trilho p/ Prateleira | Branco | 1,5 Metros;;;2908;11,2;10,443999999999999;;259;0;259;2026-03-03 08:14:00-03:00;2026-05-09 10:42:16-03:00;2900,7999999999997;
1;47.ORG.TEMP.2.3L.TS;Organizador de Temperos | Clear Fresh | 2,3l | NT;;;2917;0,0;0,0;;0;0;0;;;0,0;
1;47.DISP.TRI.650.BG;Dispenser Trium | 650ml | Bege;;;2911;16,18;13,79345;;43;0;43;2024-03-05 16:12:48-03:00;2026-01-03 22:43:51-03:00;695,74;
1;48.TUC.P.PT;Suporte Tucano | Pequeno | Preto;;;2899;4,22;3,3232499999999994;;142;0;142;2024-05-07 10:22:24-03:00;2025-02-26 19:17:31-03:00;599,24;
1;47.DISP.FEC.650.PT;Dispenser Fechado | 650ml | Preto;;;1671;15,57;13,273425000000001;;0;0;0;2024-03-05 16:12:48-03:00;;0,0;
1;6.TRENA.50M;Trena Longa | 50m;;;3012;16,86;16,2699;;0;0;0;2024-01-22 13:25:00-03:00;;0,0;
1;27.SAND.PT;Sanduba Nutri | Preta;;;1653;10,35;8,823375;;18;0;18;2024-10-22 19:30:03-03:00;;186,29999999999998;
1;44.VEDA.I.MR;Veda Fresta | Modelo I | Marrom;;;2857;14,9;10,839749999999999;;0;0;0;2023-08-22 16:09:00-03:00;2026-01-22 10:45:30-03:00;0,0;
1;15.SUP.TS.PT.35;Suporte P/ Trilho | Preto | 35cm;;;2889;3,77;3,5155250000000002;;640;0;640;2026-02-05 20:31:00-03:00;2026-04-24 11:52:39-03:00;2412,8;
1;3.TABUA;Tábua de Cortes;;;2856;6,23;4,9372750000000005;;0;0;0;2023-10-20 09:34:24-03:00;2025-02-19 20:12:39-03:00;0,0;
1;47.DISP.TRI.650.VM;Dispenser Trium | 650ml | Vermelho;;;2896;16,18;13,79345;;0;0;0;2024-03-05 16:12:48-03:00;;0,0;
1;38.RAL.6FAC;Ralador 6 Faces | 19,5 x 11 x 9cm;;;2859;6,51;5,985945;;0;0;0;2024-01-29 15:19:18-03:00;2023-10-16 15:03:39-03:00;0,0;
1;6.FIO.AM.30;Passa Fio | 30m;;;2991;15,28;12,033;;0;0;0;2023-05-10 09:26:00-03:00;2023-06-12 07:54:18-03:00;0,0;
1;47.ORG.TEMP.1.5L.TS;Organizador de Temperos | Clear Fresh | 1,5l | NT;;;3021;22,61;19,275025;;0;0;0;2024-03-05 16:12:48-03:00;;0,0;
1;50.DISP.COMP.400.BR;Saboneteira Líquida Compacta 400ml - Branco;;;2955;16,903333333333332;12,297175;;8;0;8;;2026-05-13 16:00:12-03:00;135,22666666666666;
1;8.DOBR.3.BR;Dobradiça Vai e Vem | 3 Polegadas | Branca;;;2990;35,43;25,775325;;0;0;0;2024-01-16 11:06:20-03:00;2024-08-01 10:21:23-03:00;0,0;
1;15.KIT.LAVA.VM;KIT Banheiro Lavabo | Vermelho;;;3013;12,86;11,991950000000001;;36;0;36;2024-01-31 10:32:00-03:00;;462,96;
1;17.SUP.DUP.22.PT;Suporte Duplo | 22cm | Preto;;;1856;5,86;4,26315;;40;0;40;2025-11-03 00:00:00-03:00;2026-01-25 23:36:55-03:00;234,4;
1;1.SUP.TS.BR.30;Suporte Para Trilho Simples | Branco | 30cm;;;3010;3,43;2,6668250000000002;;0;0;0;2024-12-17 18:08:00-03:00;;0,0;
1;7.GAN.REF.PT;Gancho de Rede Reforçado | Preto;;;2996;15,84;14,3748;;0;0;0;2023-12-22 08:30:05-03:00;2025-04-29 00:18:31-03:00;0,0;
1;37.CAD.AM;Cadeado | Segredo | 25mm | Amarelo;;;2982;9,79;7,709624999999999;;41;0;41;2025-02-12 05:45:00-03:00;2026-04-25 20:39:03-03:00;401,39;
1;37.FEC.901.INX;Fechadura | 901 | Inox (g);;;2951;20,85;16,419375000000002;;0;0;0;2024-10-31 05:51:00-03:00;2024-07-31 11:40:53-03:00;0,0;
1;8.DOBR.4.PT;Dobradiça Vai e Vem | 4 Polegadas | Preta;;;2999;39,56;28,779899999999998;;0;0;0;2023-03-21 10:55:19-03:00;2024-07-31 12:46:22-03:00;0,0;
1;29.SUP.TV.UNI.10.85;SUPORTE TV UNIVERSAL LED/LCD 10- 85;;;1708;5,0;3,8000000000000003;;60;0;60;2024-10-29 13:06:00-03:00;;300,0;
1;47.DISP.PRM.500.PT;Dispenser Premium | 500ml | Preto;;;2907;17,13;14,603324999999998;;0;0;0;2024-03-05 16:12:48-03:00;;0,0;
1;6.CINTA.1.5T;Cinta Catraca 25mm x 4,6m x 1,5 tn;;;2934;23,74;20,59445;;1;0;1;2025-01-14 14:36:00-03:00;2026-04-19 17:52:18-03:00;23,74;
1;7.GAN.REF.ZC;Gancho de Rede Reforçado | Zincado;;;2988;18,05;16,380375;;0;0;0;2023-05-18 08:20:50-03:00;2025-05-26 16:31:51-03:00;0,0;
1;17.FECH.ZINC;Fecho Rolete | Zincado;;;2902;1,09;0,9891750000000001;;10;0;10;2025-09-12 00:00:00-03:00;2026-01-26 09:48:49-03:00;10,9;
1;42.CANETA.UV;TEKBOND CANETA UV 4G;;;3172;39,41;28,670774999999995;;0;0;0;2025-08-11 14:14:03-03:00;2025-11-29 14:52:28-03:00;0,0;
1;15.MF.VID.15;Mão Francesa Para Vidro | 15cm;;;1585;2,19;2,0421750000000003;;0;0;0;2024-07-31 19:42:00-03:00;2025-03-31 07:47:56-03:00;0,0;
1;5.TRAV.BOR.CZ;Trava Porta De Borracha | Cinza;;;2905;7,65;7,057125;;0;0;0;2022-04-27 17:19:17-03:00;;0,0;
1;47.DISP.FEC.650.VM;Dispenser Fechado | 650ml | Vermelho;;;2904;15,57;13,273425000000001;;0;0;0;2024-03-05 16:12:48-03:00;2025-11-09 14:48:03-03:00;0,0;
1;48.TUC.P.BR;Suporte Tucano | Pequeno | Branco;;;1662;4,22;3,3232499999999994;;148;0;148;2024-05-07 10:22:24-03:00;2026-01-15 09:02:37-03:00;624,56;
1;6.ESP.CRUZ.4;Espaçador Piso Cruzeta 4;;;2968;2,23;2,01815;;0;0;0;2022-03-14 10:30:00-03:00;;0,0;
1;46.PIROG.220V;Pirógrafo | 220v;;;2912;30,56;24,066;;0;0;0;2023-11-10 16:56:00-03:00;;0,0;
1;17.DISC.DIAM.3000;Disco Diamantado Velcro | Grão 3000;;;1855;10,94;7,958850000000001;;0;0;0;2023-10-23 00:00:00-03:00;;0,0;
1;7.FIO.10;Passa Puxa Fio | 10 Metros;;;2995;8,15;7,3961250000000005;;0;0;0;2023-05-18 08:20:50-03:00;2025-05-17 12:07:15-03:00;0,0;
1;19.DESENT.BOMB;Desentupidor Manual | Tipo Bomba;;;2972;45,24;35,852700000000006;;0;0;0;2022-11-11 07:36:00-03:00;2023-05-08 11:36:16-03:00;0,0;
1;50.DISP.COMP.400.AZ;Saboneteira Líquida Compacta 400ml - Glass Azul;;;2965;19,436666666666667;14,140175000000001;;0;0;0;;;0,0;
1;17.GRAMP.C.8;"Grampo tipo C | 8"" ";;;2903;36,01;32,679075000000005;;4;0;4;2024-04-17 00:00:00-03:00;2025-11-19 14:47:27-03:00;144,04;
1;38.FORM.QUAD.20;Forma Cozimento | Quadrada | 20cm;;;3171;0,0;0,0;;32;0;32;;;0,0;
1;15.LIX.INX.5L;Lixeira Aço Inox | 5l | Com pedal;;;2998;33,92;31,6304;;2;0;2;2024-01-31 10:32:00-03:00;;67,84;
1;31.PILHA.AAA.900;Pilha Recarregável Roxa | AAA (Palito) | 900 mAh;;;2434;14,33;12,68205;;0;0;0;2023-09-11 15:59:11-03:00;2023-03-19 10:06:31-03:00;0,0;
1;50.DISP.COMP.400.MR;Saboneteira Líquida Compacta 400ml - Glass Marrom;;;2960;19,436666666666667;14,140175000000001;;0;0;0;;2026-05-12 17:14:15-03:00;0,0;
1;6.CORD.1.2X8;Corda Elastica - 120cm x 8mm | 4 Pçs;;;2966;5,05;4,380875;;51;0;51;2024-01-15 12:53:00-03:00;2026-05-05 13:59:44-03:00;257,55;
1;10.FECH.22MM;Fechadura para Gaveta | 22mm;;;3044;2,43;2,265975;;407;0;407;2024-08-13 08:31:00-03:00;2026-04-26 19:16:42-03:00;989,0100000000001;
1;17.LONA.4X3;Lona 75G | 4x3 | Azul;;;3129;32,92;29,874900000000004;;30;0;30;2025-03-31 00:00:00-03:00;2025-05-23 20:02:37-03:00;987,6;
1;7.GAN.REF.DO;Gancho de Rede Reforçado | Dourado;;;2997;14,84;13,467300000000002;;0;0;0;2023-12-22 08:30:05-03:00;2025-05-06 08:24:42-03:00;0,0;
1;47.ORG.30X15X13;Organizador Clear | 30x15x13cm | NT;;;3020;19,93;16,990325;;0;0;0;2024-03-05 16:12:48-03:00;;0,0;
1;8.DOBR.4.OU;Dobradiça Vai e Vem | 4 Polegadas | Ouro;;;3014;40,3;29,318250000000003;;2;0;2;2023-10-12 08:30:54-03:00;2025-05-26 13:30:06-03:00;80,6;
1;8.DOBR.4.CZ;Dobradiça Vai e Vem | 4 Polegadas | Cinza;;;3005;36,45;26,517375000000005;;2;0;2;2022-11-28 15:13:57-03:00;2026-02-05 19:10:07-03:00;72,9;
1;8.DOBR.3.ZC;Dobradiça Vai e Vem | 3 Polegadas | Zincada;;;3018;35,43;25,775325;;0;0;0;2024-01-16 11:06:20-03:00;2023-10-16 09:20:24-03:00;0,0;
1;27.DISP.FLAT.500.CZ;Dispenser Flat + 500ml  - Cinza;;;2679;16,49;14,057724999999998;;0;0;0;2022-08-11 22:56:04-03:00;2023-05-02 10:50:52-03:00;0,0;
1;47.DISP.FEC.650.BG;Dispenser Fechado | 650ml | Bege;;;2913;15,57;13,273425000000001;;0;0;0;2024-03-05 16:12:48-03:00;2024-08-01 15:08:11-03:00;0,0;
1;46.LATA.475;Amassador de Latas | 475ml;;;1749;32,98;23,992949999999997;;0;0;0;2023-11-10 16:56:00-03:00;;0,0;
1;26.SUP.M14;Suporte Para disco de Lixa M14;;;2061;11,7;10,758149999999999;;0;0;0;2022-06-27 15:27:00-03:00;;0,0;
1;25.FECH.SOB.PT;Fechadura Sobrepor | Preta;;;3006;24,9;21,60075;;0;0;0;2024-01-15 08:27:16-03:00;2024-07-31 15:00:42-03:00;0,0;
1;27.TAP.SING.BRC;Tapete de Pia | Single | Branco Acinzentado;;;1735;0,0;0,0;;0;0;0;;;0,0;
1;50.DISP.COMP.400.VD;Saboneteira Líquida Compacta 400ml - Glass Verde;;;1685;19,436666666666667;14,140175000000001;;284;0;284;;2026-04-24 18:53:56-03:00;5520,013333333333;
1;27.DISP.FLAT.500.PT;Dispenser Flat 500ml - Preto;;;1748;16,92;14,4243;;0;0;0;2022-10-18 22:58:01-03:00;2023-03-14 23:41:27-03:00;0,0;
1;6.DISC.VELC.40.125;Disco de Lixa Velcro - 125mm | Grão 40;;;1712;0,38;0,32965;;192;0;192;2025-08-12 08:26:00-03:00;2026-05-03 19:18:08-03:00;72,96000000000001;
1;42.ADES.200.100G;Adesivo Instantâneo | 200 | 100g;;;2841;10,5;7,63875;;4247;1982;2265;2026-03-05 17:31:06-03:00;2026-05-14 22:23:02-03:00;44593,5;
1;17.CORT.VID.6;Cortador de Vidro C/AZ #6;;;1728;0,0;0,0;;112;0;112;;2023-07-20 19:12:25-03:00;0,0;
1;42.APLIC.REF;Aplicador Tipo 2 | PU e Silicone;;;2877;16,88;13,15796;;0;0;0;2023-06-26 19:52:00-03:00;2023-10-31 09:26:27-03:00;0,0;
1;29.SUP.TV.10.55.BR;SUPORTE BRANCO TV LCD 10 A 55 BRACO ART;;;1722;22,69;17,641475;;42;0;42;2024-10-29 13:06:00-03:00;;952,98;
1;42.FITA.18.50;Fita Crepe | 18 x 50m;;;2687;2,99;2,2724;;0;0;0;2023-06-26 19:52:00-03:00;2023-08-08 22:01:08-03:00;0,0;
1;17.VELC.BR.125.600;Disco de Lixa Pluma | Branco | Grão  600;;;1872;0,68;0,4947000000000001;;102;0;102;2025-11-03 00:00:00-03:00;2026-05-14 21:27:24-03:00;69,36;
1;42.FITA.ISOL.10M;Fita Isolante | 10m;;;2693;1,95;1,711125;;0;0;0;2023-06-26 19:52:00-03:00;;0,0;
1;15.LIX.INX.3L;Lixeira Aço Inox | 3l | Com pedal;;;3004;22,86;21,316950000000002;;0;0;0;2024-01-31 10:32:00-03:00;;0,0;
1;4.PCOND.BR;Açucareiro Prático | Branco;;;1654;6,03;4,7787749999999996;;0;0;0;2025-04-08 08:14:21-03:00;2025-04-25 13:26:45-03:00;0,0;
1;42.FITA.DEMARC.BR;Fita de Demarcação | 48 x 15m | Branca;;;2597;10,73;9,415575;;0;0;0;2023-08-26 14:27:00-03:00;2025-03-23 09:25:08-03:00;0,0;
1;17.TS.PT.100;Trilho Simples | 100cm | Preto;;;3099;10,99;7,9952250000000005;;0;0;0;2023-01-23 00:00:00-03:00;;0,0;
1;15.LIX.INX.12.3L;Lixeira Aço Inox |12l + 3l| Com pedal;;;3009;83,97;78,302025;;0;0;0;2024-01-31 10:32:00-03:00;2024-08-01 10:29:50-03:00;0,0;
1;20.GARF.MESA.EURO;Garfo de Mesa | Linha Euro;;;1652;2,5;2,3312500000000003;;0;0;0;2023-05-11 11:25:00-03:00;;0,0;
1;44.VEDA.D.MR;Veda Fresta| Modelo D | Marrom;;;1694;14,9;10,839749999999999;;4;0;4;2023-08-22 16:09:00-03:00;;59,6;
1;38.GRAD.ALIM;Grade Resfriar Alimentos | Metal;;;3000;9,95;9,278375;;0;0;0;2024-02-26 13:33:34-03:00;2024-07-31 14:46:06-03:00;0,0;
1;8.MOLA.INT;Mola Interna 453;;;3015;59,85;47,431125;;0;0;0;2022-09-16 10:55:21-03:00;2023-03-22 17:03:49-03:00;0,0;
1;15.TS.PT.200;Trilho Simples | Preto | 200cm;;;2976;13,14;12,25305;;394;0;394;2025-11-21 20:19:00-03:00;2026-05-05 08:03:57-03:00;5177,16;
1;47.ORG.25X29X10.MULT;Organizador Clear | Multinível | 25x29x10 | NT;;;3029;22,23;18,951075;;0;0;0;2024-03-05 16:12:48-03:00;;0,0;
1;17.TD.PT.200;Trilho Duplo | Preto | 200cm;;;1823;23,39;17,016225;;44;0;44;2023-07-25 00:00:00-03:00;;1029,16;
1;13.PIS.CZ.60;Pistão Fit | Cinza | 60N;;;1816;2,56;2,3872;;120;0;120;2025-11-26 15:21:00-03:00;2026-04-27 19:14:02-03:00;307,2;
1;4.BELLA.PT;Bella Bomba Preto;;;1891;18,3;14,22825;;0;0;0;2022-02-23 08:54:11-03:00;2023-02-13 10:55:24-03:00;0,0;
1;4.DISP.PT;Dispenser de Parede Preto;;;1846;0,0;0,0;;0;0;0;;2023-03-24 08:53:11-03:00;0,0;
1;31.DIS.2P.16A;Disjuntor 2 Polos | 16A;;;1933;0,0;0,0;;0;0;0;;;0,0;
1;39.KIT.MAND.4PC;KIT | Mandril para Furadeira (4pçs);;;2018;0,0;0,0;;0;0;0;;;0,0;
1;24.FEC.ART4070;Fechadura com puxador para rack | ART 4070;;;2604;15,78;12,50565;;122;0;122;2023-10-20 16:45:48-03:00;2025-05-06 13:12:24-03:00;1925,1599999999999;
1;25.GARR.2.5L;Garrafa Térmica Safira | Inox | 2,5 litros;;;1991;0,0;0,0;;0;0;0;;2023-10-18 14:02:46-03:00;0,0;
1;19.REB.MAN;Rebitador Manual | Alicate ;;;1977;21,96;17,117820000000002;;26;0;26;2023-02-13 18:34:00-03:00;2023-01-26 12:39:43-03:00;570,96;
1;26.PASTA.SOLD.110;Pasta de Solda 110g;;;2058;7,59;5,977125;;0;0;0;2022-06-27 15:27:00-03:00;;0,0;
1;30.ROD.U.SEM;Rodízio em U Sem Trava;;;2123;0,0;0,0;;0;0;0;;;0,0;
1;15.TS.BR.100;Trilho Simples | Branco | 100cm;;;2157;7,34;6,844550000000001;;2;0;2;2025-09-26 22:03:00-03:00;;14,68;
1;17.SUP.M14;Base Para Disco de Lixa com Velcro | M14;;;2219;0,0;0,0;;0;0;0;;2023-09-11 18:09:32-03:00;0,0;
1;4.DISP.CZ;Dispenser de Parede Cinza;;;2181;0,0;0,0;;48;0;48;;2023-01-23 16:54:53-03:00;0,0;
1;24.CAD.CR30.VD;Cadeado | Com Segredo CR30 | Verde;;;2283;0,0;0,0;;0;0;0;;2023-02-09 15:46:04-03:00;0,0;
1;27.LIX.SING.VM;Lixeira Single 2,5l - Vermelho;;;2305;12,0;10,229999999999999;;2;0;2;2024-10-22 19:30:03-03:00;2026-04-21 10:24:32-03:00;24,0;
1;27.LIX.FLAT.2.8.VM;Lixeira Flat 2,8l - Vermelho;;;2352;28,47;24,270674999999997;;0;0;0;2023-01-30 13:24:01-03:00;2024-08-01 15:35:47-03:00;0,0;
1;11.PF.3.5.14;Parafuso Minichip 3,5 x 14mm | 100 Peças;;;2361;0,018799999999999997;0,014898999999999997;;8;0;8;;2023-10-17 11:54:12-03:00;0,15039999999999998;
1;24.CAD.CR30.VM;Cadeado | Com Segredo CR30 | Vermelho;;;2309;0,0;0,0;;0;0;0;;2023-09-21 10:48:10-03:00;0,0;
1;3.SAB.PLA.AZ;Saboneteira Plástica | Azul ;;;2356;0,73;0,5785250000000001;;0;0;0;2025-01-24 14:28:14-03:00;2025-05-07 23:03:06-03:00;0,0;
1;47.ORG.37X10X13;Organizador Clear | 37x10x13cm | NT;;;2486;0,0;0,0;;0;0;0;;;0,0;
1;11.REB.4;Rebite 4mm | Cento;;;2420;0,0;0,0;;5;0;5;;2023-09-27 16:56:09-03:00;0,0;
1;38.TAP.AIR.RED.16;Tapete Redondo | 16 x 16;;;2452;3,19;2,9746749999999995;;221;0;221;2023-05-22 08:49:07-03:00;2026-05-04 12:21:04-03:00;704,99;
1;4.SAB.TAR.CRT;Saboneteira Tartaruga Cristal;;;2450;0,0;0,0;;0;0;0;;2023-10-06 15:28:55-03:00;0,0;
1;4.SAB.TAR.RS;Saboneteira Tartaruga Rosa;;;2454;0,0;0,0;;0;0;0;;2023-08-04 17:38:53-03:00;0,0;
1;3.LIX.CLK.PPT.9;Lixeira | Click Label | Preto com Bolinhas;;;2595;0,0;0,0;;0;0;0;;2023-05-22 07:32:23-03:00;0,0;
1;3.LIX.CLK.POAVM.9;Lixeira | Click Label | Inox;;;2612;0,0;0,0;;0;0;0;;;0,0;
1;25.CAFE.9X;Cafeteira italiana | 9 Xícaras;;;2657;73,77;68,79052499999999;;0;0;0;2023-03-03 13:48:25-03:00;2024-07-31 13:50:06-03:00;0,0;
1;25.CAFE.6X;Cafeteira Italiana | 6 Xícaras;;;2658;53,36;49,7582;;0;0;0;2023-03-03 13:48:25-03:00;;0,0;
1;25.AMPO.1.9L;Ampola de Vidro | Safira | 1,9 litros;;;2726;50,14;48,3851;;0;0;0;2023-03-03 13:48:25-03:00;;0,0;
1;32.CONV.REG;Conversor P/ Registro | Docol e Deca;;;2766;6,37;5,016375;;0;0;0;2022-06-24 10:48:00-03:00;2025-05-21 22:39:22-03:00;0,0;
1;43.DUPL.FACE.24;Fita Dupla Face | 24mm x 2m | 3M;;;2834;16,39;11,923725;;0;0;0;2023-07-26 09:00:48-03:00;2025-04-27 19:24:41-03:00;0,0;
1;43.DUPL.FACE.19;Fita Dupla Face | 19mm x 2m | 3M;;;2828;15,24;11,087100000000001;;0;0;0;2023-07-26 09:00:48-03:00;2025-04-29 12:04:34-03:00;0,0;
1;17.TD.PT.150;Trilho Duplo | Preto | 150cm;;;2783;0,0;0,0;;0;0;0;;;0,0;
1;34.GAN.ARG;Gancho Argola para Cortina;;;2835;0,0;0,0;;0;0;0;;;0,0;
1;39.GRAMP.C.5;"Grampo tipo C | Para Marceneiro | 5""";;;2872;0,0;0,0;;0;0;0;;;0,0;
1;17.M14.180;Base Velcro M14 | 180mm;;;3094;0,0;0,0;;2;0;2;;;0,0;
1;50.PORT.COPO.PT;Dispenser Easy Flex - Preto;;;2941;0,0;0,0;;0;0;0;;2025-05-24 20:32:46-03:00;0,0;
1;6.BOMB.PER.110;Bomba Periférica 110V;;;3050;95,54;85,98600000000002;;64;0;64;2025-01-14 14:36:00-03:00;2025-05-05 11:04:14-03:00;6114,56;
1;9.TRAV.FIX.PT;Trava Porta Adesivo Startfix - Preto;;;3017;22,97;18,95025;;0;0;0;2024-10-10 10:04:06-03:00;2026-01-31 19:46:47-03:00;0,0;
1;5.ROLIN.100.CZ;Veda | Rolinho | 100cm | Cinza;;;3069;0,0;0,0;;0;0;0;;;0,0;
1;38.LIMP.RET;Limpador Poeira | Retrátil;;;3031;13,27;11,511725000000002;;0;0;0;2024-02-26 13:33:34-03:00;;0,0;
1;42.ADES.793.200G;Adesivo Instantâneo | 793 | 200g;;;3098;0,0;0,0;;0;0;0;;;0,0;
1;27.TAB.VM;Tábua de Cortes | Vermelho;;;3019;10,62;9,053550000000001;;0;0;0;2024-02-07 00:40:06-03:00;2024-07-31 12:35:44-03:00;0,0;
1;13.DOB.FIX.CUR;Dobradiça | Calço Fixo | Curva;;;3003;1,64;1,4226999999999996;;1602;0;1602;2025-02-27 09:45:00-03:00;2026-03-29 09:41:12-03:00;2627,2799999999997;
1;5.TPOR.MAG.DUO;Trava porta Dual escovado;;;3070;16,09;14,481000000000002;;0;0;0;2024-04-09 12:08:00-03:00;2024-07-31 12:26:06-03:00;0,0;
1;50.TOAL.COMP.VD;Toalheiro Compacto - Glass Verde;;;2962;19,845;14,4372375;;4;0;4;;2026-05-08 14:58:08-03:00;79,38;
1;17.M14.150;Base Velcro M14 | 150mm;;;3066;0,0;0,0;;2;0;2;;;0,0;
1;13.PIS.BR.150;Pistão Fit | Branco | 150N;;;1963;2,35;2,1913750000000007;;0;0;0;2025-11-26 15:21:00-03:00;2026-01-13 13:20:14-03:00;0,0;
1;13.PIS.BR.80;Pistão Fit | Branco | 80N;;;1853;2,56;2,3872;;6;0;6;2025-11-26 15:21:00-03:00;2026-04-28 09:52:39-03:00;15,36;
1;50.TOAL.COMP.MR;Toalheiro Compacto - Glass Marrom;;;2954;19,845;14,4372375;;16;0;16;;2026-04-24 18:23:15-03:00;317,52;
1;50.DISP.800.PT;Saboneteira Líquida 800ml - Preto;;;2961;18,731666666666666;13,6272875;;2;0;2;;2026-04-16 09:24:09-03:00;37,46333333333333;
1;50.TOAL.COMP.PT;Toalheiro Compacto - Preto;;;2958;17,256666666666668;12,554225;;0;0;0;;2025-04-04 09:02:51-03:00;0,0;
1;36.BUCHA.SFU.8;Bucha SFU 8 | 500 Peças;;;3011;0,04312;0,035573999999999995;;34500;0;34500;;;1487,6399999999999;
1;50.TOAL.COMP.BR;Toalheiro Compacto - Branco;;;2949;17,256666666666668;12,554225;;6;0;6;;2026-05-13 16:00:12-03:00;103,54;
1;27.ESC.TAP.SING.AM;Escorredor com Tapete | Single | Amarelo;;;3085;0,0;0,0;;0;0;0;;;0,0;
1;21.GAN.CRO;Gancho Armador - Cromado ;;;3086;26,74;20,322400000000002;;0;0;0;2023-03-03 20:58:03-03:00;2025-02-12 18:28:10-03:00;0,0;
1;21.DOB.100KG;Dobradiça Pivotante 885 - 100kg Aço;;;3081;33,92;24,676800000000004;;0;0;0;2023-03-03 20:58:03-03:00;;0,0;
1;25.MOLA.PISO;Mola De Piso P310 Potencia Fixa F2;;;1640;137,0;127,7525;;0;0;0;2024-01-15 08:27:16-03:00;2023-04-12 13:57:17-03:00;0,0;
1;32.KIT.VALV;KIT Reparo P/ Valvula Descagar Hydra MAX;;;3106;25,1;19,766250000000003;;0;0;0;2022-06-23 11:56:00-03:00;2025-05-21 11:00:07-03:00;0,0;
1;32.PLUG.LAT;Plug latão S/CR Canopla Rosca 1/2;;;3113;17,53;14,374600000000001;;0;0;0;2022-12-08 07:53:00-03:00;2024-08-01 10:35:09-03:00;0,0;
1;13.PIS.CZ.80;Pistão Fit | Cinza | 80N;;;3082;2,54;2,36855;;0;0;0;2023-08-22 14:52:00-03:00;2026-01-20 11:06:52-03:00;0,0;
1;29.SUP.TS.PT.20;Suporte para Trilho | Preto | 20cm;;;3063;2,67;2,1159749999999997;;2;0;2;2024-08-16 13:14:00-03:00;;5,34;
1;27.ESC.INX.20P;Escorredor de louça | Inox | 20 Pratos;;;3152;88,99;75,86397500000001;;10;0;10;2024-08-29 10:04:00-03:00;2024-07-31 11:08:57-03:00;889,9;
1;17.VELC.VM.180.150;Disco de Lixa Vermelho | 180mm | Grão 150;;;3078;1,11;0,8075250000000002;;20;0;20;2024-06-26 00:00:00-03:00;;22,200000000000003;
1;27.ORG.SING.AM;Organizador Single - Amarelo;;;3091;6,36;5,4219;;0;0;0;2022-06-09 09:04:03-03:00;;0,0;
1;27.ORG.SING.AZ;Organizador Single - Azul;;;3092;6,36;5,4219;;0;0;0;2022-06-09 09:04:03-03:00;;0,0;
1;27.DISP.SING.AZ;Dispenser Single - Azul;;;3093;8,58;7,31445;;0;0;0;2022-06-09 09:04:03-03:00;;0,0;
1;27.FAQ.RIV.VM;Faqueiro Rivieria | 24  Peças | Vermelho;;;3158;24,9;23,219250000000002;;44;0;44;2024-09-17 11:27:02-03:00;;1095,6;
1;27.FAQ.ITAP.VM;Faqueiro 20 Peças | Itaparica | Vermelho;;;3075;24,9;21,22725;;12;0;12;2024-07-16 08:18:00-03:00;2026-05-04 08:47:58-03:00;298,79999999999995;
1;17.CANHÃO.7;Jogo Chave de Canhão | 7 Peças |;;;3123;31,64;28,7133;;14;0;14;2024-11-08 00:00:00-03:00;;442,96000000000004;
1;27.FAQ.RIV.PT;Faqueiro Rivieria | 24  Peças | Preto;;;3157;24,9;23,219250000000002;;38;0;38;2024-09-17 11:27:02-03:00;;946,1999999999999;
1;27.ESC.INX.16P;Escorredor de louça | Inox | 16 Pratos;;;3071;79,01;67,35602500000002;;6;0;6;2024-08-29 10:04:00-03:00;2025-05-02 08:10:18-03:00;474,06000000000006;
1;51.ROD.BOR.SEMT.125;Rodízio Giratório Borracha | 125mm | Sem Trava;;;3151;21,0;16,6425;;118;0;118;2024-08-03 13:01:28-03:00;;2478,0;
1;47.ORG.37X15X13;Organizador Clear | 37x15x13cm | NT;;;3036;23,73;20,229824999999998;;0;0;0;2024-03-05 16:12:48-03:00;;0,0;
1;47.ORG.OVO.5L.TS;Organizador Clear Fresh | 5l | NT;;;3038;29,7;25,319249999999997;;0;0;0;2024-03-05 16:12:48-03:00;;0,0;
1;27.FAQ.ITAP.PT;Faqueiro 20 Peças | Itaparica | Preto;;;3083;24,9;21,22725;;2;0;2;2024-07-16 08:18:00-03:00;;49,8;
1;31.DIS.3P.16A;Disjuntor 3 Polos | 16A;;;3119;19,81;18,472824999999997;;22;0;22;2023-12-11 08:13:13-03:00;;435,82;
1;38.TELA.150X180;Tela Mosquiteiro | 150 X 180;;;3115;10,34;8,969949999999999;;0;0;0;2023-01-27 15:48:13-03:00;2023-05-22 07:30:10-03:00;0,0;
1;21.GAN.INX;Gancho Armador - Inox Polido;;;3089;33,91;24,669524999999997;;0;0;0;2023-03-03 20:58:03-03:00;2023-08-04 12:39:37-03:00;0,0;
1;15.SUP.TS.BR.15;Suporte P/ Trilho | Branca | 15cm;;;3127;1,93;1,7997250000000002;;584;0;584;2026-02-05 20:31:00-03:00;2026-05-12 02:10:47-03:00;1127,12;
1;29.TS.PT.200;Trilho Simples para Cantoneira | Preto | 200cm;;;3072;16,9;13,393249999999998;;0;0;0;2024-08-16 13:14:00-03:00;;0,0;
1;27.KIT.12POT;Kit 12 Peças | Pote Hermético ;;;3045;123,99;105,70147499999999;;0;0;0;2024-08-27 15:08:04-03:00;;0,0;
1;47.ORG.37X20X13;Organizador Clear | 37x20x13cm | NT;;;3039;28,17;24,014925;;0;0;0;2024-03-05 16:12:48-03:00;2025-04-04 03:25:43-03:00;0,0;
1;6.BOMB.PER.220;Bomba Periférica 220V;;;3055;95,54;85,98600000000002;;12;0;12;2025-02-24 07:50:00-03:00;2025-11-26 13:11:33-03:00;1146,48;
1;36.BUCHA.MU.6;Bucha MU 6 | 1 Peça;;;3043;0,03427;0,028272750000000003;;0;0;0;;2026-01-25 11:50:56-03:00;0,0;
1;31.DIS.2P.32A;Disjuntor 2 Polos | 32A;;;3118;15,57;14,519025000000001;;0;0;0;2023-12-11 08:13:13-03:00;2024-08-01 10:05:18-03:00;0,0;
1;13.PIS.BR.100;Pistão Fit | Branco | 100N;;;3046;2,35;2,1913750000000007;;80;0;80;2025-08-15 09:50:00-03:00;2026-05-12 12:11:00-03:00;188,0;
1;10.FECHO.DO;Fecho Rolete | Bicromatizado;;;3057;0,86;0,8019499999999999;;0;0;0;2025-07-25 09:31:00-03:00;2026-03-17 12:06:01-03:00;0,0;
1;15.TS.PT.150;Trilho Simples | Preto | 150cm;;;3084;6,5;6,061250000000001;;376;0;376;2026-02-05 20:31:00-03:00;2026-04-22 14:11:57-03:00;2444,0;
1;23.FEC.YRD.256.TRINC;Fechadura Digital yrd 256 | Modelo trinco lingueta;;;3073;637,52;463,79579999999993;;4;0;4;2024-07-20 13:58:51-03:00;;2550,08;
1;27.TRIO.NT;Pote Clear | Trio | Natural;;;3121;26,58;22,65945;;0;0;0;2024-03-05 15:06:02-03:00;;0,0;
1;37.CADSEG.40.BR;CADEADO SEGR. 40 MM - BRANCO;;;3160;19,75;15,553125;;0;0;0;2022-12-01 07:07:00-03:00;2023-09-20 09:57:49-03:00;0,0;
1;17.GRAMP.C.3;"Grampo tipo C | 3"" ";;;3144;11,71;10,626825;;0;0;0;2024-07-19 00:00:00-03:00;;0,0;
1;6.DISC.VELC.180.125;Disco de Lixa Velcro - 125mm | Grão 180;;;2852;0,36;0,31229999999999997;;2084;0;2084;2024-09-26 09:52:00-03:00;2026-04-11 11:45:45-03:00;750,24;
1;6.FIO.AM.15;Passa Fio | 15m;;;3128;10,61;8,355375;;37;0;37;2023-05-10 09:26:00-03:00;2026-05-07 10:18:25-03:00;392,57;
1;33.TRAV.CPM.ANT;Prendedor de Porta | CPM | Antique;;;3116;17,1;15,389999999999999;;0;0;0;2022-06-30 14:07:00-03:00;2023-08-31 16:40:21-03:00;0,0;
1;36.BUCHA.MU.10;Bucha MU 10 | 1 Peça;;;3054;0,10828;0,089331;;0;0;0;;2026-03-16 22:44:32-03:00;0,0;
1;39.MAO.RET.45;Mão Francesa Retrátil | 45cm;;;3117;14,857333333333335;13,631603333333334;;0;0;0;;2023-08-22 12:06:01-03:00;0,0;
1;47.ORG.OVO.2.8L.TS;Organizador Clear Fresh | 2,8l | NT;;;3037;24,49;20,877725;;0;0;0;2024-03-05 16:12:48-03:00;;0,0;
1;36.BUCHA.3.16.BLT;Bucha Bolt 3/16 | Unidade;;;3133;1,8333000000000002;1,4528902500000005;;0;0;0;;2026-01-15 12:44:49-03:00;0,0;
1;27.KIT.7POT;Kit 07 Peças | Pote Hermético ;;;3053;60,0;51,14999999999999;;0;0;0;2024-08-27 15:08:04-03:00;;0,0;
1;32.ACAB.CR;Acabamento ABS Cromo | Padrão Deca e Decol;;;3109;15,04;11,844;;0;0;0;2022-06-24 10:48:00-03:00;;0,0;
1;5.ROLIN.80.CZ;Veda | Rolinho | 80cm | Cinza;;;3060;0,0;0,0;;41;0;41;;;0,0;
1;17.VELC.VM.150.80;Disco de Lixa Vermelho | 150mm | Grão 80;;;3080;0,8;0,5820000000000001;;20;0;20;2024-06-26 00:00:00-03:00;;16,0;
1;5.VEDA.4MM.MR;Veda Fresta 4mm - 6 Metros | Marrom;;;1679;16,79;15,656674999999998;;2;0;2;2023-08-04 11:54:01-03:00;2025-04-06 21:04:47-03:00;33,58;
1;2.MOUS.USB.RS;Mouse Emborrachado USB | MO223 | Rosa;;;2195;20,35;17,653624999999998;;0;0;0;2022-08-30 17:52:00-03:00;2023-06-07 10:19:38-03:00;0,0;
1;4.TPOR.PT;Trava Porta Prático | Preto ;;;2198;2,66;1,9351499999999997;;0;0;0;2025-04-08 08:14:21-03:00;2025-05-27 17:21:05-03:00;0,0;
1;30.ROD.GAME.VM;Rodízio Gamer | SQ55 | HGA | Vermelho;;;3112;9,5;7,220000000000001;;0;0;0;2025-05-07 10:30:14-03:00;2025-05-02 10:20:01-03:00;0,0;
1;1.PRAT.30.60.PT;Prateleira MDP 30x60 - Preto;;;1912;12,62;10,348399999999998;;0;0;0;2024-05-02 13:10:00-03:00;2023-10-31 08:24:24-03:00;0,0;
1;16.BUCHA.C.5;Bucha Comum | 5mm;;;2720;0,00758;0,005760800000000001;;44000;0;44000;;2026-05-12 17:30:25-03:00;333,52;
1;1.PRAT.30.60.BR;Prateleira MDP 30x60 - Branco;;;2389;12,62;10,348399999999998;;0;0;0;2024-05-02 13:10:00-03:00;2024-07-31 12:47:00-03:00;0,0;
1;33.TRAV.CPM.ACE;Prendedor de Porta | CPM | Acetinado;;;3107;17,1;15,389999999999999;;0;0;0;2022-07-19 13:19:00-03:00;2023-09-03 21:15:07-03:00;0,0;
1;31.DIS.3P.20A;Disjuntor 3 Polos | 20A;;;3110;19,81;18,472824999999997;;8;0;8;2023-12-11 08:13:13-03:00;;158,48;
1;1.TD.BR.200;Trilho Duplo | Branco | 200cm;;;2524;24,75;19,490625;;2;0;2;2023-07-31 14:52:00-03:00;;49,5;
1;1.SUP.TS.BR.35;Suporte Para Trilho Simples | Branco | 35cm;;;2821;4,75;3,693125;;0;0;0;2023-07-31 14:52:00-03:00;;0,0;
1;17.TS.PT.50;TRILHO SIMPLES - 50CM PRETO;;;3153;4,91;3,8911750000000005;;4;0;4;2024-08-23 13:06:00-03:00;;19,64;
1;4.TPOR.CZ;Trava Porta Prático | Cinza ;;;2288;2,66;1,9351499999999997;;0;0;0;2025-04-08 08:14:21-03:00;2025-05-05 11:25:51-03:00;0,0;
1;1.TD.PT.150;Trilho Duplo | Preto | 150cm;;;2785;20,55;15,915975000000001;;0;0;0;2022-11-18 15:44:00-03:00;2025-05-14 16:35:30-03:00;0,0;
1;2.MOUS.USB.PT;Mouse Emborrachado USB | MO222 | Preto;;;2010;20,4;17,697;;0;0;0;2022-08-30 17:52:00-03:00;2023-03-28 07:14:42-03:00;0,0;
1;4.ROD.BUC.30.PT;Rodízio 30mm C/ Bucha - Preto;;;2570;1,91;1,5136749999999999;;0;0;0;2024-08-26 13:48:00-03:00;2025-11-27 08:45:21-03:00;0,0;
1;51.ROD.BOR.COMT.75;Rodizio Giratório Borracha Com Trava 3 75mm;;;3154;15,56;12,331299999999999;;185;0;185;2024-08-03 13:01:28-03:00;;2878,6;
1;1.TD.BR.50;Trilho Duplo | Branco | 50cm;;;2690;8,66;6,70717;;2;0;2;2022-09-20 14:19:00-03:00;2025-11-12 14:56:55-03:00;17,32;
1;4.ROD.BUC.38.CZ;Rodízio 38mm C/ Bucha - Cinza;;;2173;2,52;1,9970999999999997;;0;0;0;2025-04-08 08:14:36-03:00;2025-05-20 07:29:15-03:00;0,0;
1;5.TRAV.BOR.LA;Trava Porta De Borracha | Laranja;;;1757;7,65;7,057125;;18;0;18;2022-04-27 17:19:17-03:00;;137,70000000000002;
1;5.TPOR.MAG.RS;Trava Porta Magnético | Rose Gold;;;2922;19,84;16,368000000000002;;53;0;53;2022-04-27 17:19:17-03:00;2026-05-04 18:48:26-03:00;1051,52;
1;38.TRAV.CHAVE;Parador Chave Porta | Silicone;;;3114;5,45;5,25925;;0;0;0;2022-12-07 11:37:24-03:00;2023-08-29 19:27:27-03:00;0,0;
1;30.ROD.PIN.PT.GEL;Rodízio SQ91 | HGA (Com Pino) | Preto em Gel;;;2429;12,24;9,3024;;0;0;0;2022-06-15 11:05:55-03:00;;0,0;
1;4.BOMB.VM;Bomba Para Refrigerante - Vermelho;;;2221;5,1;3,8759999999999994;;0;0;0;2023-09-06 07:53:04-03:00;2024-08-01 11:28:51-03:00;0,0;
1;16.BUCHA.AN.8;Bucha Anel | 8mm;;;2756;0,01626;0,0123576;;61000;0;61000;;2025-04-29 23:45:19-03:00;991,86;
1;1.SUP.TV.TRI.26A75;"Suporte para TV | Triarticulado | 26"" a 75""";;;1687;139,9;108,77225;;6;0;6;2024-01-30 14:39:00-03:00;;839,4000000000001;
1;4.COL.INF.PLA.AZ;Colher Infantil Plástico - Azul;;;2882;0,38;0,30115;;0;0;0;2025-01-09 10:34:30-03:00;2025-05-20 10:41:08-03:00;0,0;
1;5.VEDA.2MM.BR;Veda Fresta 2mm - 6 Metros | Branco;;;2916;16,79;15,656674999999998;;10;0;10;2023-08-04 11:54:01-03:00;2026-04-09 07:08:19-03:00;167,89999999999998;
1;4.CAB.AD.PEX;Cabide Peixe;;;2128;2,2;1,8205000000000002;;0;0;0;2022-02-23 08:54:11-03:00;;0,0;
1;1.SUP.MIC.PR;Suporte Microondas Prata;;;1606;32,76;25,0614;;0;0;0;2022-04-14 16:20:00-03:00;;0,0;
1;5.TPOR.MAG.CR;Trava Porta Magnético | Cromado;;;2927;22,3;18,286;;40;0;40;2023-06-29 12:14:12-03:00;2025-04-17 13:37:28-03:00;892,0;
1;4.CAB.RET.BR;Cabide Retangular Branco;;;2094;1,86;1,53915;;0;0;0;2022-02-23 08:54:11-03:00;;0,0;
1;4.CAB.LOS.BR;Cabide Losango Branco;;;2102;1,86;1,53915;;0;0;0;2022-02-23 08:54:11-03:00;;0,0;
1;4.CAB.COR.BR;Cabide Coração Branco;;;2098;1,86;1,53915;;0;0;0;2022-02-23 08:54:11-03:00;;0,0;
1;4.CAB.COR.VD;Cabide Coração Verde;;;2137;1,86;1,53915;;0;0;0;2022-02-23 08:54:11-03:00;;0,0;
1;4.DISP.AZ;Dispenser de Parede Azul;;;1832;0,0;0,0;;14;0;14;;2023-08-21 12:07:19-03:00;0,0;
1;4.CAB.RET.VD;Cabide Retangular Verde;;;2119;1,86;1,53915;;0;0;0;2022-02-23 08:54:11-03:00;;0,0;
1;4.CAB.TRV.BR;Cabide Trevo Branco;;;2121;1,86;1,53915;;0;0;0;2022-02-23 08:54:11-03:00;;0,0;
1;1.SUP.DUP.PT.17;Suporte Para Trilho Duplo | Preto | 17cm;;;2451;4,07;3,0932;;0;0;0;2022-06-20 10:02:00-03:00;2023-09-13 14:57:09-03:00;0,0;
1;4.CAB.RET.AZ;Cabide Retangular Azul;;;2129;1,86;1,53915;;0;0;0;2022-02-23 08:54:11-03:00;;0,0;
1;4.CAB.LOS.AZ;Cabide Losango Azul;;;2277;1,86;1,53915;;0;0;0;2022-02-23 08:54:11-03:00;;0,0;
1;31.DIS.3P.32A;Disjuntor 3 Polos | 32A;;;3122;21,16;19,7317;;22;0;22;2023-12-11 08:13:13-03:00;;465,52;
1;31.DIS.2P.63A;Disjuntor 2 Polos | 63A;;;3105;15,76;14,6962;;0;0;0;2023-12-11 08:13:13-03:00;;0,0;
1;27.MARM.DIS.AM;Marmita Hermética Nutri Disney - Amarelo;;;3102;13,34;11,37235;;0;0;0;2023-02-14 19:20:02-03:00;2023-03-17 07:09:50-03:00;0,0;
1;4.ROD.BUC.38.BR;Rodízio 38mm C/ Bucha - Branco;;;2185;2,52;1,9970999999999997;;36;0;36;2025-04-08 08:14:36-03:00;2025-05-18 17:31:06-03:00;90,72;
1;1.TD.PT.50;Trilho Duplo | Preto | 50cm;;;2790;8,66;6,70717;;0;0;0;2022-11-18 15:44:00-03:00;2025-05-15 13:30:04-03:00;0,0;
1;1.SUP.DUP.BR.17;Suporte Para Trilho Duplo | Branco | 17cm;;;2445;4,07;3,0932;;0;0;0;2022-06-20 10:02:00-03:00;2023-10-07 18:45:33-03:00;0,0;
1;31.DIS.2P.40A;Disjuntor 2 Polos | 40A;;;3120;15,57;14,519025000000001;;0;0;0;2023-12-11 08:13:13-03:00;;0,0;
1;16.BUCHA.C.10;Bucha Comum | 10mm;;;2562;0,0272;0,020672;;31500;0;31500;;2026-04-30 14:03:16-03:00;856,8;
1;5.TPOR.MAG.PTB;Trava Porta Magnético | Preto Brilhante;;;2915;20,84;17,0888;;24;0;24;2022-10-11 12:07:52-03:00;2026-04-28 10:43:19-03:00;500,15999999999997;
1;4.ABRI.RS;Abridor de Pote de Conserva | Rosa;;;2476;2,09;1,6563249999999998;;0;0;0;2025-02-11 14:26:07-03:00;2025-05-06 17:16:49-03:00;0,0;
1;6.DISC.FLAP.40.115;Disco de Lixa Flap - 115mm | Grão 40;;;2897;2,49;2,1600750000000004;;413;0;413;2025-11-24 08:26:00-03:00;2026-05-09 16:32:23-03:00;1028,3700000000001;
1;1.SUP.TV.FIX.32A65;"Suporte para TV | Fixo | 32"" a 65""";;;2298;29,9;23,24725;;0;0;0;2024-01-30 14:39:00-03:00;2024-08-01 10:23:47-03:00;0,0;
1;4.COL.INF.PLA.LA;Colher Infantil Plástico - Laranja;;;2567;0,38;0,30115;;0;0;0;2025-01-09 10:34:30-03:00;2025-04-07 22:40:33-03:00;0,0;
1;4.PCOND.CZ;Açucareiro Prático | Cinza;;;2499;6,03;4,7787749999999996;;0;0;0;2025-04-08 08:14:21-03:00;2025-05-05 09:39:52-03:00;0,0;
1;5.ROLIN.80.BR;Veda Porta | Rolinho | 80cm | Branco;;;2947;12,73;10,024875000000002;;23;0;23;2023-05-03 11:52:25-03:00;2026-04-22 09:52:56-03:00;292,79;
1;5.VEDA.2MM.MR;Veda Fresta 2mm - 6 Metros | Marrom;;;2930;16,79;15,656674999999998;;0;0;0;2023-08-04 11:54:01-03:00;2025-02-24 20:06:09-03:00;0,0;
1;4.PCOND.PT;Açucareiro Prático | Preto;;;2472;6,03;4,7787749999999996;;0;0;0;2025-04-08 08:14:21-03:00;2025-05-21 08:09:13-03:00;0,0;
1;6.TEMP.60;Temporizador Digital Bivolt | 60Hz;;;2984;39,85;38,45525000000001;;12;0;12;2023-05-10 09:26:00-03:00;;478,20000000000005;
1;6.VENT.DUP;Ventosa Dupla;;;3079;22,19;21,41335;;26;0;26;2025-08-12 08:26:00-03:00;2026-05-11 13:21:03-03:00;576,94;
1;5.MULT.6MM.PT;Veda Fresta Multiuso | 11 x 6mm | Preto;;;1763;11,04;9,770399999999999;;0;0;0;2023-06-19 11:57:49-03:00;2025-05-13 15:18:58-03:00;0,0;
1;4.CAB.AD.GAT;Cabide Gato Preto;;;2174;2,2;1,8205000000000002;;0;0;0;2022-02-23 08:54:11-03:00;;0,0;
1;5.NUM.5.ESC;Número Residêncial | Escovado | 5;;;1677;7,36;5,796000000000001;;4;0;4;2023-05-03 11:52:25-03:00;2023-09-21 23:50:37-03:00;29,44;
1;5.VEDA.6MM.MR;Veda Fresta 6mm - 6 Metros | Marrom;;;2919;16,79;15,656674999999998;;0;0;0;2023-08-04 11:54:01-03:00;2025-05-19 14:57:59-03:00;0,0;
1;5.VEDA.2MM.PT;Veda Fresta 2mm - 6 Metros | Preto;;;2925;16,79;15,656674999999998;;0;0;0;2023-08-04 11:54:01-03:00;2025-11-10 14:36:16-03:00;0,0;
1;5.VEDA.4MM.PT;Veda Fresta 4mm - 6 Metros | Preto;;;2931;16,79;15,656674999999998;;0;0;0;2023-08-04 11:54:01-03:00;2025-05-27 10:27:38-03:00;0,0;
1;6.SUP.TV.30A75;"Suporte de TV Fixo | 30"" a 75""";;;3008;16,12;14,790099999999999;;2;0;2;2024-02-15 09:31:00-03:00;2026-04-27 16:11:48-03:00;32,24;
1;5.NUM.6.ESC;Número Residêncial | Escovado | 6;;;1761;7,36;5,796000000000001;;8;0;8;2023-05-03 11:52:25-03:00;;58,88;
1;6.ESC.CIRC;Escova de aço Circular | 125mm;;;1955;11,12;9,6466;;5;0;5;2023-05-10 09:26:00-03:00;2026-05-06 19:14:22-03:00;55,599999999999994;
1;4.CAB.LOS.VD;Cabide Losango Verde;;;2075;1,86;1,53915;;0;0;0;2022-02-23 08:54:11-03:00;;0,0;
1;1.TS.BR.50;Trilho Simples | Branco | 50cm;;;2926;5,9;4,64625;;0;0;0;2023-11-29 14:21:00-03:00;;0,0;
1;5.NUM.3.ESC;Número Residêncial | Escovado | 3;;;2936;7,36;5,796000000000001;;4;0;4;2023-05-03 11:52:25-03:00;2023-09-21 23:50:37-03:00;29,44;
1;1.MESA.90.40.BR;Mesa Retrátil Branca;;;2393;82,36;66,87631999999999;;0;0;0;2022-04-14 16:20:00-03:00;;0,0;
1;1.SUP.MIC.BR;Suporte Microondas Branco;;;2147;32,76;25,0614;;0;0;0;2022-04-14 16:20:00-03:00;;0,0;
1;4.CAB.AD.ELE;Cabide Elefante;;;2333;2,2;1,8205000000000002;;0;0;0;2022-02-23 08:54:11-03:00;;0,0;
1;4.PISO.25X25;PISO PRATICO 250x250mm;;;2482;6,0;4,665;;0;0;0;2022-02-23 08:54:33-03:00;;0,0;
1;5.NUM.7.ESC;Número Residêncial | Escovado | 7;;;2923;7,36;5,796000000000001;;4;0;4;2023-05-03 11:52:25-03:00;;29,44;
1;5.GAN.PT.QUAD;Gancho de Metal | Preto | Quadrado;;;2933;13,79;11,755975;;0;0;0;2023-02-27 12:11:41-03:00;2023-08-31 23:47:56-03:00;0,0;
1;5.MULT.2MM.PT;Veda Fresta Multiuso | 11 x 2mm | Preto;;;2952;6,86;6,0711;;0;0;0;2023-06-19 11:57:49-03:00;2023-10-26 15:33:50-03:00;0,0;
1;5.GAN.BR.QUAD;Gancho de Metal | Branco | Quadrado;;;1759;13,79;11,755975;;0;0;0;2023-02-27 12:11:41-03:00;2024-07-31 12:46:05-03:00;0,0;
1;5.TRAV.BOR.PT;Trava Porta De Borracha | Preto;;;1709;7,65;7,057125;;0;0;0;2022-04-27 17:19:17-03:00;;0,0;
1;5.MULT.4MM.PT;Veda Fresta Multiuso | 11 x 4mm | Preto;;;2953;8,58;7,5933;;0;0;0;2023-06-19 11:57:49-03:00;2024-07-31 11:47:50-03:00;0,0;
1;4.CAB.AD.GAT.PT;Cabide Gato Preto;;;2267;2,2;1,8205000000000002;;1200;0;1200;2022-02-23 08:54:11-03:00;2023-06-05 09:33:47-03:00;2640,0;
1;5.GAN.INX.RED;Gancho de Metal | Inox | Redondo;;;1762;13,79;11,755975;;0;0;0;2023-02-27 12:11:41-03:00;2023-08-11 10:03:16-03:00;0,0;
1;6.ENGATE.30;Engate Flexível | 30cm;;;2666;6,91;6,219;;30;0;30;2023-05-10 09:26:00-03:00;2025-04-27 12:31:04-03:00;207,3;
1;5.ROLIN.100.MR;Veda Porta | Rolinho | 100cm | Marrom;;;2950;14,87;11,710125;;12;0;12;2023-05-03 11:52:25-03:00;2026-05-02 15:04:13-03:00;178,44;
1;5.ROLIN.100.BR;Veda Porta | Rolinho | 100cm | Branco;;;2942;14,87;11,710125;;37;0;37;2023-05-03 11:52:25-03:00;2026-05-10 21:09:27-03:00;550,1899999999999;
1;5.NUM.1.ESC;Número Residêncial | Escovado | 1;;;2938;7,36;5,796000000000001;;0;0;0;2023-05-03 11:52:25-03:00;2023-10-27 09:42:42-03:00;0,0;
1;5.CAMP.SF.PT;Campainha Sem Fio - Preto;;;1836;60,11;58,00615;;0;0;0;2022-09-02 14:55:05-03:00;2023-09-08 10:36:52-03:00;0,0;
1;6.GRA.TAP.8;Grampo para Grampeador | 8mm;;;2986;1,64;1,5292999999999997;;0;0;0;2023-01-27 14:02:00-03:00;2023-09-22 09:53:24-03:00;0,0;
1;4.ROD.FIX.30.PT;Rodízio 30mm C/ Fixador - Preto ;;;2489;2,32;1,8385999999999998;;72;0;72;2023-08-11 08:01:44-03:00;2025-02-12 01:31:37-03:00;167,04;
1;5.VEDA.7MM.TS;Veda Fresta 7mm - 6 Metros | Transparente;;;2944;24,17;20,967475000000004;;0;0;0;2023-08-30 12:07:10-03:00;2025-05-13 07:18:19-03:00;0,0;
1;6.DISC.VELC.60.125;Disco de Lixa Velcro - 125mm | Grão 60;;;2974;0,38;0,32965;;740;0;740;2025-08-12 08:26:00-03:00;2026-05-03 19:18:08-03:00;281,2;
1;6.ESP.NVL.3;Espaçador Nivelador 3;;;2981;7,82;7,0771;;0;0;0;2022-03-14 10:30:00-03:00;;0,0;
1;4.ROD.FIX.38.PT;Rodízio 38mm C/ Fixador - Preto ;;;2481;2,76;2,1872999999999996;;100;0;100;2023-04-12 11:08:50-03:00;2023-09-11 13:23:13-03:00;276,0;
1;6.TS.BR.50;Trilho p/ Prateleira| Branco | 50cm;;;3130;3,78;3,52485;;300;0;300;2026-03-03 08:14:00-03:00;2026-05-13 10:27:51-03:00;1134,0;
1;4.ROD.FIX.30.CZ;Rodízio 30mm C/ Fixador - Cinza;;;2490;2,32;1,8385999999999998;;240;0;240;2023-08-11 08:01:44-03:00;2026-01-19 15:37:49-03:00;556,8;
1;6.DISC.FLAP.120.180;Disco Flap | 180mm | Grão 120;;;2980;5,7;4,94475;;430;0;430;2024-04-29 08:25:00-03:00;2026-05-11 12:01:11-03:00;2451,0;
1;4.CAB.AD.DOG.BR;Cabide Cachorro Branco;;;2345;2,2;1,8205000000000002;;0;0;0;2022-02-23 08:54:11-03:00;;0,0;
1;6.LA.PROF.25;Lâmina para Estilete 10Pçs - 25mm;;;2983;4,59;4,280175;;30;0;30;2024-11-27 10:17:00-03:00;2026-04-22 09:48:03-03:00;137,7;
1;16.BUCHA.PER.6;Bucha Perfix | 6mm;;;2328;0,02262;0,0171912;;0;0;0;;2026-03-18 21:59:23-03:00;0,0;
1;6.VENT;Ventosa Simples;;;2993;10,38;10,0167;;46;0;46;2024-06-06 09:03:00-03:00;2026-05-11 19:28:52-03:00;477,48;
1;6.DISC.MET.1.22.115;Diso de Corte | Metal | 115mm;;;3007;0,82;0,7113499999999998;;1025;0;1025;2024-01-25 10:28:00-03:00;2026-04-11 21:15:00-03:00;840,5;
1;6.ESTIL.TRAP.18;Estilete Trapezoidal c/ 5 Lâminas;;;1946;18,44;17,43502;;25;0;25;2024-02-19 13:14:00-03:00;2026-03-20 11:59:17-03:00;461,00000000000006;
1;10.MF.RET.34;Mão Francesa Retrátil - 340mm (34cm);;;2362;24,0;22,38;;0;0;0;2022-09-09 14:19:00-03:00;2023-09-11 19:20:46-03:00;0,0;
1;4.PCOND.AZ;Açucareiro Prático | Azul;;;2478;6,03;4,7787749999999996;;0;0;0;2025-04-08 08:14:21-03:00;2025-05-26 20:46:32-03:00;0,0;
1;4.ROD.FIX.30.BR;Rodízio 30mm C/ Fixador - Branco;;;2479;2,32;1,8385999999999998;;22;0;22;2023-08-11 08:01:44-03:00;2025-05-20 14:57:05-03:00;51,04;
1;42.TINT.PTF.350ML;Tinta Aerossol | Preto Fosco | 350ml;;;1886;9,77;7,4252;;17;0;17;2023-06-26 19:52:00-03:00;2026-05-11 01:14:56-03:00;166,09;
1;5.VEDA.4MM.MRC;Veda Fresta 4mm - 6 Metros | Marrom Claro;;;2921;16,79;15,656674999999998;;0;0;0;2023-08-04 11:54:01-03:00;2023-10-02 20:52:06-03:00;0,0;
1;6.DISC.FLAP.60.115;Disco de Lixa Flap - 115mm | Grão 60;;;1968;2,49;2,1600750000000004;;529;0;529;2026-01-29 10:05:00-03:00;2026-05-12 17:55:13-03:00;1317,21;
1;6.SACA.6;"Saca Polia | 3 Garras | 6""";;;2820;25,5;23,44725;;49;0;49;2024-01-22 13:25:00-03:00;2026-02-25 19:45:24-03:00;1249,5;
1;6.DISC.FLAP.80.180;Disco Flap | 180mm | Grão 80;;;2020;6,16;5,3438;;144;0;144;2025-09-12 11:22:00-03:00;2026-05-07 22:26:14-03:00;887,04;
1;6.PNEU.CARR;Pneu Para Carrinho De Mao 3,25 X 8 - Fertak 5901;;;2801;13,61;13,13365;;287;0;287;2025-04-04 08:11:00-03:00;2026-05-13 11:09:28-03:00;3906,0699999999997;
1;6.DISC.40D;Disco de Serra Circular 20x110 - 40 Dentes;;;2691;7,71;7,151025000000001;;0;0;0;2022-03-14 10:30:00-03:00;;0,0;
1;42.TOALH.MAG.43CM;Toalha Mágica | 640 x 430mm;;;1599;16,95;12,331125;;174;0;174;2026-02-27 15:22:07-03:00;2026-05-10 19:34:02-03:00;2949,2999999999997;
1;6.DISC.VELC.150.125;Disco de Lixa Velcro - 125mm | Grão 150;;;2626;0,36;0,31229999999999997;;2290;0;2290;2024-07-19 08:48:00-03:00;2026-04-17 20:07:51-03:00;824,4;
1;42.DUPLA.EXT.12MM.2M;Fita Dupla Face | Externa | 12mm x 2m;;;1592;8,24;5,9946;;20;0;20;2023-06-26 19:52:00-03:00;;164,8;
1;6.DISC.INOX.1.22.115;Disco de Corte Inox| 115 X 1.2;;;2029;0,91;0,789425;;34;0;34;2024-10-23 08:24:00-03:00;2023-10-20 15:00:13-03:00;30,94;
1;42.AD.MOV.100G;Adesivo Instantâneo | Moveleiro | 100g;;;1589;10,8;7,857000000000001;;391;0;391;2024-11-28 21:51:00-03:00;2026-04-25 16:14:31-03:00;4222,8;
1;6.CAM.CARR;Camera de Carrinho de Mão;;;2755;6,73;6,494450000000001;;139;0;139;2025-06-30 08:19:00-03:00;2026-05-01 02:18:20-03:00;935,47;
1;42.DUPLA.EXT.19MM.2M;Fita Dupla Face | Externa | 19mm x 2m;;;1884;11,84;8,6136;;2;0;2;2023-06-26 19:52:00-03:00;2025-05-13 10:04:33-03:00;23,68;
1;6.DISC.FLAP.50.115;Disco de Lixa Flap - 115mm | Grão 50;;;2898;2,57;2,229475;;96;0;96;2025-02-24 07:50:00-03:00;2026-03-19 05:37:52-03:00;246,71999999999997;
1;6.GRAM.PRO;Grampeador | PRO | 3 em 1 | 14mm;;;2977;22,41;20,605995;;20;0;20;2024-12-12 10:52:00-03:00;2023-10-27 09:42:18-03:00;448,2;
1;6.ESQ.30;Esquadro 12 Polegadas - 30cm;;;2673;4,22;4,072299999999999;;0;0;0;2023-07-25 14:01:00-03:00;2023-10-26 17:35:57-03:00;0,0;
1;37.CAD.CR;Cadeado | Segredo | 25mm | Cromado;;;1584;9,79;7,709624999999999;;0;0;0;2025-02-12 05:45:00-03:00;2025-05-27 10:51:03-03:00;0,0;
1;6.ESP.CRUZ.1;Espaçador Piso Cruzeta 1;;;2689;1,07;0,96835;;0;0;0;2022-03-14 10:30:00-03:00;;0,0;
1;6.REG.MAQ;Registro Maquina de Lavar | 1/2 x 3/4;;;2675;9,04;7,8422;;0;0;0;2023-09-18 14:43:00-03:00;2023-10-27 07:15:56-03:00;0,0;
1;6.DISC.72D;Disco de Serra Circular 20x110 - 72 Dentes;;;2753;4,72;4,3778;;0;0;0;2022-03-14 10:30:00-03:00;;0,0;
1;6.MAND.APR.10;Mandril Aperto Rápido 10mm | 3/8;;;2721;12,19;11,208704999999998;;0;0;0;2022-08-03 09:48:00-03:00;2023-09-12 13:18:11-03:00;0,0;
1;6.FLAP.CON.80.115;Disco de Lixa Flap Cônico 115mm | Grão 80;;;2697;2,67;2,316225;;210;30;180;2026-01-27 08:38:00-03:00;2026-02-06 19:22:45-03:00;560,6999999999999;
1;6.JG.BROC.16PC;Jogo de Brocas | 16 Peças;;;2987;15,44;14,197080000000001;;0;0;0;2023-05-08 09:06:00-03:00;2023-10-18 15:01:48-03:00;0,0;
1;6.JG.SOQ.22PCS;Jogo Soquete 1/2 | 22 Peças;;;2992;132,12;121,48434;;0;0;0;2023-02-15 09:48:00-03:00;2023-04-06 11:02:46-03:00;0,0;
1;6.DISC.FLAP.120.115;Disco de Lixa Flap - 115mm | Grão 120;;;2978;2,49;2,1600750000000004;;122;0;122;2025-09-12 11:22:00-03:00;2026-05-11 15:00:23-03:00;303,78000000000003;
1;6.CHVL.TRQ.9;Chave Longa Torque | 9 PÇS;;;1966;15,87;14,592464999999999;;2;0;2;2022-08-09 08:35:00-03:00;2025-02-19 18:57:34-03:00;31,74;
1;30.ROD.PIN.CR.GEL;Rodízio SQ91 | HGA (Com Pino) | Cromado em Gel;;;2748;13,17;10,0092;;0;0;0;2022-06-15 11:05:55-03:00;;0,0;
1;16.BUCHA.C.8;Bucha Comum | 8mm;;;3016;0,01417;0,0107692;;60000;0;60000;;2026-05-05 19:04:32-03:00;850,2;
1;11.BROC.MAD.7;Broca para Madeira | 7mm;;;2237;0,78;0,60801;;0;0;0;2022-09-14 13:54:47-03:00;2025-05-22 17:28:56-03:00;0,0;
1;6.EST.RASP;Estilete Raspador | 145mm;;;2682;3,66;3,4605300000000008;;115;0;115;2024-08-02 10:01:00-03:00;2026-05-12 12:04:18-03:00;420,90000000000003;
1;5.VEDA.4MM.BR;Veda Fresta 4mm - 6 Metros | Branco;;;2937;16,79;15,656674999999998;;0;0;0;2023-08-04 11:54:07-03:00;2026-01-27 08:41:11-03:00;0,0;
1;42.HOT.BR.2.3KG;Cola Hot Melt | Branca | 2,3kg;;;1632;90,94;66,15884999999999;;0;0;0;2024-10-22 16:22:00-03:00;;0,0;
1;6.SACA.10;"Saca Polia | 3 Garras | 10""";;;3001;58,05;53,376974999999995;;0;0;0;2024-01-22 13:25:00-03:00;2026-01-25 14:21:18-03:00;0,0;
1;42.ADES.793.20G;Adesivo Instantâneo | 793 | 20g;;;2396;6,07;4,4159250000000005;;0;0;0;2025-09-26 09:11:05-03:00;2026-03-25 08:41:47-03:00;0,0;
1;6.MART.BORR.40;Marreta de Borracha - 40mm;;;2985;4,84;4,7649799999999995;;1;0;1;2025-02-24 07:50:00-03:00;2026-05-12 07:17:10-03:00;4,84;
1;8.DOBR.4.BR;Dobradiça Vai e Vem | 4 Polegadas | Branca;;;1894;40,21;29,252775;;0;0;0;2024-01-16 11:06:20-03:00;2023-10-13 07:42:33-03:00;0,0;
1;30.ROD.GAME.VD;Rodízio Gamer | SQ55 | HGA | Verde;;;2424;9,05;6,878000000000001;;67;0;67;2024-07-29 08:32:00-03:00;2026-05-13 23:58:13-03:00;606,35;
1;42.ESP.MAG.3PC;Esponja Mágica | 03 Peças;;;1890;12,04;9,5417;;347;0;347;2025-12-10 20:42:19-03:00;2026-05-14 01:05:11-03:00;4177,88;
1;6.MANG.120;Mangueira Flexível | 120cm;;;2994;7,3;6,57;;0;0;0;2023-05-10 09:26:00-03:00;;0,0;
1;6.FORMAO;Formão - KIT 4 Peças ;;;1957;26,24;24,127679999999994;;25;0;25;2024-11-27 10:17:00-03:00;2026-03-02 17:31:08-03:00;656,0;
1;16.BUCHA.C.6;Bucha Comum| 6mm;;;3096;0,00807;0,006133200000000001;;0;0;0;;2025-05-27 08:27:23-03:00;0,0;
1;23.FEC.DIG.PT.120;Fechadura Digital YDD 120 | Preta | Com Senha;;;1819;544,18;395,89095;;0;0;0;2024-08-12 16:16:56-03:00;2026-01-24 14:56:34-03:00;0,0;
1;42.GOTA.GG.6PC;Bumper Gota | GG | 6 Peças;;;2563;9,4;8,2485;;0;0;0;2023-06-26 19:52:00-03:00;2025-04-28 08:29:33-03:00;0,0;
1;6.BOIA.15A;Boia Elétrica de Nível - 15A;;;2617;15,67;13,593725000000001;;0;0;0;2024-08-28 08:00:00-03:00;2025-04-17 14:41:29-03:00;0,0;
1;10.BARRA.INX;Barra de Inox | Cabideiro;;;2365;36,0;33,57;;0;0;0;2022-07-13 14:01:00-03:00;2023-01-24 08:01:38-03:00;0,0;
1;42.DUPLA.INT.12MM.2M;Fita Dupla Face |Interna | 12mm x 2m;;;1826;7,88;5,7326999999999995;;0;0;0;2024-01-22 21:33:00-03:00;2025-02-27 08:25:24-03:00;0,0;
1;42.DUPLA.INT.19MM.20M;Fita Dupla Face |Interna | 19mm x 20m;;;2588;46,84;34,0761;;0;0;0;2023-06-26 19:52:00-03:00;;0,0;
1;42.TINT.BRF.350ML;Tinta Aerossol | Branco Fosco | 350ml;;;1827;9,77;7,4252;;18;0;18;2023-06-26 19:52:00-03:00;;175,85999999999999;
1;42.GOTA.M.15PC;Bumper Gota | M | 15 Peças;;;2569;8,07;7,081424999999999;;0;0;0;2023-06-26 19:52:00-03:00;2025-05-17 12:39:42-03:00;0,0;
1;42.GAN.BR.M;Gancho Ambar Branco | M ;;;1924;8,62;6,5512;;0;0;0;2023-06-26 19:52:00-03:00;2023-10-14 23:23:49-03:00;0,0;
1;48.TUC.PP.CR;Suporte Tucano | PP | Cromado;;;1796;3,4;2,6775;;72;0;72;2024-05-07 10:22:24-03:00;2025-05-16 10:41:10-03:00;244,79999999999998;
1;42.GOTA.G.10PC;Bumper Gota | G | 10 Peças;;;1919;7,68;6,7392;;0;0;0;2023-06-26 19:52:00-03:00;;0,0;
1;11.BROC.MAD.5;Broca para Madeira | 5mm;;;2230;0,56;0,43652;;10;0;10;2022-10-19 11:39:34-03:00;2026-05-11 14:30:11-03:00;5,6000000000000005;
1;42.DESING.300ML;Desingripante Tekspray | 300ml;;;1583;8,19;5,958225;;0;0;0;2023-06-26 19:52:00-03:00;2023-08-20 13:55:10-03:00;0,0;
1;48.TUC.M.CR;Suporte Tucano | Médio | Cromado;;;1805;5,5;4,33125;;0;0;0;2024-05-07 10:22:24-03:00;2024-08-01 10:26:39-03:00;0,0;
1;42.DUPLA.INT.19MM.2M;Fita Dupla Face |Interna | 19mm x 2m;;;1612;11,29;8,213474999999999;;0;0;0;2023-06-26 19:52:00-03:00;;0,0;
1;44.VEDA.E.PT;Veda Fresta | Modelo E | Preto;;;1611;14,9;10,839749999999999;;16;0;16;2023-08-22 16:09:00-03:00;;238,4;
1;42.FITA.ISOL.5M;Fita Isolante | 5m;;;1628;1,09;0,956475;;0;0;0;2023-06-26 19:52:00-03:00;;0,0;
1;42.FITA.25MM.1M;Fita de Autofusão | 25mm x 1m;;;2564;13,6;11,22;;0;0;0;2023-08-26 14:27:00-03:00;;0,0;
1;42.GAN.RET.G;Gancho Topazio | Plástico | G;;;2247;9,07;6,8932;;2;0;2;2023-06-26 19:52:00-03:00;2025-04-04 08:51:27-03:00;18,14;
1;6.ESTIL.PROF.25;Estilete Profissional 25mm C/ 1 Lâmina;;;2970;6,35;6,003925000000001;;65;0;65;2024-11-27 10:17:00-03:00;2026-05-12 07:17:10-03:00;412,75;
1;42.BUMP.QUAD.M.12PC;Bumper Quadrado | M | 12 Peças;;;2091;9,58;7,903499999999999;;0;0;0;2023-11-28 23:29:00-03:00;2023-08-29 10:38:19-03:00;0,0;
1;11.BROC.MAD.4;Broca para Madeira | 4mm;;;2228;0,47;0,366365;;2;0;2;2022-10-19 11:39:34-03:00;2023-10-24 13:42:38-03:00;0,94;
1;42.DUPLA.INT.12MM.20M;Fita Dupla Face |Interna | 12mm x 20m;;;2583;33,88;24,647700000000004;;0;0;0;2023-06-26 19:52:00-03:00;2023-10-26 02:34:43-03:00;0,0;
1;42.GAN.BR.G;Gancho Ambar Branco | G;;;1965;14,15;10,754;;0;0;0;2023-06-26 19:52:00-03:00;;0,0;
